[0.000000] (-) TimerEvent: {}
[0.000386] (pico_kinova) JobQueued: {'identifier': 'pico_kinova', 'dependencies': OrderedDict()}
[0.000557] (pico_kinova) JobStarted: {'identifier': 'pico_kinova'}
[0.012171] (pico_kinova) JobProgress: {'identifier': 'pico_kinova', 'progress': 'cmake'}
[0.012667] (pico_kinova) JobProgress: {'identifier': 'pico_kinova', 'progress': 'build'}
[0.013425] (pico_kinova) Command: {'cmd': ['/usr/bin/cmake', '--build', '/home/rpp/Desktop/pico_kinova/pico_kinova/build/pico_kinova', '--', '-j24', '-l24'], 'cwd': '/home/rpp/Desktop/pico_kinova/pico_kinova/build/pico_kinova', 'env': OrderedDict([('LESSOPEN', '| /usr/bin/lesspipe %s'), ('PYTHONWARNINGS', 'ignore:setup.py install is deprecated'), ('CONDA_PROMPT_MODIFIER', '(base)'), ('LANGUAGE', 'zh_CN:en_US:en'), ('USER', 'rpp'), ('LC_TIME', 'zh_CN.UTF-8'), ('XDG_SESSION_TYPE', 'x11'), ('GIT_ASKPASS', '/usr/share/code/resources/app/extensions/git/dist/askpass.sh'), ('SHLVL', '2'), ('LD_LIBRARY_PATH', '/home/rpp/Desktop/pico_kinova/pico_kinova/install/pico_kinova/lib:/home/rpp/3rdparty//TensorRT-10.9.0.34/lib:/usr/local/cuda-12.8/lib64:/usr/local/lib/:/home/rpp/3rdparty//TensorRT-10.9.0.34/lib:/usr/local/cuda-12.8/lib64:/home/rpp/rpp_ws/install/xf_voice/lib:/home/rpp/rpp_ws/install/xf_voice_msgs/lib:/home/rpp/rpp_ws/install/wheeltec_mic_ros2/lib:/home/rpp/rpp_ws/install/wheeltec_mic_msg/lib:/home/rpp/rpp_ws/install/slam_toolbox/lib:/home/rpp/rpp_ws/install/serial/lib:/home/rpp/rpp_ws/install/rpp_msgs/lib:/home/rpp/rpp_ws/install/rpp_driver/lib:/home/rpp/rpp_ws/install/pico_kinova/lib:/home/rpp/rpp_ws/install/nav2_smoother/lib:/home/rpp/rpp_ws/install/nav2_graceful_controller/lib:/home/rpp/rpp_ws/install/nav2_controller/lib:/home/rpp/rpp_ws/install/dwb_plugins/lib:/home/rpp/rpp_ws/install/dwb_critics/lib:/home/rpp/rpp_ws/install/dwb_core/lib:/home/rpp/rpp_ws/install/nav_2d_utils/lib:/home/rpp/rpp_ws/install/dwb_msgs/lib:/home/rpp/rpp_ws/install/nav_2d_msgs/lib:/home/rpp/rpp_ws/install/nav2_waypoint_follower/lib:/home/rpp/rpp_ws/install/nav2_theta_star_planner/lib:/home/rpp/rpp_ws/install/nav2_smac_planner/lib:/home/rpp/rpp_ws/install/nav2_rotation_shim_controller/lib:/home/rpp/rpp_ws/install/nav2_regulated_pure_pursuit_controller/lib:/home/rpp/rpp_ws/install/nav2_planner/lib:/home/rpp/rpp_ws/install/nav2_navfn_planner/lib:/home/rpp/rpp_ws/install/nav2_mppi_controller/lib:/home/rpp/rpp_ws/install/nav2_constrained_smoother/lib:/home/rpp/rpp_ws/install/nav2_bt_navigator/lib:/home/rpp/rpp_ws/install/nav2_behaviors/lib:/home/rpp/rpp_ws/install/improved_dwa_planner/lib:/home/rpp/rpp_ws/install/nav2_collision_monitor/lib:/home/rpp/rpp_ws/install/costmap_queue/lib:/home/rpp/rpp_ws/install/nav2_costmap_2d/lib:/home/rpp/rpp_ws/install/nav2_voxel_grid/lib:/home/rpp/rpp_ws/install/nav2_velocity_smoother/lib:/home/rpp/rpp_ws/install/nav2_rviz_plugins/lib:/home/rpp/rpp_ws/install/nav2_map_server/lib:/home/rpp/rpp_ws/install/nav2_lifecycle_manager/lib:/home/rpp/rpp_ws/install/nav2_behavior_tree/lib:/home/rpp/rpp_ws/install/nav2_amcl/lib:/home/rpp/rpp_ws/install/nav2_util/lib:/home/rpp/rpp_ws/install/nav2_msgs/lib:/home/rpp/rpp_ws/install/motor_pitch_sdk/lib:/home/rpp/rpp_ws/install/motor_lift_sdk/lib:/home/rpp/rpp_ws/install/livox_ros_driver2/lib:/home/rpp/rpp_ws/install/kortex_driver/lib:/home/rpp/rpp_ws/install/ira_laser_tools/lib:/home/rpp/rpp_ws/install/interface/lib:/usr/lib/x86_64-linux-gnu/gazebo-11/plugins:/opt/ros/humble/opt/rviz_ogre_vendor/lib:/opt/ros/humble/lib/x86_64-linux-gnu:/opt/ros/humble/opt/openvdb_vendor/lib:/opt/ros/humble/lib:/usr/local/lib/::/home/rpp/.mujoco/mujoco-3.3.6/bin:/usr/lib/nvidia:/opt/apps/roboticsservice/SDK/x64:/home/rpp/.mujoco/mujoco-3.3.6/bin:/usr/lib/nvidia:/opt/apps/roboticsservice/SDK/x64'), ('CONDA_BACKUP_QT_XCB_GL_INTEGRATION', ''), ('HOME', '/home/rpp'), ('CHROME_DESKTOP', 'code.desktop'), ('CONDA_SHLVL', '1'), ('TERM_PROGRAM_VERSION', '1.103.2'), ('DESKTOP_SESSION', 'ubuntu'), ('ROS_PYTHON_VERSION', '3'), ('GNOME_SHELL_SESSION_MODE', 'ubuntu'), ('GTK_MODULES', 'gail:atk-bridge'), ('VSCODE_GIT_ASKPASS_MAIN', '/usr/share/code/resources/app/extensions/git/dist/askpass-main.js'), ('LC_MONETARY', 'zh_CN.UTF-8'), ('VSCODE_GIT_ASKPASS_NODE', '/usr/share/code/code'), ('DBUS_STARTER_BUS_TYPE', 'session'), ('SYSTEMD_EXEC_PID', '2000'), ('ROS_LOG_DIR', '/home/rpp/rpp_logs'), ('DBUS_SESSION_BUS_ADDRESS', 'unix:path=/run/user/1000/bus,guid=6b674c94cdf0d3c29da282ea68f19bdb'), ('COLORTERM', 'truecolor'), ('_colcon_cd_root', '/opt/ros/humble'), ('MANDATORY_PATH', '/usr/share/gconf/ubuntu.mandatory.path'), ('IM_CONFIG_PHASE', '1'), ('COLCON_PREFIX_PATH', '/home/rpp/Desktop/pico_kinova/pico_kinova/install:/home/rpp/rpp_ws/install'), ('ROS_DISTRO', 'humble'), ('GTK_IM_MODULE', 'fcitx'), ('LOGNAME', 'rpp'), ('_', '/usr/bin/colcon'), ('ROS_VERSION', '2'), ('PKG_CONFIG_PATH', '/home/rpp/rpp_ws/install/rpp_driver/lib/x86_64-linux-gnu/pkgconfig:/home/rpp/rpp_ws/install/rpp_driver/lib/pkgconfig:/home/rpp/rpp_ws/install/motor_pitch_sdk/lib/x86_64-linux-gnu/pkgconfig:/home/rpp/rpp_ws/install/motor_pitch_sdk/lib/pkgconfig:/home/rpp/rpp_ws/install/motor_lift_sdk/lib/x86_64-linux-gnu/pkgconfig:/home/rpp/rpp_ws/install/motor_lift_sdk/lib/pkgconfig'), ('XDG_SESSION_CLASS', 'user'), ('DEFAULTS_PATH', '/usr/share/gconf/ubuntu.default.path'), ('USERNAME', 'rpp'), ('TERM', 'xterm-256color'), ('GNOME_DESKTOP_SESSION_ID', 'this-is-deprecated'), ('ROS_LOCALHOST_ONLY', '1'), ('WINDOWPATH', '2'), ('PATH', '/usr/local/cuda-12.8/bin:/home/rpp/rpp_tools/rpp_easy_tools/gen_bin:/home/rpp/anaconda3/bin:/home/rpp/anaconda3/condabin:/usr/local/cuda-12.8/bin:/home/rpp/rpp_ws/install/rpp_driver/bin:/home/rpp/rpp_ws/install/motor_pitch_sdk/bin:/home/rpp/rpp_ws/install/motor_lift_sdk/bin:/opt/ros/humble/bin:/home/rpp/rpp_tools/rpp_easy_tools/gen_bin:/home/rpp/.local/bin:/usr/local/sbin:/usr/local/bin:/usr/sbin:/usr/bin:/sbin:/bin:/usr/games:/usr/local/games:/snap/bin:/snap/bin'), ('SESSION_MANAGER', 'local/rpp-Default-string:@/tmp/.ICE-unix/2000,unix/rpp-Default-string:/tmp/.ICE-unix/2000'), ('PAPERSIZE', 'a4'), ('XDG_MENU_PREFIX', 'gnome-'), ('LC_ADDRESS', 'zh_CN.UTF-8'), ('GNOME_TERMINAL_SCREEN', '/org/gnome/Terminal/screen/183a53ae_54d5_4d42_8bc5_b0ed6edd45c8'), ('XDG_RUNTIME_DIR', '/run/user/1000'), ('GDK_BACKEND', 'x11'), ('DISPLAY', ':0'), ('LANG', 'zh_CN.UTF-8'), ('XDG_CURRENT_DESKTOP', 'Unity'), ('LC_TELEPHONE', 'zh_CN.UTF-8'), ('XMODIFIERS', '@im=fcitx'), ('XDG_SESSION_DESKTOP', 'ubuntu'), ('XAUTHORITY', '/run/user/1000/gdm/Xauthority'), ('LS_COLORS', 'rs=0:di=01;34:ln=01;36:mh=00:pi=40;33:so=01;35:do=01;35:bd=40;33;01:cd=40;33;01:or=40;31;01:mi=00:su=37;41:sg=30;43:ca=30;41:tw=30;42:ow=34;42:st=37;44:ex=01;32:*.tar=01;31:*.tgz=01;31:*.arc=01;31:*.arj=01;31:*.taz=01;31:*.lha=01;31:*.lz4=01;31:*.lzh=01;31:*.lzma=01;31:*.tlz=01;31:*.txz=01;31:*.tzo=01;31:*.t7z=01;31:*.zip=01;31:*.z=01;31:*.dz=01;31:*.gz=01;31:*.lrz=01;31:*.lz=01;31:*.lzo=01;31:*.xz=01;31:*.zst=01;31:*.tzst=01;31:*.bz2=01;31:*.bz=01;31:*.tbz=01;31:*.tbz2=01;31:*.tz=01;31:*.deb=01;31:*.rpm=01;31:*.jar=01;31:*.war=01;31:*.ear=01;31:*.sar=01;31:*.rar=01;31:*.alz=01;31:*.ace=01;31:*.zoo=01;31:*.cpio=01;31:*.7z=01;31:*.rz=01;31:*.cab=01;31:*.wim=01;31:*.swm=01;31:*.dwm=01;31:*.esd=01;31:*.jpg=01;35:*.jpeg=01;35:*.mjpg=01;35:*.mjpeg=01;35:*.gif=01;35:*.bmp=01;35:*.pbm=01;35:*.pgm=01;35:*.ppm=01;35:*.tga=01;35:*.xbm=01;35:*.xpm=01;35:*.tif=01;35:*.tiff=01;35:*.png=01;35:*.svg=01;35:*.svgz=01;35:*.mng=01;35:*.pcx=01;35:*.mov=01;35:*.mpg=01;35:*.mpeg=01;35:*.m2v=01;35:*.mkv=01;35:*.webm=01;35:*.webp=01;35:*.ogm=01;35:*.mp4=01;35:*.m4v=01;35:*.mp4v=01;35:*.vob=01;35:*.qt=01;35:*.nuv=01;35:*.wmv=01;35:*.asf=01;35:*.rm=01;35:*.rmvb=01;35:*.flc=01;35:*.avi=01;35:*.fli=01;35:*.flv=01;35:*.gl=01;35:*.dl=01;35:*.xcf=01;35:*.xwd=01;35:*.yuv=01;35:*.cgm=01;35:*.emf=01;35:*.ogv=01;35:*.ogx=01;35:*.aac=00;36:*.au=00;36:*.flac=00;36:*.m4a=00;36:*.mid=00;36:*.midi=00;36:*.mka=00;36:*.mp3=00;36:*.mpc=00;36:*.ogg=00;36:*.ra=00;36:*.wav=00;36:*.oga=00;36:*.opus=00;36:*.spx=00;36:*.xspf=00;36:'), ('QT_XCB_GL_INTEGRATION', 'none'), ('VSCODE_GIT_IPC_HANDLE', '/run/user/1000/vscode-git-df44507d44.sock'), ('GNOME_TERMINAL_SERVICE', ':1.116'), ('TERM_PROGRAM', 'vscode'), ('SSH_AGENT_LAUNCHER', 'gnome-keyring'), ('SSH_AUTH_SOCK', '/run/user/1000/keyring/ssh'), ('GSETTINGS_SCHEMA_DIR', '/home/rpp/anaconda3/share/glib-2.0/schemas'), ('ROS_DOMAIN_ID', '0'), ('AMENT_PREFIX_PATH', '/home/rpp/Desktop/pico_kinova/pico_kinova/install/pico_kinova:/home/rpp/rpp_ws/install/xf_voice:/home/rpp/rpp_ws/install/xf_voice_msgs:/home/rpp/rpp_ws/install/wheeltec_mic_ros2:/home/rpp/rpp_ws/install/wheeltec_mic_msg:/home/rpp/rpp_ws/install/teleop_init_202510:/home/rpp/rpp_ws/install/nav2_system_tests:/home/rpp/rpp_ws/install/nav2_bringup:/home/rpp/rpp_ws/install/slam_toolbox:/home/rpp/rpp_ws/install/slam_3d:/home/rpp/rpp_ws/install/slam_2d:/home/rpp/rpp_ws/install/setting_info:/home/rpp/rpp_ws/install/serial:/home/rpp/rpp_ws/install/rpp_ros_driver:/home/rpp/rpp_ws/install/rpp_msgs:/home/rpp/rpp_ws/install/robot_bringup:/home/rpp/rpp_ws/install/pymoveit2:/home/rpp/rpp_ws/install/pico_kinova:/home/rpp/rpp_ws/install/pgo:/home/rpp/rpp_ws/install/navigation_2d:/home/rpp/rpp_ws/install/navigation2:/home/rpp/rpp_ws/install/nav2_smoother:/home/rpp/rpp_ws/install/nav2_graceful_controller:/home/rpp/rpp_ws/install/nav2_dwb_controller:/home/rpp/rpp_ws/install/nav2_controller:/home/rpp/rpp_ws/install/dwb_plugins:/home/rpp/rpp_ws/install/dwb_critics:/home/rpp/rpp_ws/install/dwb_core:/home/rpp/rpp_ws/install/nav_2d_utils:/home/rpp/rpp_ws/install/dwb_msgs:/home/rpp/rpp_ws/install/nav_2d_msgs:/home/rpp/rpp_ws/install/nav2_waypoint_follower:/home/rpp/rpp_ws/install/nav2_theta_star_planner:/home/rpp/rpp_ws/install/nav2_smac_planner:/home/rpp/rpp_ws/install/nav2_rotation_shim_controller:/home/rpp/rpp_ws/install/nav2_regulated_pure_pursuit_controller:/home/rpp/rpp_ws/install/nav2_planner:/home/rpp/rpp_ws/install/nav2_navfn_planner:/home/rpp/rpp_ws/install/nav2_mppi_controller:/home/rpp/rpp_ws/install/nav2_constrained_smoother:/home/rpp/rpp_ws/install/nav2_bt_navigator:/home/rpp/rpp_ws/install/nav2_behaviors:/home/rpp/rpp_ws/install/improved_dwa_planner:/home/rpp/rpp_ws/install/nav2_core:/home/rpp/rpp_ws/install/nav2_collision_monitor:/home/rpp/rpp_ws/install/costmap_queue:/home/rpp/rpp_ws/install/nav2_costmap_2d:/home/rpp/rpp_ws/install/nav2_voxel_grid:/home/rpp/rpp_ws/install/nav2_velocity_smoother:/home/rpp/rpp_ws/install/nav2_rviz_plugins:/home/rpp/rpp_ws/install/nav2_map_server:/home/rpp/rpp_ws/install/nav2_lifecycle_manager:/home/rpp/rpp_ws/install/nav2_behavior_tree:/home/rpp/rpp_ws/install/nav2_amcl:/home/rpp/rpp_ws/install/nav2_util:/home/rpp/rpp_ws/install/nav2_simple_commander:/home/rpp/rpp_ws/install/nav2_msgs:/home/rpp/rpp_ws/install/nav2_common:/home/rpp/rpp_ws/install/my_moveit_control:/home/rpp/rpp_ws/install/moveit_control:/home/rpp/rpp_ws/install/moveit2_control_demo:/home/rpp/rpp_ws/install/motor_pitch_ros:/home/rpp/rpp_ws/install/motor_lift_ros:/home/rpp/rpp_ws/install/localizer:/home/rpp/rpp_ws/install/lidar_clipping:/home/rpp/rpp_ws/install/fastlio2:/home/rpp/rpp_ws/install/livox_ros_driver2:/home/rpp/rpp_ws/install/gui_control:/home/rpp/rpp_ws/install/graphic_display:/home/rpp/rpp_ws/install/linker_hand_ros2_sdk:/home/rpp/rpp_ws/install/lakibeam1:/home/rpp/rpp_ws/install/kortex_bringup:/home/rpp/rpp_ws/install/kortex_driver:/home/rpp/rpp_ws/install/kinova_gen3_lite_moveit_config:/home/rpp/rpp_ws/install/kinova_gen3_7dof_robotiq_2f_85_moveit_config:/home/rpp/rpp_ws/install/kinova_gen3_6dof_robotiq_2f_85_moveit_config:/home/rpp/rpp_ws/install/kortex_description:/home/rpp/rpp_ws/install/kortex_api:/home/rpp/rpp_ws/install/ira_laser_tools:/home/rpp/rpp_ws/install/hba:/home/rpp/rpp_ws/install/interface:/home/rpp/rpp_ws/install/ea200_moveit_config:/home/rpp/rpp_ws/install/ea200_description:/home/rpp/rpp_ws/install/dual_arm_cartesian_control:/home/rpp/rpp_ws/install/dual_arm_bt_control:/home/rpp/rpp_ws/install/cr100_description:/home/rpp/rpp_ws/install/bt_task_manager_ros2:/opt/ros/humble'), ('CONDA_PYTHON_EXE', '/home/rpp/anaconda3/bin/python'), ('ORIGINAL_XDG_CURRENT_DESKTOP', 'ubuntu:GNOME'), ('SHELL', '/bin/bash'), ('LC_NAME', 'zh_CN.UTF-8'), ('QT_ACCESSIBILITY', '1'), ('GDMSESSION', 'ubuntu'), ('LESSCLOSE', '/usr/bin/lesspipe %s %s'), ('CONDA_DEFAULT_ENV', 'base'), ('LC_MEASUREMENT', 'zh_CN.UTF-8'), ('GPG_AGENT_INFO', '/run/user/1000/gnupg/S.gpg-agent:0:1'), ('LC_IDENTIFICATION', 'zh_CN.UTF-8'), ('VSCODE_GIT_ASKPASS_EXTRA_ARGS', ''), ('QT_IM_MODULE', 'fcitx'), ('PWD', '/home/rpp/Desktop/pico_kinova/pico_kinova/build/pico_kinova'), ('LC_ALL', 'en_US.UTF-8'), ('XDG_CONFIG_DIRS', '/etc/xdg/xdg-ubuntu:/etc/xdg'), ('CONDA_EXE', '/home/rpp/anaconda3/bin/conda'), ('CLUTTER_IM_MODULE', 'fcitx'), ('DBUS_STARTER_ADDRESS', 'unix:path=/run/user/1000/bus,guid=6b674c94cdf0d3c29da282ea68f19bdb'), ('XDG_DATA_DIRS', '/usr/share/ubuntu:/usr/share/gnome:/usr/local/share/:/usr/share/:/var/lib/snapd/desktop'), ('PYTHONPATH', '/home/rpp/rpp_ws/install/xf_voice_msgs/local/lib/python3.10/dist-packages:/home/rpp/rpp_ws/install/wheeltec_mic_msg/local/lib/python3.10/dist-packages:/home/rpp/rpp_ws/install/teleop_init_202510/lib/python3.10/site-packages:/home/rpp/rpp_ws/install/slam_toolbox/local/lib/python3.10/dist-packages:/home/rpp/rpp_ws/install/setting_info/lib/python3.10/site-packages:/home/rpp/rpp_ws/install/rpp_msgs/local/lib/python3.10/dist-packages:/home/rpp/rpp_ws/install/pymoveit2/local/lib/python3.10/dist-packages:/home/rpp/rpp_ws/install/dwb_msgs/local/lib/python3.10/dist-packages:/home/rpp/rpp_ws/install/nav_2d_msgs/local/lib/python3.10/dist-packages:/home/rpp/rpp_ws/install/nav2_simple_commander/lib/python3.10/site-packages:/home/rpp/rpp_ws/install/nav2_msgs/local/lib/python3.10/dist-packages:/home/rpp/rpp_ws/install/nav2_common/local/lib/python3.10/dist-packages:/home/rpp/rpp_ws/build/my_moveit_control:/home/rpp/rpp_ws/install/my_moveit_control/lib/python3.10/site-packages:/home/rpp/rpp_ws/build/moveit_control:/home/rpp/rpp_ws/install/moveit_control/lib/python3.10/site-packages:/home/rpp/rpp_ws/install/livox_ros_driver2/local/lib/python3.10/dist-packages:/home/rpp/rpp_ws/install/gui_control/lib/python3.10/site-packages:/home/rpp/rpp_ws/install/graphic_display/lib/python3.10/site-packages:/home/rpp/rpp_ws/install/linker_hand_ros2_sdk/lib/python3.10/site-packages:/home/rpp/rpp_ws/install/interface/local/lib/python3.10/dist-packages:/home/rpp/rpp_ws/install/dual_arm_cartesian_control/lib/python3.10/site-packages:/home/rpp/rpp_ws/install/dual_arm_bt_control/lib/python3.10/site-packages:/home/rpp/rpp_ws/install/bt_task_manager_ros2/lib/python3.10/site-packages:/opt/ros/humble/lib/python3.10/site-packages:/opt/ros/humble/local/lib/python3.10/dist-packages'), ('LC_NUMERIC', 'zh_CN.UTF-8'), ('CONDA_PREFIX', '/home/rpp/anaconda3'), ('GSETTINGS_SCHEMA_DIR_CONDA_BACKUP', ''), ('LC_PAPER', 'zh_CN.UTF-8'), ('COLCON', '1'), ('VTE_VERSION', '6800'), ('SCRIPT_ROOT_PATH', '/home/rpp/rpp_tools/rpp_easy_tools/robotplusplus_deploy_tool'), ('CMAKE_PREFIX_PATH', '/home/rpp/Desktop/pico_kinova/pico_kinova/install/pico_kinova:/home/rpp/rpp_ws/install/xf_voice:/home/rpp/rpp_ws/install/xf_voice_msgs:/home/rpp/rpp_ws/install/wheeltec_mic_ros2:/home/rpp/rpp_ws/install/wheeltec_mic_msg:/home/rpp/rpp_ws/install/nav2_system_tests:/home/rpp/rpp_ws/install/nav2_bringup:/home/rpp/rpp_ws/install/slam_toolbox:/home/rpp/rpp_ws/install/slam_3d:/home/rpp/rpp_ws/install/slam_2d:/home/rpp/rpp_ws/install/serial:/home/rpp/rpp_ws/install/rpp_ros_driver:/home/rpp/rpp_ws/install/rpp_msgs:/home/rpp/rpp_ws/install/rpp_driver:/home/rpp/rpp_ws/install/robot_bringup:/home/rpp/rpp_ws/install/pymoveit2:/home/rpp/rpp_ws/install/pico_kinova:/home/rpp/rpp_ws/install/pgo:/home/rpp/rpp_ws/install/navigation_2d:/home/rpp/rpp_ws/install/navigation2:/home/rpp/rpp_ws/install/nav2_smoother:/home/rpp/rpp_ws/install/nav2_graceful_controller:/home/rpp/rpp_ws/install/nav2_dwb_controller:/home/rpp/rpp_ws/install/nav2_controller:/home/rpp/rpp_ws/install/dwb_plugins:/home/rpp/rpp_ws/install/dwb_critics:/home/rpp/rpp_ws/install/dwb_core:/home/rpp/rpp_ws/install/nav_2d_utils:/home/rpp/rpp_ws/install/dwb_msgs:/home/rpp/rpp_ws/install/nav_2d_msgs:/home/rpp/rpp_ws/install/nav2_waypoint_follower:/home/rpp/rpp_ws/install/nav2_theta_star_planner:/home/rpp/rpp_ws/install/nav2_smac_planner:/home/rpp/rpp_ws/install/nav2_rotation_shim_controller:/home/rpp/rpp_ws/install/nav2_regulated_pure_pursuit_controller:/home/rpp/rpp_ws/install/nav2_planner:/home/rpp/rpp_ws/install/nav2_navfn_planner:/home/rpp/rpp_ws/install/nav2_mppi_controller:/home/rpp/rpp_ws/install/nav2_constrained_smoother:/home/rpp/rpp_ws/install/nav2_bt_navigator:/home/rpp/rpp_ws/install/nav2_behaviors:/home/rpp/rpp_ws/install/improved_dwa_planner:/home/rpp/rpp_ws/install/nav2_core:/home/rpp/rpp_ws/install/nav2_collision_monitor:/home/rpp/rpp_ws/install/costmap_queue:/home/rpp/rpp_ws/install/nav2_costmap_2d:/home/rpp/rpp_ws/install/nav2_voxel_grid:/home/rpp/rpp_ws/install/nav2_velocity_smoother:/home/rpp/rpp_ws/install/nav2_rviz_plugins:/home/rpp/rpp_ws/install/nav2_map_server:/home/rpp/rpp_ws/install/nav2_lifecycle_manager:/home/rpp/rpp_ws/install/nav2_behavior_tree:/home/rpp/rpp_ws/install/nav2_amcl:/home/rpp/rpp_ws/install/nav2_util:/home/rpp/rpp_ws/install/nav2_msgs:/home/rpp/rpp_ws/install/nav2_common:/home/rpp/rpp_ws/install/moveit2_control_demo:/home/rpp/rpp_ws/install/motor_pitch_ros:/home/rpp/rpp_ws/install/motor_pitch_sdk:/home/rpp/rpp_ws/install/motor_lift_ros:/home/rpp/rpp_ws/install/motor_lift_sdk:/home/rpp/rpp_ws/install/localizer:/home/rpp/rpp_ws/install/lidar_clipping:/home/rpp/rpp_ws/install/fastlio2:/home/rpp/rpp_ws/install/livox_ros_driver2:/home/rpp/rpp_ws/install/lakibeam1:/home/rpp/rpp_ws/install/kortex_bringup:/home/rpp/rpp_ws/install/kortex_driver:/home/rpp/rpp_ws/install/kinova_gen3_lite_moveit_config:/home/rpp/rpp_ws/install/kinova_gen3_7dof_robotiq_2f_85_moveit_config:/home/rpp/rpp_ws/install/kinova_gen3_6dof_robotiq_2f_85_moveit_config:/home/rpp/rpp_ws/install/kortex_description:/home/rpp/rpp_ws/install/kortex_api:/home/rpp/rpp_ws/install/ira_laser_tools:/home/rpp/rpp_ws/install/hba:/home/rpp/rpp_ws/install/interface:/home/rpp/rpp_ws/install/ea200_moveit_config:/home/rpp/rpp_ws/install/ea200_description:/home/rpp/rpp_ws/install/cr100_description:/home/rpp/rpp_ws/install/teleop_init_202510:/home/rpp/rpp_ws/install/setting_info:/home/rpp/rpp_ws/install/nav2_simple_commander:/home/rpp/rpp_ws/install/my_moveit_control:/home/rpp/rpp_ws/install/moveit_control:/home/rpp/rpp_ws/install/gui_control:/home/rpp/rpp_ws/install/graphic_display:/home/rpp/rpp_ws/install/linker_hand_ros2_sdk:/home/rpp/rpp_ws/install/dual_arm_cartesian_control:/home/rpp/rpp_ws/install/dual_arm_bt_control:/home/rpp/rpp_ws/install/bt_task_manager_ros2:/opt/ros/humble'), ('MUJOCO_KEY_PATH', '/home/rpp/.mujoco/home/rpp/.mujoco')]), 'shell': False}
[0.090881] (pico_kinova) StdoutLine: {'line': b'[ 32%] Built target rtde\n'}
[0.099859] (-) TimerEvent: {}
[0.122291] (pico_kinova) StdoutLine: {'line': b'\x1b[35m\x1b[1mConsolidate compiler generated dependencies of target pico_kinova\x1b[0m\n'}
[0.122610] (pico_kinova) StdoutLine: {'line': b'[ 37%] Built target move_until_contact_example\n'}
[0.122684] (pico_kinova) StdoutLine: {'line': b'[ 41%] Built target forcemode_example\n'}
[0.122735] (pico_kinova) StdoutLine: {'line': b'[ 46%] Built target move_path_async_example\n'}
[0.123982] (pico_kinova) StdoutLine: {'line': b'[ 51%] Built target servoj_example\n'}
[0.124459] (pico_kinova) StdoutLine: {'line': b'[ 60%] Built target jog_example\n'}
[0.124557] (pico_kinova) StdoutLine: {'line': b'[ 60%] Built target move_async_example\n'}
[0.125354] (pico_kinova) StdoutLine: {'line': b'[ 65%] Built target movej_path_with_blend_example\n'}
[0.127474] (pico_kinova) StdoutLine: {'line': b'[ 74%] Built target robotiq_gripper_example\n'}
[0.127647] (pico_kinova) StdoutLine: {'line': b'[ 74%] Built target speedj_example\n'}
[0.131561] (pico_kinova) StdoutLine: {'line': b'[ 79%] Built target record_data_example\n'}
[0.131858] (pico_kinova) StdoutLine: {'line': b'[ 86%] Built target realtime_control_example\n'}
[0.132050] (pico_kinova) StdoutLine: {'line': b'[ 88%] Built target contact_detection_example\n'}
[0.132268] (pico_kinova) StdoutLine: {'line': b'[ 93%] Built target io_example\n'}
[0.173209] (pico_kinova) StdoutLine: {'line': b'[ 95%] \x1b[32mBuilding CXX object CMakeFiles/pico_kinova.dir/src/pico_kinova.cpp.o\x1b[0m\n'}
[0.199996] (-) TimerEvent: {}
[0.300326] (-) TimerEvent: {}
[0.400666] (-) TimerEvent: {}
[0.501006] (-) TimerEvent: {}
[0.601339] (-) TimerEvent: {}
[0.701614] (-) TimerEvent: {}
[0.801864] (-) TimerEvent: {}
[0.902122] (-) TimerEvent: {}
[1.002376] (-) TimerEvent: {}
[1.102632] (-) TimerEvent: {}
[1.202888] (-) TimerEvent: {}
[1.247115] (pico_kinova) StderrLine: {'line': b'In file included from \x1b[01m\x1b[K/home/rpp/Desktop/pico_kinova/pico_kinova/src/pico_kinova.cpp:36\x1b[m\x1b[K:\n'}
[1.247271] (pico_kinova) StderrLine: {'line': b'\x1b[01m\x1b[K/home/rpp/Desktop/pico_kinova/pico_kinova/include/client/TransportClientTcp.h:34:2:\x1b[m\x1b[K \x1b[01;35m\x1b[Kwarning: \x1b[m\x1b[K#warning is a GCC extension\n'}
[1.247331] (pico_kinova) StderrLine: {'line': b'   34 | #\x1b[01;35m\x1b[Kwarning\x1b[m\x1b[K Unknown OS type!\n'}
[1.247374] (pico_kinova) StderrLine: {'line': b'      |  \x1b[01;35m\x1b[K^~~~~~~\x1b[m\x1b[K\n'}
[1.247412] (pico_kinova) StderrLine: {'line': b'\x1b[01m\x1b[K/home/rpp/Desktop/pico_kinova/pico_kinova/include/client/TransportClientTcp.h:34:2:\x1b[m\x1b[K \x1b[01;35m\x1b[Kwarning: \x1b[m\x1b[K#warning Unknown OS type! [\x1b[01;35m\x1b[K\x1b]8;;https://gcc.gnu.org/onlinedocs/gcc/Warning-Options.html#index-Wcpp\x07-Wcpp\x1b]8;;\x07\x1b[m\x1b[K]\n'}
[1.303009] (-) TimerEvent: {}
[1.403261] (-) TimerEvent: {}
[1.503523] (-) TimerEvent: {}
[1.603802] (-) TimerEvent: {}
[1.704044] (-) TimerEvent: {}
[1.804245] (-) TimerEvent: {}
[1.904488] (-) TimerEvent: {}
[2.004725] (-) TimerEvent: {}
[2.104992] (-) TimerEvent: {}
[2.205245] (-) TimerEvent: {}
[2.292406] (pico_kinova) StderrLine: {'line': b'In file included from \x1b[01m\x1b[K/home/rpp/Desktop/pico_kinova/pico_kinova/ur_rtde/include/ur_rtde/rtde_receive_interface.h:6\x1b[m\x1b[K,\n'}
[2.292575] (pico_kinova) StderrLine: {'line': b'                 from \x1b[01m\x1b[K/home/rpp/Desktop/pico_kinova/pico_kinova/src/pico_kinova.cpp:18\x1b[m\x1b[K:\n'}
[2.292624] (pico_kinova) StderrLine: {'line': b'\x1b[01m\x1b[K/home/rpp/Desktop/pico_kinova/pico_kinova/ur_rtde/include/ur_rtde/robot_state.h:93:4:\x1b[m\x1b[K \x1b[01;35m\x1b[Kwarning: \x1b[m\x1b[Kextra \xe2\x80\x98\x1b[01m\x1b[K;\x1b[m\x1b[K\xe2\x80\x99 [\x1b[01;35m\x1b[K\x1b]8;;https://gcc.gnu.org/onlinedocs/gcc/Warning-Options.html#index-Wpedantic\x07-Wpedantic\x1b]8;;\x07\x1b[m\x1b[K]\n'}
[2.292669] (pico_kinova) StderrLine: {'line': b'   93 |   }\x1b[01;35m\x1b[K;\x1b[m\x1b[K\n'}
[2.292708] (pico_kinova) StderrLine: {'line': b'      |    \x1b[01;35m\x1b[K^\x1b[m\x1b[K\n'}
[2.292747] (pico_kinova) StderrLine: {'line': b'      |    \x1b[31m\x1b[K-\x1b[m\x1b[K\n'}
[2.292785] (pico_kinova) StderrLine: {'line': b'\x1b[01m\x1b[K/home/rpp/Desktop/pico_kinova/pico_kinova/ur_rtde/include/ur_rtde/robot_state.h:107:4:\x1b[m\x1b[K \x1b[01;35m\x1b[Kwarning: \x1b[m\x1b[Kextra \xe2\x80\x98\x1b[01m\x1b[K;\x1b[m\x1b[K\xe2\x80\x99 [\x1b[01;35m\x1b[K\x1b]8;;https://gcc.gnu.org/onlinedocs/gcc/Warning-Options.html#index-Wpedantic\x07-Wpedantic\x1b]8;;\x07\x1b[m\x1b[K]\n'}
[2.292823] (pico_kinova) StderrLine: {'line': b'  107 |   }\x1b[01;35m\x1b[K;\x1b[m\x1b[K\n'}
[2.292860] (pico_kinova) StderrLine: {'line': b'      |    \x1b[01;35m\x1b[K^\x1b[m\x1b[K\n'}
[2.292896] (pico_kinova) StderrLine: {'line': b'      |    \x1b[31m\x1b[K-\x1b[m\x1b[K\n'}
[2.305358] (-) TimerEvent: {}
[2.323258] (pico_kinova) StderrLine: {'line': b'\x1b[01m\x1b[K/home/rpp/Desktop/pico_kinova/pico_kinova/ur_rtde/include/ur_rtde/robot_state.h:\x1b[m\x1b[K In member function \xe2\x80\x98\x1b[01m\x1b[Kuint16_t ur_rtde::RobotState::SizeVisitor::operator()(uint32_t) const\x1b[m\x1b[K\xe2\x80\x99:\n'}
[2.323450] (pico_kinova) StderrLine: {'line': b'\x1b[01m\x1b[K/home/rpp/Desktop/pico_kinova/pico_kinova/ur_rtde/include/ur_rtde/robot_state.h:154:34:\x1b[m\x1b[K \x1b[01;35m\x1b[Kwarning: \x1b[m\x1b[Kunused parameter \xe2\x80\x98\x1b[01m\x1b[Kint_val\x1b[m\x1b[K\xe2\x80\x99 [\x1b[01;35m\x1b[K\x1b]8;;https://gcc.gnu.org/onlinedocs/gcc/Warning-Options.html#index-Wunused-parameter\x07-Wunused-parameter\x1b]8;;\x07\x1b[m\x1b[K]\n'}
[2.323517] (pico_kinova) StderrLine: {'line': b'  154 |     uint16_t operator()(\x1b[01;35m\x1b[Kuint32_t int_val\x1b[m\x1b[K) const\n'}
[2.323559] (pico_kinova) StderrLine: {'line': b'      |                         \x1b[01;35m\x1b[K~~~~~~~~~^~~~~~~\x1b[m\x1b[K\n'}
[2.323598] (pico_kinova) StderrLine: {'line': b'\x1b[01m\x1b[K/home/rpp/Desktop/pico_kinova/pico_kinova/ur_rtde/include/ur_rtde/robot_state.h:\x1b[m\x1b[K In member function \xe2\x80\x98\x1b[01m\x1b[Kuint16_t ur_rtde::RobotState::SizeVisitor::operator()(uint64_t) const\x1b[m\x1b[K\xe2\x80\x99:\n'}
[2.323642] (pico_kinova) StderrLine: {'line': b'\x1b[01m\x1b[K/home/rpp/Desktop/pico_kinova/pico_kinova/ur_rtde/include/ur_rtde/robot_state.h:159:34:\x1b[m\x1b[K \x1b[01;35m\x1b[Kwarning: \x1b[m\x1b[Kunused parameter \xe2\x80\x98\x1b[01m\x1b[Kint_val\x1b[m\x1b[K\xe2\x80\x99 [\x1b[01;35m\x1b[K\x1b]8;;https://gcc.gnu.org/onlinedocs/gcc/Warning-Options.html#index-Wunused-parameter\x07-Wunused-parameter\x1b]8;;\x07\x1b[m\x1b[K]\n'}
[2.323683] (pico_kinova) StderrLine: {'line': b'  159 |     uint16_t operator()(\x1b[01;35m\x1b[Kuint64_t int_val\x1b[m\x1b[K) const\n'}
[2.323719] (pico_kinova) StderrLine: {'line': b'      |                         \x1b[01;35m\x1b[K~~~~~~~~~^~~~~~~\x1b[m\x1b[K\n'}
[2.323756] (pico_kinova) StderrLine: {'line': b'\x1b[01m\x1b[K/home/rpp/Desktop/pico_kinova/pico_kinova/ur_rtde/include/ur_rtde/robot_state.h:\x1b[m\x1b[K In member function \xe2\x80\x98\x1b[01m\x1b[Kuint16_t ur_rtde::RobotState::SizeVisitor::operator()(int32_t) const\x1b[m\x1b[K\xe2\x80\x99:\n'}
[2.323793] (pico_kinova) StderrLine: {'line': b'\x1b[01m\x1b[K/home/rpp/Desktop/pico_kinova/pico_kinova/ur_rtde/include/ur_rtde/robot_state.h:164:33:\x1b[m\x1b[K \x1b[01;35m\x1b[Kwarning: \x1b[m\x1b[Kunused parameter \xe2\x80\x98\x1b[01m\x1b[Kint_val\x1b[m\x1b[K\xe2\x80\x99 [\x1b[01;35m\x1b[K\x1b]8;;https://gcc.gnu.org/onlinedocs/gcc/Warning-Options.html#index-Wunused-parameter\x07-Wunused-parameter\x1b]8;;\x07\x1b[m\x1b[K]\n'}
[2.323830] (pico_kinova) StderrLine: {'line': b'  164 |     uint16_t operator()(\x1b[01;35m\x1b[Kint32_t int_val\x1b[m\x1b[K) const\n'}
[2.323870] (pico_kinova) StderrLine: {'line': b'      |                         \x1b[01;35m\x1b[K~~~~~~~~^~~~~~~\x1b[m\x1b[K\n'}
[2.323905] (pico_kinova) StderrLine: {'line': b'\x1b[01m\x1b[K/home/rpp/Desktop/pico_kinova/pico_kinova/ur_rtde/include/ur_rtde/robot_state.h:\x1b[m\x1b[K In member function \xe2\x80\x98\x1b[01m\x1b[Kuint16_t ur_rtde::RobotState::SizeVisitor::operator()(double) const\x1b[m\x1b[K\xe2\x80\x99:\n'}
[2.323948] (pico_kinova) StderrLine: {'line': b'\x1b[01m\x1b[K/home/rpp/Desktop/pico_kinova/pico_kinova/ur_rtde/include/ur_rtde/robot_state.h:169:32:\x1b[m\x1b[K \x1b[01;35m\x1b[Kwarning: \x1b[m\x1b[Kunused parameter \xe2\x80\x98\x1b[01m\x1b[Kdouble_val\x1b[m\x1b[K\xe2\x80\x99 [\x1b[01;35m\x1b[K\x1b]8;;https://gcc.gnu.org/onlinedocs/gcc/Warning-Options.html#index-Wunused-parameter\x07-Wunused-parameter\x1b]8;;\x07\x1b[m\x1b[K]\n'}
[2.323991] (pico_kinova) StderrLine: {'line': b'  169 |     uint16_t operator()(\x1b[01;35m\x1b[Kdouble double_val\x1b[m\x1b[K) const\n'}
[2.324028] (pico_kinova) StderrLine: {'line': b'      |                         \x1b[01;35m\x1b[K~~~~~~~^~~~~~~~~~\x1b[m\x1b[K\n'}
[2.405468] (-) TimerEvent: {}
[2.505727] (-) TimerEvent: {}
[2.605983] (-) TimerEvent: {}
[2.706203] (-) TimerEvent: {}
[2.806427] (-) TimerEvent: {}
[2.906681] (-) TimerEvent: {}
[3.006915] (-) TimerEvent: {}
[3.107212] (-) TimerEvent: {}
[3.207468] (-) TimerEvent: {}
[3.307722] (-) TimerEvent: {}
[3.407955] (-) TimerEvent: {}
[3.508179] (-) TimerEvent: {}
[3.608449] (-) TimerEvent: {}
[3.708688] (-) TimerEvent: {}
[3.808918] (-) TimerEvent: {}
[3.909161] (-) TimerEvent: {}
[4.009392] (-) TimerEvent: {}
[4.109614] (-) TimerEvent: {}
[4.209855] (-) TimerEvent: {}
[4.310129] (-) TimerEvent: {}
[4.410379] (-) TimerEvent: {}
[4.510630] (-) TimerEvent: {}
[4.593216] (pico_kinova) StderrLine: {'line': b'In file included from \x1b[01m\x1b[K/home/rpp/Desktop/pico_kinova/pico_kinova/include/common/KError.h:9\x1b[m\x1b[K,\n'}
[4.593396] (pico_kinova) StderrLine: {'line': b'                 from \x1b[01m\x1b[K/home/rpp/Desktop/pico_kinova/pico_kinova/include/client/IRouterClient.h:13\x1b[m\x1b[K,\n'}
[4.593455] (pico_kinova) StderrLine: {'line': b'                 from \x1b[01m\x1b[K/home/rpp/Desktop/pico_kinova/pico_kinova/include/client_stubs/BaseClientRpc.h:13\x1b[m\x1b[K,\n'}
[4.593504] (pico_kinova) StderrLine: {'line': b'                 from \x1b[01m\x1b[K/home/rpp/Desktop/pico_kinova/pico_kinova/src/pico_kinova.cpp:32\x1b[m\x1b[K:\n'}
[4.593549] (pico_kinova) StderrLine: {'line': b'\x1b[01m\x1b[K/home/rpp/Desktop/pico_kinova/pico_kinova/include/common/HeaderInfo.h:\x1b[m\x1b[K At global scope:\n'}
[4.593592] (pico_kinova) StderrLine: {'line': b'\x1b[01m\x1b[K/home/rpp/Desktop/pico_kinova/pico_kinova/include/common/HeaderInfo.h:15:9:\x1b[m\x1b[K \x1b[01;35m\x1b[Kwarning: \x1b[m\x1b[KISO C++ prohibits anonymous structs [\x1b[01;35m\x1b[K\x1b]8;;https://gcc.gnu.org/onlinedocs/gcc/Warning-Options.html#index-Wpedantic\x07-Wpedantic\x1b]8;;\x07\x1b[m\x1b[K]\n'}
[4.593639] (pico_kinova) StderrLine: {'line': b'   15 |         \x1b[01;35m\x1b[K{\x1b[m\x1b[K\n'}
[4.593681] (pico_kinova) StderrLine: {'line': b'      |         \x1b[01;35m\x1b[K^\x1b[m\x1b[K\n'}
[4.593723] (pico_kinova) StderrLine: {'line': b'\x1b[01m\x1b[K/home/rpp/Desktop/pico_kinova/pico_kinova/include/common/HeaderInfo.h:29:9:\x1b[m\x1b[K \x1b[01;35m\x1b[Kwarning: \x1b[m\x1b[KISO C++ prohibits anonymous structs [\x1b[01;35m\x1b[K\x1b]8;;https://gcc.gnu.org/onlinedocs/gcc/Warning-Options.html#index-Wpedantic\x07-Wpedantic\x1b]8;;\x07\x1b[m\x1b[K]\n'}
[4.593766] (pico_kinova) StderrLine: {'line': b'   29 |         \x1b[01;35m\x1b[K{\x1b[m\x1b[K\n'}
[4.593811] (pico_kinova) StderrLine: {'line': b'      |         \x1b[01;35m\x1b[K^\x1b[m\x1b[K\n'}
[4.593854] (pico_kinova) StderrLine: {'line': b'\x1b[01m\x1b[K/home/rpp/Desktop/pico_kinova/pico_kinova/include/common/HeaderInfo.h:39:9:\x1b[m\x1b[K \x1b[01;35m\x1b[Kwarning: \x1b[m\x1b[KISO C++ prohibits anonymous structs [\x1b[01;35m\x1b[K\x1b]8;;https://gcc.gnu.org/onlinedocs/gcc/Warning-Options.html#index-Wpedantic\x07-Wpedantic\x1b]8;;\x07\x1b[m\x1b[K]\n'}
[4.593897] (pico_kinova) StderrLine: {'line': b'   39 |         \x1b[01;35m\x1b[K{\x1b[m\x1b[K\n'}
[4.593938] (pico_kinova) StderrLine: {'line': b'      |         \x1b[01;35m\x1b[K^\x1b[m\x1b[K\n'}
[4.593987] (pico_kinova) StderrLine: {'line': b'\x1b[01m\x1b[K/home/rpp/Desktop/pico_kinova/pico_kinova/include/common/HeaderInfo.h:46:9:\x1b[m\x1b[K \x1b[01;35m\x1b[Kwarning: \x1b[m\x1b[KISO C++ prohibits anonymous structs [\x1b[01;35m\x1b[K\x1b]8;;https://gcc.gnu.org/onlinedocs/gcc/Warning-Options.html#index-Wpedantic\x07-Wpedantic\x1b]8;;\x07\x1b[m\x1b[K]\n'}
[4.594029] (pico_kinova) StderrLine: {'line': b'   46 |         \x1b[01;35m\x1b[K{\x1b[m\x1b[K\n'}
[4.594074] (pico_kinova) StderrLine: {'line': b'      |         \x1b[01;35m\x1b[K^\x1b[m\x1b[K\n'}
[4.594115] (pico_kinova) StderrLine: {'line': b'\x1b[01m\x1b[K/home/rpp/Desktop/pico_kinova/pico_kinova/include/common/HeaderInfo.h:55:9:\x1b[m\x1b[K \x1b[01;35m\x1b[Kwarning: \x1b[m\x1b[KISO C++ prohibits anonymous structs [\x1b[01;35m\x1b[K\x1b]8;;https://gcc.gnu.org/onlinedocs/gcc/Warning-Options.html#index-Wpedantic\x07-Wpedantic\x1b]8;;\x07\x1b[m\x1b[K]\n'}
[4.594164] (pico_kinova) StderrLine: {'line': b'   55 |         \x1b[01;35m\x1b[K{\x1b[m\x1b[K\n'}
[4.594204] (pico_kinova) StderrLine: {'line': b'      |         \x1b[01;35m\x1b[K^\x1b[m\x1b[K\n'}
[4.610719] (-) TimerEvent: {}
[4.617901] (pico_kinova) StderrLine: {'line': b'In file included from \x1b[01m\x1b[K/home/rpp/Desktop/pico_kinova/pico_kinova/src/pico_kinova.cpp:32\x1b[m\x1b[K:\n'}
[4.618056] (pico_kinova) StderrLine: {'line': b'\x1b[01m\x1b[K/home/rpp/Desktop/pico_kinova/pico_kinova/include/client_stubs/BaseClientRpc.h:\x1b[m\x1b[K In member function \xe2\x80\x98\x1b[01m\x1b[Kvoid Kinova::Api::Base::BaseClient::messageHeaderValidation(const Kinova::Api::Frame&)\x1b[m\x1b[K\xe2\x80\x99:\n'}
[4.618112] (pico_kinova) StderrLine: {'line': b'\x1b[01m\x1b[K/home/rpp/Desktop/pico_kinova/pico_kinova/include/client_stubs/BaseClientRpc.h:764:67:\x1b[m\x1b[K \x1b[01;35m\x1b[Kwarning: \x1b[m\x1b[Kunused parameter \xe2\x80\x98\x1b[01m\x1b[KmsgFrame\x1b[m\x1b[K\xe2\x80\x99 [\x1b[01;35m\x1b[K\x1b]8;;https://gcc.gnu.org/onlinedocs/gcc/Warning-Options.html#index-Wunused-parameter\x07-Wunused-parameter\x1b]8;;\x07\x1b[m\x1b[K]\n'}
[4.618170] (pico_kinova) StderrLine: {'line': b'  764 |                       void messageHeaderValidation(\x1b[01;35m\x1b[Kconst Frame& msgFrame\x1b[m\x1b[K){ /* todogr ... */ }\n'}
[4.618217] (pico_kinova) StderrLine: {'line': b'      |                                                    \x1b[01;35m\x1b[K~~~~~~~~~~~~~^~~~~~~~\x1b[m\x1b[K\n'}
[4.618260] (pico_kinova) StderrLine: {'line': b'\n'}
[4.621979] (pico_kinova) StderrLine: {'line': b'In file included from \x1b[01m\x1b[K/home/rpp/Desktop/pico_kinova/pico_kinova/include/client/SessionManager.h:13\x1b[m\x1b[K,\n'}
[4.622034] (pico_kinova) StderrLine: {'line': b'                 from \x1b[01m\x1b[K/home/rpp/Desktop/pico_kinova/pico_kinova/src/pico_kinova.cpp:33\x1b[m\x1b[K:\n'}
[4.622076] (pico_kinova) StderrLine: {'line': b'\x1b[01m\x1b[K/home/rpp/Desktop/pico_kinova/pico_kinova/include/client_stubs/SessionClientRpc.h:\x1b[m\x1b[K In member function \xe2\x80\x98\x1b[01m\x1b[Kvoid Kinova::Api::Session::SessionClient::messageHeaderValidation(const Kinova::Api::Frame&)\x1b[m\x1b[K\xe2\x80\x99:\n'}
[4.622124] (pico_kinova) StderrLine: {'line': b'\x1b[01m\x1b[K/home/rpp/Desktop/pico_kinova/pico_kinova/include/client_stubs/SessionClientRpc.h:77:67:\x1b[m\x1b[K \x1b[01;35m\x1b[Kwarning: \x1b[m\x1b[Kunused parameter \xe2\x80\x98\x1b[01m\x1b[KmsgFrame\x1b[m\x1b[K\xe2\x80\x99 [\x1b[01;35m\x1b[K\x1b]8;;https://gcc.gnu.org/onlinedocs/gcc/Warning-Options.html#index-Wunused-parameter\x07-Wunused-parameter\x1b]8;;\x07\x1b[m\x1b[K]\n'}
[4.622168] (pico_kinova) StderrLine: {'line': b'   77 |                       void messageHeaderValidation(\x1b[01;35m\x1b[Kconst Frame& msgFrame\x1b[m\x1b[K){ /* todogr ... */ }\n'}
[4.622207] (pico_kinova) StderrLine: {'line': b'      |                                                    \x1b[01;35m\x1b[K~~~~~~~~~~~~~^~~~~~~~\x1b[m\x1b[K\n'}
[4.622247] (pico_kinova) StderrLine: {'line': b'\n'}
[4.710816] (-) TimerEvent: {}
[4.811056] (-) TimerEvent: {}
[4.911296] (-) TimerEvent: {}
[5.011582] (-) TimerEvent: {}
[5.111866] (-) TimerEvent: {}
[5.206330] (pico_kinova) StderrLine: {'line': b'\x1b[01m\x1b[K/home/rpp/Desktop/pico_kinova/pico_kinova/src/pico_kinova.cpp:\x1b[m\x1b[K In function \xe2\x80\x98\x1b[01m\x1b[Kvoid initialize_matplotlib()\x1b[m\x1b[K\xe2\x80\x99:\n'}
[5.206490] (pico_kinova) StderrLine: {'line': b'\x1b[01m\x1b[K/home/rpp/Desktop/pico_kinova/pico_kinova/src/pico_kinova.cpp:287:14:\x1b[m\x1b[K \x1b[01;31m\x1b[Kerror: \x1b[m\x1b[K\xe2\x80\x98\x1b[01m\x1b[KrcParams\x1b[m\x1b[K\xe2\x80\x99 is not a member of \xe2\x80\x98\x1b[01m\x1b[Kplt\x1b[m\x1b[K\xe2\x80\x99; did you mean \xe2\x80\x98\x1b[01m\x1b[Krcparams\x1b[m\x1b[K\xe2\x80\x99?\n'}
[5.206544] (pico_kinova) StderrLine: {'line': b'  287 |         plt::\x1b[01;31m\x1b[KrcParams\x1b[m\x1b[K["font.sans-serif"] = {"DejaVu Sans", "Arial", "Liberation Sans", "sans-serif"};\n'}
[5.206587] (pico_kinova) StderrLine: {'line': b'      |              \x1b[01;31m\x1b[K^~~~~~~~\x1b[m\x1b[K\n'}
[5.206630] (pico_kinova) StderrLine: {'line': b'      |              \x1b[32m\x1b[Krcparams\x1b[m\x1b[K\n'}
[5.206670] (pico_kinova) StderrLine: {'line': b'\x1b[01m\x1b[K/home/rpp/Desktop/pico_kinova/pico_kinova/src/pico_kinova.cpp:288:14:\x1b[m\x1b[K \x1b[01;31m\x1b[Kerror: \x1b[m\x1b[K\xe2\x80\x98\x1b[01m\x1b[KrcParams\x1b[m\x1b[K\xe2\x80\x99 is not a member of \xe2\x80\x98\x1b[01m\x1b[Kplt\x1b[m\x1b[K\xe2\x80\x99; did you mean \xe2\x80\x98\x1b[01m\x1b[Krcparams\x1b[m\x1b[K\xe2\x80\x99?\n'}
[5.206710] (pico_kinova) StderrLine: {'line': b'  288 |         plt::\x1b[01;31m\x1b[KrcParams\x1b[m\x1b[K["axes.unicode_minus"] = false;  // \xe8\xa7\xa3\xe5\x86\xb3\xe8\xb4\x9f\xe5\x8f\xb7\xe6\x98\xbe\xe7\xa4\xba\xe9\x97\xae\xe9\xa2\x98\n'}
[5.206750] (pico_kinova) StderrLine: {'line': b'      |              \x1b[01;31m\x1b[K^~~~~~~~\x1b[m\x1b[K\n'}
[5.206791] (pico_kinova) StderrLine: {'line': b'      |              \x1b[32m\x1b[Krcparams\x1b[m\x1b[K\n'}
[5.207159] (pico_kinova) StderrLine: {'line': b'\x1b[01m\x1b[K/home/rpp/Desktop/pico_kinova/pico_kinova/src/pico_kinova.cpp:\x1b[m\x1b[K In function \xe2\x80\x98\x1b[01m\x1b[Kvoid draw_plot()\x1b[m\x1b[K\xe2\x80\x99:\n'}
[5.207306] (pico_kinova) StderrLine: {'line': b'\x1b[01m\x1b[K/home/rpp/Desktop/pico_kinova/pico_kinova/src/pico_kinova.cpp:308:22:\x1b[m\x1b[K \x1b[01;31m\x1b[Kerror: \x1b[m\x1b[Kno matching function for call to \xe2\x80\x98\x1b[01m\x1b[Kplot(std::vector<double>&, std::vector<double>&, const char [3], <brace-enclosed initializer list>)\x1b[m\x1b[K\xe2\x80\x99\n'}
[5.207427] (pico_kinova) StderrLine: {'line': b'  308 |             \x1b[01;31m\x1b[Kplt::plot(left_data, left_data_x, "r-", {{"label", "left_x"}})\x1b[m\x1b[K;\n'}
[5.207634] (pico_kinova) StderrLine: {'line': b'      |             \x1b[01;31m\x1b[K~~~~~~~~~^~~~~~~~~~~~~~~~~~~~~~~~~~~~~~~~~~~~~~~~~~~~~~~~~~~~~\x1b[m\x1b[K\n'}
[5.207799] (pico_kinova) StderrLine: {'line': b'In file included from \x1b[01m\x1b[K/home/rpp/Desktop/pico_kinova/pico_kinova/src/pico_kinova.cpp:42\x1b[m\x1b[K:\n'}
[5.207840] (pico_kinova) StderrLine: {'line': b'\x1b[01m\x1b[K/home/rpp/Desktop/pico_kinova/pico_kinova/matplotlib/matplotlibcpp.h:442:6:\x1b[m\x1b[K \x1b[01;36m\x1b[Knote: \x1b[m\x1b[Kcandidate: \xe2\x80\x98\x1b[01m\x1b[Ktemplate<class Numeric> bool matplotlibcpp::plot(const std::vector<BufferT>&, const std::vector<BufferT>&, const std::map<std::__cxx11::basic_string<char>, std::__cxx11::basic_string<char> >&)\x1b[m\x1b[K\xe2\x80\x99\n'}
[5.207985] (pico_kinova) StderrLine: {'line': b'  442 | bool \x1b[01;36m\x1b[Kplot\x1b[m\x1b[K(const std::vector<Numeric> &x, const std::vector<Numeric> &y, const std::map<std::string, std::string>& keywords)\n'}
[5.208025] (pico_kinova) StderrLine: {'line': b'      |      \x1b[01;36m\x1b[K^~~~\x1b[m\x1b[K\n'}
[5.208062] (pico_kinova) StderrLine: {'line': b'\x1b[01m\x1b[K/home/rpp/Desktop/pico_kinova/pico_kinova/matplotlib/matplotlibcpp.h:442:6:\x1b[m\x1b[K \x1b[01;36m\x1b[Knote: \x1b[m\x1b[K  template argument deduction/substitution failed:\n'}
[5.208103] (pico_kinova) StderrLine: {'line': b'\x1b[01m\x1b[K/home/rpp/Desktop/pico_kinova/pico_kinova/src/pico_kinova.cpp:308:22:\x1b[m\x1b[K \x1b[01;36m\x1b[Knote: \x1b[m\x1b[K  candidate expects 3 arguments, 4 provided\n'}
[5.208141] (pico_kinova) StderrLine: {'line': b'  308 |             \x1b[01;36m\x1b[Kplt::plot(left_data, left_data_x, "r-", {{"label", "left_x"}})\x1b[m\x1b[K;\n'}
[5.208179] (pico_kinova) StderrLine: {'line': b'      |             \x1b[01;36m\x1b[K~~~~~~~~~^~~~~~~~~~~~~~~~~~~~~~~~~~~~~~~~~~~~~~~~~~~~~~~~~~~~~\x1b[m\x1b[K\n'}
[5.208215] (pico_kinova) StderrLine: {'line': b'In file included from \x1b[01m\x1b[K/home/rpp/Desktop/pico_kinova/pico_kinova/src/pico_kinova.cpp:42\x1b[m\x1b[K:\n'}
[5.208252] (pico_kinova) StderrLine: {'line': b'\x1b[01m\x1b[K/home/rpp/Desktop/pico_kinova/pico_kinova/matplotlib/matplotlibcpp.h:1358:6:\x1b[m\x1b[K \x1b[01;36m\x1b[Knote: \x1b[m\x1b[Kcandidate: \xe2\x80\x98\x1b[01m\x1b[Ktemplate<class NumericX, class NumericY> bool matplotlibcpp::plot(const std::vector<BufferT>&, const std::vector<_ValT>&, const string&)\x1b[m\x1b[K\xe2\x80\x99\n'}
[5.208290] (pico_kinova) StderrLine: {'line': b' 1358 | bool \x1b[01;36m\x1b[Kplot\x1b[m\x1b[K(const std::vector<NumericX>& x, const std::vector<NumericY>& y, const std::string& s = "")\n'}
[5.208328] (pico_kinova) StderrLine: {'line': b'      |      \x1b[01;36m\x1b[K^~~~\x1b[m\x1b[K\n'}
[5.208364] (pico_kinova) StderrLine: {'line': b'\x1b[01m\x1b[K/home/rpp/Desktop/pico_kinova/pico_kinova/matplotlib/matplotlibcpp.h:1358:6:\x1b[m\x1b[K \x1b[01;36m\x1b[Knote: \x1b[m\x1b[K  template argument deduction/substitution failed:\n'}
[5.208403] (pico_kinova) StderrLine: {'line': b'\x1b[01m\x1b[K/home/rpp/Desktop/pico_kinova/pico_kinova/src/pico_kinova.cpp:308:22:\x1b[m\x1b[K \x1b[01;36m\x1b[Knote: \x1b[m\x1b[K  candidate expects 3 arguments, 4 provided\n'}
[5.208442] (pico_kinova) StderrLine: {'line': b'  308 |             \x1b[01;36m\x1b[Kplt::plot(left_data, left_data_x, "r-", {{"label", "left_x"}})\x1b[m\x1b[K;\n'}
[5.208478] (pico_kinova) StderrLine: {'line': b'      |             \x1b[01;36m\x1b[K~~~~~~~~~^~~~~~~~~~~~~~~~~~~~~~~~~~~~~~~~~~~~~~~~~~~~~~~~~~~~~\x1b[m\x1b[K\n'}
[5.208515] (pico_kinova) StderrLine: {'line': b'In file included from \x1b[01m\x1b[K/home/rpp/Desktop/pico_kinova/pico_kinova/src/pico_kinova.cpp:42\x1b[m\x1b[K:\n'}
[5.208565] (pico_kinova) StderrLine: {'line': b'\x1b[01m\x1b[K/home/rpp/Desktop/pico_kinova/pico_kinova/matplotlib/matplotlibcpp.h:1810:6:\x1b[m\x1b[K \x1b[01;36m\x1b[Knote: \x1b[m\x1b[Kcandidate: \xe2\x80\x98\x1b[01m\x1b[Ktemplate<class Numeric> bool matplotlibcpp::plot(const std::vector<BufferT>&, const string&)\x1b[m\x1b[K\xe2\x80\x99\n'}
[5.208616] (pico_kinova) StderrLine: {'line': b' 1810 | bool \x1b[01;36m\x1b[Kplot\x1b[m\x1b[K(const std::vector<Numeric>& y, const std::string& format = "")\n'}
[5.208663] (pico_kinova) StderrLine: {'line': b'      |      \x1b[01;36m\x1b[K^~~~\x1b[m\x1b[K\n'}
[5.208700] (pico_kinova) StderrLine: {'line': b'\x1b[01m\x1b[K/home/rpp/Desktop/pico_kinova/pico_kinova/matplotlib/matplotlibcpp.h:1810:6:\x1b[m\x1b[K \x1b[01;36m\x1b[Knote: \x1b[m\x1b[K  template argument deduction/substitution failed:\n'}
[5.208738] (pico_kinova) StderrLine: {'line': b'\x1b[01m\x1b[K/home/rpp/Desktop/pico_kinova/pico_kinova/src/pico_kinova.cpp:308:22:\x1b[m\x1b[K \x1b[01;36m\x1b[Knote: \x1b[m\x1b[K  candidate expects 2 arguments, 4 provided\n'}
[5.208778] (pico_kinova) StderrLine: {'line': b'  308 |             \x1b[01;36m\x1b[Kplt::plot(left_data, left_data_x, "r-", {{"label", "left_x"}})\x1b[m\x1b[K;\n'}
[5.208816] (pico_kinova) StderrLine: {'line': b'      |             \x1b[01;36m\x1b[K~~~~~~~~~^~~~~~~~~~~~~~~~~~~~~~~~~~~~~~~~~~~~~~~~~~~~~~~~~~~~~\x1b[m\x1b[K\n'}
[5.208852] (pico_kinova) StderrLine: {'line': b'In file included from \x1b[01m\x1b[K/home/rpp/Desktop/pico_kinova/pico_kinova/src/pico_kinova.cpp:42\x1b[m\x1b[K:\n'}
[5.208888] (pico_kinova) StderrLine: {'line': b'\x1b[01m\x1b[K/home/rpp/Desktop/pico_kinova/pico_kinova/matplotlib/matplotlibcpp.h:1818:6:\x1b[m\x1b[K \x1b[01;36m\x1b[Knote: \x1b[m\x1b[Kcandidate: \xe2\x80\x98\x1b[01m\x1b[Ktemplate<class Numeric> bool matplotlibcpp::plot(const std::vector<BufferT>&, const std::map<std::__cxx11::basic_string<char>, std::__cxx11::basic_string<char> >&)\x1b[m\x1b[K\xe2\x80\x99\n'}
[5.208927] (pico_kinova) StderrLine: {'line': b' 1818 | bool \x1b[01;36m\x1b[Kplot\x1b[m\x1b[K(const std::vector<Numeric>& y, const std::map<std::string, std::string>& keywords)\n'}
[5.208969] (pico_kinova) StderrLine: {'line': b'      |      \x1b[01;36m\x1b[K^~~~\x1b[m\x1b[K\n'}
[5.209005] (pico_kinova) StderrLine: {'line': b'\x1b[01m\x1b[K/home/rpp/Desktop/pico_kinova/pico_kinova/matplotlib/matplotlibcpp.h:1818:6:\x1b[m\x1b[K \x1b[01;36m\x1b[Knote: \x1b[m\x1b[K  template argument deduction/substitution failed:\n'}
[5.209041] (pico_kinova) StderrLine: {'line': b'\x1b[01m\x1b[K/home/rpp/Desktop/pico_kinova/pico_kinova/src/pico_kinova.cpp:308:22:\x1b[m\x1b[K \x1b[01;36m\x1b[Knote: \x1b[m\x1b[K  candidate expects 2 arguments, 4 provided\n'}
[5.209078] (pico_kinova) StderrLine: {'line': b'  308 |             \x1b[01;36m\x1b[Kplt::plot(left_data, left_data_x, "r-", {{"label", "left_x"}})\x1b[m\x1b[K;\n'}
[5.209116] (pico_kinova) StderrLine: {'line': b'      |             \x1b[01;36m\x1b[K~~~~~~~~~^~~~~~~~~~~~~~~~~~~~~~~~~~~~~~~~~~~~~~~~~~~~~~~~~~~~~\x1b[m\x1b[K\n'}
[5.209153] (pico_kinova) StderrLine: {'line': b'In file included from \x1b[01m\x1b[K/home/rpp/Desktop/pico_kinova/pico_kinova/src/pico_kinova.cpp:42\x1b[m\x1b[K:\n'}
[5.209188] (pico_kinova) StderrLine: {'line': b'\x1b[01m\x1b[K/home/rpp/Desktop/pico_kinova/pico_kinova/matplotlib/matplotlibcpp.h:2860:6:\x1b[m\x1b[K \x1b[01;36m\x1b[Knote: \x1b[m\x1b[Kcandidate: \xe2\x80\x98\x1b[01m\x1b[Ktemplate<class ... Args> bool matplotlibcpp::plot()\x1b[m\x1b[K\xe2\x80\x99\n'}
[5.209225] (pico_kinova) StderrLine: {'line': b' 2860 | bool \x1b[01;36m\x1b[Kplot\x1b[m\x1b[K() { return true; }\n'}
[5.209263] (pico_kinova) StderrLine: {'line': b'      |      \x1b[01;36m\x1b[K^~~~\x1b[m\x1b[K\n'}
[5.209300] (pico_kinova) StderrLine: {'line': b'\x1b[01m\x1b[K/home/rpp/Desktop/pico_kinova/pico_kinova/matplotlib/matplotlibcpp.h:2860:6:\x1b[m\x1b[K \x1b[01;36m\x1b[Knote: \x1b[m\x1b[K  template argument deduction/substitution failed:\n'}
[5.209335] (pico_kinova) StderrLine: {'line': b'\x1b[01m\x1b[K/home/rpp/Desktop/pico_kinova/pico_kinova/src/pico_kinova.cpp:308:22:\x1b[m\x1b[K \x1b[01;36m\x1b[Knote: \x1b[m\x1b[K  candidate expects 0 arguments, 4 provided\n'}
[5.209371] (pico_kinova) StderrLine: {'line': b'  308 |             \x1b[01;36m\x1b[Kplt::plot(left_data, left_data_x, "r-", {{"label", "left_x"}})\x1b[m\x1b[K;\n'}
[5.209449] (pico_kinova) StderrLine: {'line': b'      |             \x1b[01;36m\x1b[K~~~~~~~~~^~~~~~~~~~~~~~~~~~~~~~~~~~~~~~~~~~~~~~~~~~~~~~~~~~~~~\x1b[m\x1b[K\n'}
[5.209641] (pico_kinova) StderrLine: {'line': b'In file included from \x1b[01m\x1b[K/home/rpp/Desktop/pico_kinova/pico_kinova/src/pico_kinova.cpp:42\x1b[m\x1b[K:\n'}
[5.209867] (pico_kinova) StderrLine: {'line': b'\x1b[01m\x1b[K/home/rpp/Desktop/pico_kinova/pico_kinova/matplotlib/matplotlibcpp.h:2863:6:\x1b[m\x1b[K \x1b[01;36m\x1b[Knote: \x1b[m\x1b[Kcandidate: \xe2\x80\x98\x1b[01m\x1b[Kbool matplotlibcpp::plot(const A&, const B&, const string&, Args ...) [with A = std::vector<double>; B = std::vector<double>; Args = {}; std::string = std::__cxx11::basic_string<char>]\x1b[m\x1b[K\xe2\x80\x99\n'}
[5.210078] (pico_kinova) StderrLine: {'line': b' 2863 | bool \x1b[01;36m\x1b[Kplot\x1b[m\x1b[K(const A& a, const B& b, const std::string& format, Args... args)\n'}
[5.210123] (pico_kinova) StderrLine: {'line': b'      |      \x1b[01;36m\x1b[K^~~~\x1b[m\x1b[K\n'}
[5.210164] (pico_kinova) StderrLine: {'line': b'\x1b[01m\x1b[K/home/rpp/Desktop/pico_kinova/pico_kinova/matplotlib/matplotlibcpp.h:2863:6:\x1b[m\x1b[K \x1b[01;36m\x1b[Knote: \x1b[m\x1b[K  candidate expects 3 arguments, 4 provided\n'}
[5.210204] (pico_kinova) StderrLine: {'line': b'\x1b[01m\x1b[K/home/rpp/Desktop/pico_kinova/pico_kinova/matplotlib/matplotlibcpp.h:2872:13:\x1b[m\x1b[K \x1b[01;36m\x1b[Knote: \x1b[m\x1b[Kcandidate: \xe2\x80\x98\x1b[01m\x1b[Kbool matplotlibcpp::plot(const std::vector<double>&, const std::vector<double>&, const string&)\x1b[m\x1b[K\xe2\x80\x99\n'}
[5.210270] (pico_kinova) StderrLine: {'line': b' 2872 | inline bool \x1b[01;36m\x1b[Kplot\x1b[m\x1b[K(const std::vector<double>& x, const std::vector<double>& y, const std::string& format = "") {\n'}
[5.210311] (pico_kinova) StderrLine: {'line': b'      |             \x1b[01;36m\x1b[K^~~~\x1b[m\x1b[K\n'}
[5.210351] (pico_kinova) StderrLine: {'line': b'\x1b[01m\x1b[K/home/rpp/Desktop/pico_kinova/pico_kinova/matplotlib/matplotlibcpp.h:2872:13:\x1b[m\x1b[K \x1b[01;36m\x1b[Knote: \x1b[m\x1b[K  candidate expects 3 arguments, 4 provided\n'}
[5.210390] (pico_kinova) StderrLine: {'line': b'\x1b[01m\x1b[K/home/rpp/Desktop/pico_kinova/pico_kinova/matplotlib/matplotlibcpp.h:2876:13:\x1b[m\x1b[K \x1b[01;36m\x1b[Knote: \x1b[m\x1b[Kcandidate: \xe2\x80\x98\x1b[01m\x1b[Kbool matplotlibcpp::plot(const std::vector<double>&, const string&)\x1b[m\x1b[K\xe2\x80\x99\n'}
[5.210433] (pico_kinova) StderrLine: {'line': b' 2876 | inline bool \x1b[01;36m\x1b[Kplot\x1b[m\x1b[K(const std::vector<double>& y, const std::string& format = "") {\n'}
[5.210473] (pico_kinova) StderrLine: {'line': b'      |             \x1b[01;36m\x1b[K^~~~\x1b[m\x1b[K\n'}
[5.210511] (pico_kinova) StderrLine: {'line': b'\x1b[01m\x1b[K/home/rpp/Desktop/pico_kinova/pico_kinova/matplotlib/matplotlibcpp.h:2876:13:\x1b[m\x1b[K \x1b[01;36m\x1b[Knote: \x1b[m\x1b[K  candidate expects 2 arguments, 4 provided\n'}
[5.210549] (pico_kinova) StderrLine: {'line': b'\x1b[01m\x1b[K/home/rpp/Desktop/pico_kinova/pico_kinova/matplotlib/matplotlibcpp.h:2880:13:\x1b[m\x1b[K \x1b[01;36m\x1b[Knote: \x1b[m\x1b[Kcandidate: \xe2\x80\x98\x1b[01m\x1b[Kbool matplotlibcpp::plot(const std::vector<double>&, const std::vector<double>&, const std::map<std::__cxx11::basic_string<char>, std::__cxx11::basic_string<char> >&)\x1b[m\x1b[K\xe2\x80\x99\n'}
[5.210591] (pico_kinova) StderrLine: {'line': b' 2880 | inline bool \x1b[01;36m\x1b[Kplot\x1b[m\x1b[K(const std::vector<double>& x, const std::vector<double>& y, const std::map<std::string, std::string>& keywords) {\n'}
[5.210630] (pico_kinova) StderrLine: {'line': b'      |             \x1b[01;36m\x1b[K^~~~\x1b[m\x1b[K\n'}
[5.210667] (pico_kinova) StderrLine: {'line': b'\x1b[01m\x1b[K/home/rpp/Desktop/pico_kinova/pico_kinova/matplotlib/matplotlibcpp.h:2880:13:\x1b[m\x1b[K \x1b[01;36m\x1b[Knote: \x1b[m\x1b[K  candidate expects 3 arguments, 4 provided\n'}
[5.210704] (pico_kinova) StderrLine: {'line': b'\x1b[01m\x1b[K/home/rpp/Desktop/pico_kinova/pico_kinova/src/pico_kinova.cpp:309:22:\x1b[m\x1b[K \x1b[01;31m\x1b[Kerror: \x1b[m\x1b[Kno matching function for call to \xe2\x80\x98\x1b[01m\x1b[Kplot(std::vector<double>&, std::vector<double>&, const char [3], <brace-enclosed initializer list>)\x1b[m\x1b[K\xe2\x80\x99\n'}
[5.210744] (pico_kinova) StderrLine: {'line': b'  309 |             \x1b[01;31m\x1b[Kplt::plot(left_data, left_data_y, "g-", {{"label", "left_y"}})\x1b[m\x1b[K;\n'}
[5.210782] (pico_kinova) StderrLine: {'line': b'      |             \x1b[01;31m\x1b[K~~~~~~~~~^~~~~~~~~~~~~~~~~~~~~~~~~~~~~~~~~~~~~~~~~~~~~~~~~~~~~\x1b[m\x1b[K\n'}
[5.210819] (pico_kinova) StderrLine: {'line': b'In file included from \x1b[01m\x1b[K/home/rpp/Desktop/pico_kinova/pico_kinova/src/pico_kinova.cpp:42\x1b[m\x1b[K:\n'}
[5.210856] (pico_kinova) StderrLine: {'line': b'\x1b[01m\x1b[K/home/rpp/Desktop/pico_kinova/pico_kinova/matplotlib/matplotlibcpp.h:442:6:\x1b[m\x1b[K \x1b[01;36m\x1b[Knote: \x1b[m\x1b[Kcandidate: \xe2\x80\x98\x1b[01m\x1b[Ktemplate<class Numeric> bool matplotlibcpp::plot(const std::vector<BufferT>&, const std::vector<BufferT>&, const std::map<std::__cxx11::basic_string<char>, std::__cxx11::basic_string<char> >&)\x1b[m\x1b[K\xe2\x80\x99\n'}
[5.210895] (pico_kinova) StderrLine: {'line': b'  442 | bool \x1b[01;36m\x1b[Kplot\x1b[m\x1b[K(const std::vector<Numeric> &x, const std::vector<Numeric> &y, const std::map<std::string, std::string>& keywords)\n'}
[5.210931] (pico_kinova) StderrLine: {'line': b'      |      \x1b[01;36m\x1b[K^~~~\x1b[m\x1b[K\n'}
[5.210974] (pico_kinova) StderrLine: {'line': b'\x1b[01m\x1b[K/home/rpp/Desktop/pico_kinova/pico_kinova/matplotlib/matplotlibcpp.h:442:6:\x1b[m\x1b[K \x1b[01;36m\x1b[Knote: \x1b[m\x1b[K  template argument deduction/substitution failed:\n'}
[5.211019] (pico_kinova) StderrLine: {'line': b'\x1b[01m\x1b[K/home/rpp/Desktop/pico_kinova/pico_kinova/src/pico_kinova.cpp:309:22:\x1b[m\x1b[K \x1b[01;36m\x1b[Knote: \x1b[m\x1b[K  candidate expects 3 arguments, 4 provided\n'}
[5.211068] (pico_kinova) StderrLine: {'line': b'  309 |             \x1b[01;36m\x1b[Kplt::plot(left_data, left_data_y, "g-", {{"label", "left_y"}})\x1b[m\x1b[K;\n'}
[5.211123] (pico_kinova) StderrLine: {'line': b'      |             \x1b[01;36m\x1b[K~~~~~~~~~^~~~~~~~~~~~~~~~~~~~~~~~~~~~~~~~~~~~~~~~~~~~~~~~~~~~~\x1b[m\x1b[K\n'}
[5.211180] (pico_kinova) StderrLine: {'line': b'In file included from \x1b[01m\x1b[K/home/rpp/Desktop/pico_kinova/pico_kinova/src/pico_kinova.cpp:42\x1b[m\x1b[K:\n'}
[5.211237] (pico_kinova) StderrLine: {'line': b'\x1b[01m\x1b[K/home/rpp/Desktop/pico_kinova/pico_kinova/matplotlib/matplotlibcpp.h:1358:6:\x1b[m\x1b[K \x1b[01;36m\x1b[Knote: \x1b[m\x1b[Kcandidate: \xe2\x80\x98\x1b[01m\x1b[Ktemplate<class NumericX, class NumericY> bool matplotlibcpp::plot(const std::vector<BufferT>&, const std::vector<_ValT>&, const string&)\x1b[m\x1b[K\xe2\x80\x99\n'}
[5.211295] (pico_kinova) StderrLine: {'line': b' 1358 | bool \x1b[01;36m\x1b[Kplot\x1b[m\x1b[K(const std::vector<NumericX>& x, const std::vector<NumericY>& y, const std::string& s = "")\n'}
[5.211352] (pico_kinova) StderrLine: {'line': b'      |      \x1b[01;36m\x1b[K^~~~\x1b[m\x1b[K\n'}
[5.211419] (pico_kinova) StderrLine: {'line': b'\x1b[01m\x1b[K/home/rpp/Desktop/pico_kinova/pico_kinova/matplotlib/matplotlibcpp.h:1358:6:\x1b[m\x1b[K \x1b[01;36m\x1b[Knote: \x1b[m\x1b[K  template argument deduction/substitution failed:\n'}
[5.211483] (pico_kinova) StderrLine: {'line': b'\x1b[01m\x1b[K/home/rpp/Desktop/pico_kinova/pico_kinova/src/pico_kinova.cpp:309:22:\x1b[m\x1b[K \x1b[01;36m\x1b[Knote: \x1b[m\x1b[K  candidate expects 3 arguments, 4 provided\n'}
[5.211525] (pico_kinova) StderrLine: {'line': b'  309 |             \x1b[01;36m\x1b[Kplt::plot(left_data, left_data_y, "g-", {{"label", "left_y"}})\x1b[m\x1b[K;\n'}
[5.211563] (pico_kinova) StderrLine: {'line': b'      |             \x1b[01;36m\x1b[K~~~~~~~~~^~~~~~~~~~~~~~~~~~~~~~~~~~~~~~~~~~~~~~~~~~~~~~~~~~~~~\x1b[m\x1b[K\n'}
[5.211609] (pico_kinova) StderrLine: {'line': b'In file included from \x1b[01m\x1b[K/home/rpp/Desktop/pico_kinova/pico_kinova/src/pico_kinova.cpp:42\x1b[m\x1b[K:\n'}
[5.211648] (pico_kinova) StderrLine: {'line': b'\x1b[01m\x1b[K/home/rpp/Desktop/pico_kinova/pico_kinova/matplotlib/matplotlibcpp.h:1810:6:\x1b[m\x1b[K \x1b[01;36m\x1b[Knote: \x1b[m\x1b[Kcandidate: \xe2\x80\x98\x1b[01m\x1b[Ktemplate<class Numeric> bool matplotlibcpp::plot(const std::vector<BufferT>&, const string&)\x1b[m\x1b[K\xe2\x80\x99\n'}
[5.211687] (pico_kinova) StderrLine: {'line': b' 1810 | bool \x1b[01;36m\x1b[Kplot\x1b[m\x1b[K(const std::vector<Numeric>& y, const std::string& format = "")\n'}
[5.211726] (pico_kinova) StderrLine: {'line': b'      |      \x1b[01;36m\x1b[K^~~~\x1b[m\x1b[K\n'}
[5.211762] (pico_kinova) StderrLine: {'line': b'\x1b[01m\x1b[K/home/rpp/Desktop/pico_kinova/pico_kinova/matplotlib/matplotlibcpp.h:1810:6:\x1b[m\x1b[K \x1b[01;36m\x1b[Knote: \x1b[m\x1b[K  template argument deduction/substitution failed:\n'}
[5.211799] (pico_kinova) StderrLine: {'line': b'\x1b[01m\x1b[K/home/rpp/Desktop/pico_kinova/pico_kinova/src/pico_kinova.cpp:309:22:\x1b[m\x1b[K \x1b[01;36m\x1b[Knote: \x1b[m\x1b[K  candidate expects 2 arguments, 4 provided\n'}
[5.211843] (pico_kinova) StderrLine: {'line': b'  309 |             \x1b[01;36m\x1b[Kplt::plot(left_data, left_data_y, "g-", {{"label", "left_y"}})\x1b[m\x1b[K;\n'}
[5.211880] (-) TimerEvent: {}
[5.211961] (pico_kinova) StderrLine: {'line': b'      |             \x1b[01;36m\x1b[K~~~~~~~~~^~~~~~~~~~~~~~~~~~~~~~~~~~~~~~~~~~~~~~~~~~~~~~~~~~~~~\x1b[m\x1b[K\n'}
[5.212016] (pico_kinova) StderrLine: {'line': b'In file included from \x1b[01m\x1b[K/home/rpp/Desktop/pico_kinova/pico_kinova/src/pico_kinova.cpp:42\x1b[m\x1b[K:\n'}
[5.212072] (pico_kinova) StderrLine: {'line': b'\x1b[01m\x1b[K/home/rpp/Desktop/pico_kinova/pico_kinova/matplotlib/matplotlibcpp.h:1818:6:\x1b[m\x1b[K \x1b[01;36m\x1b[Knote: \x1b[m\x1b[Kcandidate: \xe2\x80\x98\x1b[01m\x1b[Ktemplate<class Numeric> bool matplotlibcpp::plot(const std::vector<BufferT>&, const std::map<std::__cxx11::basic_string<char>, std::__cxx11::basic_string<char> >&)\x1b[m\x1b[K\xe2\x80\x99\n'}
[5.212131] (pico_kinova) StderrLine: {'line': b' 1818 | bool \x1b[01;36m\x1b[Kplot\x1b[m\x1b[K(const std::vector<Numeric>& y, const std::map<std::string, std::string>& keywords)\n'}
[5.212175] (pico_kinova) StderrLine: {'line': b'      |      \x1b[01;36m\x1b[K^~~~\x1b[m\x1b[K\n'}
[5.212212] (pico_kinova) StderrLine: {'line': b'\x1b[01m\x1b[K/home/rpp/Desktop/pico_kinova/pico_kinova/matplotlib/matplotlibcpp.h:1818:6:\x1b[m\x1b[K \x1b[01;36m\x1b[Knote: \x1b[m\x1b[K  template argument deduction/substitution failed:\n'}
[5.212250] (pico_kinova) StderrLine: {'line': b'\x1b[01m\x1b[K/home/rpp/Desktop/pico_kinova/pico_kinova/src/pico_kinova.cpp:309:22:\x1b[m\x1b[K \x1b[01;36m\x1b[Knote: \x1b[m\x1b[K  candidate expects 2 arguments, 4 provided\n'}
[5.212290] (pico_kinova) StderrLine: {'line': b'  309 |             \x1b[01;36m\x1b[Kplt::plot(left_data, left_data_y, "g-", {{"label", "left_y"}})\x1b[m\x1b[K;\n'}
[5.212328] (pico_kinova) StderrLine: {'line': b'      |             \x1b[01;36m\x1b[K~~~~~~~~~^~~~~~~~~~~~~~~~~~~~~~~~~~~~~~~~~~~~~~~~~~~~~~~~~~~~~\x1b[m\x1b[K\n'}
[5.212365] (pico_kinova) StderrLine: {'line': b'In file included from \x1b[01m\x1b[K/home/rpp/Desktop/pico_kinova/pico_kinova/src/pico_kinova.cpp:42\x1b[m\x1b[K:\n'}
[5.212403] (pico_kinova) StderrLine: {'line': b'\x1b[01m\x1b[K/home/rpp/Desktop/pico_kinova/pico_kinova/matplotlib/matplotlibcpp.h:2860:6:\x1b[m\x1b[K \x1b[01;36m\x1b[Knote: \x1b[m\x1b[Kcandidate: \xe2\x80\x98\x1b[01m\x1b[Ktemplate<class ... Args> bool matplotlibcpp::plot()\x1b[m\x1b[K\xe2\x80\x99\n'}
[5.212442] (pico_kinova) StderrLine: {'line': b' 2860 | bool \x1b[01;36m\x1b[Kplot\x1b[m\x1b[K() { return true; }\n'}
[5.212478] (pico_kinova) StderrLine: {'line': b'      |      \x1b[01;36m\x1b[K^~~~\x1b[m\x1b[K\n'}
[5.212517] (pico_kinova) StderrLine: {'line': b'\x1b[01m\x1b[K/home/rpp/Desktop/pico_kinova/pico_kinova/matplotlib/matplotlibcpp.h:2860:6:\x1b[m\x1b[K \x1b[01;36m\x1b[Knote: \x1b[m\x1b[K  template argument deduction/substitution failed:\n'}
[5.212559] (pico_kinova) StderrLine: {'line': b'\x1b[01m\x1b[K/home/rpp/Desktop/pico_kinova/pico_kinova/src/pico_kinova.cpp:309:22:\x1b[m\x1b[K \x1b[01;36m\x1b[Knote: \x1b[m\x1b[K  candidate expects 0 arguments, 4 provided\n'}
[5.212595] (pico_kinova) StderrLine: {'line': b'  309 |             \x1b[01;36m\x1b[Kplt::plot(left_data, left_data_y, "g-", {{"label", "left_y"}})\x1b[m\x1b[K;\n'}
[5.212630] (pico_kinova) StderrLine: {'line': b'      |             \x1b[01;36m\x1b[K~~~~~~~~~^~~~~~~~~~~~~~~~~~~~~~~~~~~~~~~~~~~~~~~~~~~~~~~~~~~~~\x1b[m\x1b[K\n'}
[5.212663] (pico_kinova) StderrLine: {'line': b'In file included from \x1b[01m\x1b[K/home/rpp/Desktop/pico_kinova/pico_kinova/src/pico_kinova.cpp:42\x1b[m\x1b[K:\n'}
[5.212699] (pico_kinova) StderrLine: {'line': b'\x1b[01m\x1b[K/home/rpp/Desktop/pico_kinova/pico_kinova/matplotlib/matplotlibcpp.h:2863:6:\x1b[m\x1b[K \x1b[01;36m\x1b[Knote: \x1b[m\x1b[Kcandidate: \xe2\x80\x98\x1b[01m\x1b[Kbool matplotlibcpp::plot(const A&, const B&, const string&, Args ...) [with A = std::vector<double>; B = std::vector<double>; Args = {}; std::string = std::__cxx11::basic_string<char>]\x1b[m\x1b[K\xe2\x80\x99\n'}
[5.212736] (pico_kinova) StderrLine: {'line': b' 2863 | bool \x1b[01;36m\x1b[Kplot\x1b[m\x1b[K(const A& a, const B& b, const std::string& format, Args... args)\n'}
[5.212773] (pico_kinova) StderrLine: {'line': b'      |      \x1b[01;36m\x1b[K^~~~\x1b[m\x1b[K\n'}
[5.212808] (pico_kinova) StderrLine: {'line': b'\x1b[01m\x1b[K/home/rpp/Desktop/pico_kinova/pico_kinova/matplotlib/matplotlibcpp.h:2863:6:\x1b[m\x1b[K \x1b[01;36m\x1b[Knote: \x1b[m\x1b[K  candidate expects 3 arguments, 4 provided\n'}
[5.212843] (pico_kinova) StderrLine: {'line': b'\x1b[01m\x1b[K/home/rpp/Desktop/pico_kinova/pico_kinova/matplotlib/matplotlibcpp.h:2872:13:\x1b[m\x1b[K \x1b[01;36m\x1b[Knote: \x1b[m\x1b[Kcandidate: \xe2\x80\x98\x1b[01m\x1b[Kbool matplotlibcpp::plot(const std::vector<double>&, const std::vector<double>&, const string&)\x1b[m\x1b[K\xe2\x80\x99\n'}
[5.212882] (pico_kinova) StderrLine: {'line': b' 2872 | inline bool \x1b[01;36m\x1b[Kplot\x1b[m\x1b[K(const std::vector<double>& x, const std::vector<double>& y, const std::string& format = "") {\n'}
[5.212918] (pico_kinova) StderrLine: {'line': b'      |             \x1b[01;36m\x1b[K^~~~\x1b[m\x1b[K\n'}
[5.212957] (pico_kinova) StderrLine: {'line': b'\x1b[01m\x1b[K/home/rpp/Desktop/pico_kinova/pico_kinova/matplotlib/matplotlibcpp.h:2872:13:\x1b[m\x1b[K \x1b[01;36m\x1b[Knote: \x1b[m\x1b[K  candidate expects 3 arguments, 4 provided\n'}
[5.212995] (pico_kinova) StderrLine: {'line': b'\x1b[01m\x1b[K/home/rpp/Desktop/pico_kinova/pico_kinova/matplotlib/matplotlibcpp.h:2876:13:\x1b[m\x1b[K \x1b[01;36m\x1b[Knote: \x1b[m\x1b[Kcandidate: \xe2\x80\x98\x1b[01m\x1b[Kbool matplotlibcpp::plot(const std::vector<double>&, const string&)\x1b[m\x1b[K\xe2\x80\x99\n'}
[5.213035] (pico_kinova) StderrLine: {'line': b' 2876 | inline bool \x1b[01;36m\x1b[Kplot\x1b[m\x1b[K(const std::vector<double>& y, const std::string& format = "") {\n'}
[5.213075] (pico_kinova) StderrLine: {'line': b'      |             \x1b[01;36m\x1b[K^~~~\x1b[m\x1b[K\n'}
[5.213112] (pico_kinova) StderrLine: {'line': b'\x1b[01m\x1b[K/home/rpp/Desktop/pico_kinova/pico_kinova/matplotlib/matplotlibcpp.h:2876:13:\x1b[m\x1b[K \x1b[01;36m\x1b[Knote: \x1b[m\x1b[K  candidate expects 2 arguments, 4 provided\n'}
[5.213149] (pico_kinova) StderrLine: {'line': b'\x1b[01m\x1b[K/home/rpp/Desktop/pico_kinova/pico_kinova/matplotlib/matplotlibcpp.h:2880:13:\x1b[m\x1b[K \x1b[01;36m\x1b[Knote: \x1b[m\x1b[Kcandidate: \xe2\x80\x98\x1b[01m\x1b[Kbool matplotlibcpp::plot(const std::vector<double>&, const std::vector<double>&, const std::map<std::__cxx11::basic_string<char>, std::__cxx11::basic_string<char> >&)\x1b[m\x1b[K\xe2\x80\x99\n'}
[5.213186] (pico_kinova) StderrLine: {'line': b' 2880 | inline bool \x1b[01;36m\x1b[Kplot\x1b[m\x1b[K(const std::vector<double>& x, const std::vector<double>& y, const std::map<std::string, std::string>& keywords) {\n'}
[5.213224] (pico_kinova) StderrLine: {'line': b'      |             \x1b[01;36m\x1b[K^~~~\x1b[m\x1b[K\n'}
[5.213261] (pico_kinova) StderrLine: {'line': b'\x1b[01m\x1b[K/home/rpp/Desktop/pico_kinova/pico_kinova/matplotlib/matplotlibcpp.h:2880:13:\x1b[m\x1b[K \x1b[01;36m\x1b[Knote: \x1b[m\x1b[K  candidate expects 3 arguments, 4 provided\n'}
[5.213297] (pico_kinova) StderrLine: {'line': b'\x1b[01m\x1b[K/home/rpp/Desktop/pico_kinova/pico_kinova/src/pico_kinova.cpp:310:22:\x1b[m\x1b[K \x1b[01;31m\x1b[Kerror: \x1b[m\x1b[Kno matching function for call to \xe2\x80\x98\x1b[01m\x1b[Kplot(std::vector<double>&, std::vector<double>&, const char [3], <brace-enclosed initializer list>)\x1b[m\x1b[K\xe2\x80\x99\n'}
[5.213334] (pico_kinova) StderrLine: {'line': b'  310 |             \x1b[01;31m\x1b[Kplt::plot(left_data, left_data_z, "b-", {{"label", "left_z"}})\x1b[m\x1b[K;\n'}
[5.213369] (pico_kinova) StderrLine: {'line': b'      |             \x1b[01;31m\x1b[K~~~~~~~~~^~~~~~~~~~~~~~~~~~~~~~~~~~~~~~~~~~~~~~~~~~~~~~~~~~~~~\x1b[m\x1b[K\n'}
[5.213406] (pico_kinova) StderrLine: {'line': b'In file included from \x1b[01m\x1b[K/home/rpp/Desktop/pico_kinova/pico_kinova/src/pico_kinova.cpp:42\x1b[m\x1b[K:\n'}
[5.213442] (pico_kinova) StderrLine: {'line': b'\x1b[01m\x1b[K/home/rpp/Desktop/pico_kinova/pico_kinova/matplotlib/matplotlibcpp.h:442:6:\x1b[m\x1b[K \x1b[01;36m\x1b[Knote: \x1b[m\x1b[Kcandidate: \xe2\x80\x98\x1b[01m\x1b[Ktemplate<class Numeric> bool matplotlibcpp::plot(const std::vector<BufferT>&, const std::vector<BufferT>&, const std::map<std::__cxx11::basic_string<char>, std::__cxx11::basic_string<char> >&)\x1b[m\x1b[K\xe2\x80\x99\n'}
[5.213479] (pico_kinova) StderrLine: {'line': b'  442 | bool \x1b[01;36m\x1b[Kplot\x1b[m\x1b[K(const std::vector<Numeric> &x, const std::vector<Numeric> &y, const std::map<std::string, std::string>& keywords)\n'}
[5.213515] (pico_kinova) StderrLine: {'line': b'      |      \x1b[01;36m\x1b[K^~~~\x1b[m\x1b[K\n'}
[5.213551] (pico_kinova) StderrLine: {'line': b'\x1b[01m\x1b[K/home/rpp/Desktop/pico_kinova/pico_kinova/matplotlib/matplotlibcpp.h:442:6:\x1b[m\x1b[K \x1b[01;36m\x1b[Knote: \x1b[m\x1b[K  template argument deduction/substitution failed:\n'}
[5.213591] (pico_kinova) StderrLine: {'line': b'\x1b[01m\x1b[K/home/rpp/Desktop/pico_kinova/pico_kinova/src/pico_kinova.cpp:310:22:\x1b[m\x1b[K \x1b[01;36m\x1b[Knote: \x1b[m\x1b[K  candidate expects 3 arguments, 4 provided\n'}
[5.213627] (pico_kinova) StderrLine: {'line': b'  310 |             \x1b[01;36m\x1b[Kplt::plot(left_data, left_data_z, "b-", {{"label", "left_z"}})\x1b[m\x1b[K;\n'}
[5.213663] (pico_kinova) StderrLine: {'line': b'      |             \x1b[01;36m\x1b[K~~~~~~~~~^~~~~~~~~~~~~~~~~~~~~~~~~~~~~~~~~~~~~~~~~~~~~~~~~~~~~\x1b[m\x1b[K\n'}
[5.213700] (pico_kinova) StderrLine: {'line': b'In file included from \x1b[01m\x1b[K/home/rpp/Desktop/pico_kinova/pico_kinova/src/pico_kinova.cpp:42\x1b[m\x1b[K:\n'}
[5.213735] (pico_kinova) StderrLine: {'line': b'\x1b[01m\x1b[K/home/rpp/Desktop/pico_kinova/pico_kinova/matplotlib/matplotlibcpp.h:1358:6:\x1b[m\x1b[K \x1b[01;36m\x1b[Knote: \x1b[m\x1b[Kcandidate: \xe2\x80\x98\x1b[01m\x1b[Ktemplate<class NumericX, class NumericY> bool matplotlibcpp::plot(const std::vector<BufferT>&, const std::vector<_ValT>&, const string&)\x1b[m\x1b[K\xe2\x80\x99\n'}
[5.213772] (pico_kinova) StderrLine: {'line': b' 1358 | bool \x1b[01;36m\x1b[Kplot\x1b[m\x1b[K(const std::vector<NumericX>& x, const std::vector<NumericY>& y, const std::string& s = "")\n'}
[5.213810] (pico_kinova) StderrLine: {'line': b'      |      \x1b[01;36m\x1b[K^~~~\x1b[m\x1b[K\n'}
[5.213845] (pico_kinova) StderrLine: {'line': b'\x1b[01m\x1b[K/home/rpp/Desktop/pico_kinova/pico_kinova/matplotlib/matplotlibcpp.h:1358:6:\x1b[m\x1b[K \x1b[01;36m\x1b[Knote: \x1b[m\x1b[K  template argument deduction/substitution failed:\n'}
[5.213882] (pico_kinova) StderrLine: {'line': b'\x1b[01m\x1b[K/home/rpp/Desktop/pico_kinova/pico_kinova/src/pico_kinova.cpp:310:22:\x1b[m\x1b[K \x1b[01;36m\x1b[Knote: \x1b[m\x1b[K  candidate expects 3 arguments, 4 provided\n'}
[5.213919] (pico_kinova) StderrLine: {'line': b'  310 |             \x1b[01;36m\x1b[Kplt::plot(left_data, left_data_z, "b-", {{"label", "left_z"}})\x1b[m\x1b[K;\n'}
[5.213958] (pico_kinova) StderrLine: {'line': b'      |             \x1b[01;36m\x1b[K~~~~~~~~~^~~~~~~~~~~~~~~~~~~~~~~~~~~~~~~~~~~~~~~~~~~~~~~~~~~~~\x1b[m\x1b[K\n'}
[5.213994] (pico_kinova) StderrLine: {'line': b'In file included from \x1b[01m\x1b[K/home/rpp/Desktop/pico_kinova/pico_kinova/src/pico_kinova.cpp:42\x1b[m\x1b[K:\n'}
[5.214029] (pico_kinova) StderrLine: {'line': b'\x1b[01m\x1b[K/home/rpp/Desktop/pico_kinova/pico_kinova/matplotlib/matplotlibcpp.h:1810:6:\x1b[m\x1b[K \x1b[01;36m\x1b[Knote: \x1b[m\x1b[Kcandidate: \xe2\x80\x98\x1b[01m\x1b[Ktemplate<class Numeric> bool matplotlibcpp::plot(const std::vector<BufferT>&, const string&)\x1b[m\x1b[K\xe2\x80\x99\n'}
[5.214065] (pico_kinova) StderrLine: {'line': b' 1810 | bool \x1b[01;36m\x1b[Kplot\x1b[m\x1b[K(const std::vector<Numeric>& y, const std::string& format = "")\n'}
[5.214101] (pico_kinova) StderrLine: {'line': b'      |      \x1b[01;36m\x1b[K^~~~\x1b[m\x1b[K\n'}
[5.214138] (pico_kinova) StderrLine: {'line': b'\x1b[01m\x1b[K/home/rpp/Desktop/pico_kinova/pico_kinova/matplotlib/matplotlibcpp.h:1810:6:\x1b[m\x1b[K \x1b[01;36m\x1b[Knote: \x1b[m\x1b[K  template argument deduction/substitution failed:\n'}
[5.214175] (pico_kinova) StderrLine: {'line': b'\x1b[01m\x1b[K/home/rpp/Desktop/pico_kinova/pico_kinova/src/pico_kinova.cpp:310:22:\x1b[m\x1b[K \x1b[01;36m\x1b[Knote: \x1b[m\x1b[K  candidate expects 2 arguments, 4 provided\n'}
[5.214210] (pico_kinova) StderrLine: {'line': b'  310 |             \x1b[01;36m\x1b[Kplt::plot(left_data, left_data_z, "b-", {{"label", "left_z"}})\x1b[m\x1b[K;\n'}
[5.214247] (pico_kinova) StderrLine: {'line': b'      |             \x1b[01;36m\x1b[K~~~~~~~~~^~~~~~~~~~~~~~~~~~~~~~~~~~~~~~~~~~~~~~~~~~~~~~~~~~~~~\x1b[m\x1b[K\n'}
[5.214285] (pico_kinova) StderrLine: {'line': b'In file included from \x1b[01m\x1b[K/home/rpp/Desktop/pico_kinova/pico_kinova/src/pico_kinova.cpp:42\x1b[m\x1b[K:\n'}
[5.214321] (pico_kinova) StderrLine: {'line': b'\x1b[01m\x1b[K/home/rpp/Desktop/pico_kinova/pico_kinova/matplotlib/matplotlibcpp.h:1818:6:\x1b[m\x1b[K \x1b[01;36m\x1b[Knote: \x1b[m\x1b[Kcandidate: \xe2\x80\x98\x1b[01m\x1b[Ktemplate<class Numeric> bool matplotlibcpp::plot(const std::vector<BufferT>&, const std::map<std::__cxx11::basic_string<char>, std::__cxx11::basic_string<char> >&)\x1b[m\x1b[K\xe2\x80\x99\n'}
[5.214360] (pico_kinova) StderrLine: {'line': b' 1818 | bool \x1b[01;36m\x1b[Kplot\x1b[m\x1b[K(const std::vector<Numeric>& y, const std::map<std::string, std::string>& keywords)\n'}
[5.214399] (pico_kinova) StderrLine: {'line': b'      |      \x1b[01;36m\x1b[K^~~~\x1b[m\x1b[K\n'}
[5.214436] (pico_kinova) StderrLine: {'line': b'\x1b[01m\x1b[K/home/rpp/Desktop/pico_kinova/pico_kinova/matplotlib/matplotlibcpp.h:1818:6:\x1b[m\x1b[K \x1b[01;36m\x1b[Knote: \x1b[m\x1b[K  template argument deduction/substitution failed:\n'}
[5.214472] (pico_kinova) StderrLine: {'line': b'\x1b[01m\x1b[K/home/rpp/Desktop/pico_kinova/pico_kinova/src/pico_kinova.cpp:310:22:\x1b[m\x1b[K \x1b[01;36m\x1b[Knote: \x1b[m\x1b[K  candidate expects 2 arguments, 4 provided\n'}
[5.214508] (pico_kinova) StderrLine: {'line': b'  310 |             \x1b[01;36m\x1b[Kplt::plot(left_data, left_data_z, "b-", {{"label", "left_z"}})\x1b[m\x1b[K;\n'}
[5.214544] (pico_kinova) StderrLine: {'line': b'      |             \x1b[01;36m\x1b[K~~~~~~~~~^~~~~~~~~~~~~~~~~~~~~~~~~~~~~~~~~~~~~~~~~~~~~~~~~~~~~\x1b[m\x1b[K\n'}
[5.214581] (pico_kinova) StderrLine: {'line': b'In file included from \x1b[01m\x1b[K/home/rpp/Desktop/pico_kinova/pico_kinova/src/pico_kinova.cpp:42\x1b[m\x1b[K:\n'}
[5.214618] (pico_kinova) StderrLine: {'line': b'\x1b[01m\x1b[K/home/rpp/Desktop/pico_kinova/pico_kinova/matplotlib/matplotlibcpp.h:2860:6:\x1b[m\x1b[K \x1b[01;36m\x1b[Knote: \x1b[m\x1b[Kcandidate: \xe2\x80\x98\x1b[01m\x1b[Ktemplate<class ... Args> bool matplotlibcpp::plot()\x1b[m\x1b[K\xe2\x80\x99\n'}
[5.214656] (pico_kinova) StderrLine: {'line': b' 2860 | bool \x1b[01;36m\x1b[Kplot\x1b[m\x1b[K() { return true; }\n'}
[5.214692] (pico_kinova) StderrLine: {'line': b'      |      \x1b[01;36m\x1b[K^~~~\x1b[m\x1b[K\n'}
[5.214730] (pico_kinova) StderrLine: {'line': b'\x1b[01m\x1b[K/home/rpp/Desktop/pico_kinova/pico_kinova/matplotlib/matplotlibcpp.h:2860:6:\x1b[m\x1b[K \x1b[01;36m\x1b[Knote: \x1b[m\x1b[K  template argument deduction/substitution failed:\n'}
[5.214766] (pico_kinova) StderrLine: {'line': b'\x1b[01m\x1b[K/home/rpp/Desktop/pico_kinova/pico_kinova/src/pico_kinova.cpp:310:22:\x1b[m\x1b[K \x1b[01;36m\x1b[Knote: \x1b[m\x1b[K  candidate expects 0 arguments, 4 provided\n'}
[5.214802] (pico_kinova) StderrLine: {'line': b'  310 |             \x1b[01;36m\x1b[Kplt::plot(left_data, left_data_z, "b-", {{"label", "left_z"}})\x1b[m\x1b[K;\n'}
[5.214837] (pico_kinova) StderrLine: {'line': b'      |             \x1b[01;36m\x1b[K~~~~~~~~~^~~~~~~~~~~~~~~~~~~~~~~~~~~~~~~~~~~~~~~~~~~~~~~~~~~~~\x1b[m\x1b[K\n'}
[5.214873] (pico_kinova) StderrLine: {'line': b'In file included from \x1b[01m\x1b[K/home/rpp/Desktop/pico_kinova/pico_kinova/src/pico_kinova.cpp:42\x1b[m\x1b[K:\n'}
[5.214907] (pico_kinova) StderrLine: {'line': b'\x1b[01m\x1b[K/home/rpp/Desktop/pico_kinova/pico_kinova/matplotlib/matplotlibcpp.h:2863:6:\x1b[m\x1b[K \x1b[01;36m\x1b[Knote: \x1b[m\x1b[Kcandidate: \xe2\x80\x98\x1b[01m\x1b[Kbool matplotlibcpp::plot(const A&, const B&, const string&, Args ...) [with A = std::vector<double>; B = std::vector<double>; Args = {}; std::string = std::__cxx11::basic_string<char>]\x1b[m\x1b[K\xe2\x80\x99\n'}
[5.214950] (pico_kinova) StderrLine: {'line': b' 2863 | bool \x1b[01;36m\x1b[Kplot\x1b[m\x1b[K(const A& a, const B& b, const std::string& format, Args... args)\n'}
[5.214988] (pico_kinova) StderrLine: {'line': b'      |      \x1b[01;36m\x1b[K^~~~\x1b[m\x1b[K\n'}
[5.215025] (pico_kinova) StderrLine: {'line': b'\x1b[01m\x1b[K/home/rpp/Desktop/pico_kinova/pico_kinova/matplotlib/matplotlibcpp.h:2863:6:\x1b[m\x1b[K \x1b[01;36m\x1b[Knote: \x1b[m\x1b[K  candidate expects 3 arguments, 4 provided\n'}
[5.215061] (pico_kinova) StderrLine: {'line': b'\x1b[01m\x1b[K/home/rpp/Desktop/pico_kinova/pico_kinova/matplotlib/matplotlibcpp.h:2872:13:\x1b[m\x1b[K \x1b[01;36m\x1b[Knote: \x1b[m\x1b[Kcandidate: \xe2\x80\x98\x1b[01m\x1b[Kbool matplotlibcpp::plot(const std::vector<double>&, const std::vector<double>&, const string&)\x1b[m\x1b[K\xe2\x80\x99\n'}
[5.215101] (pico_kinova) StderrLine: {'line': b' 2872 | inline bool \x1b[01;36m\x1b[Kplot\x1b[m\x1b[K(const std::vector<double>& x, const std::vector<double>& y, const std::string& format = "") {\n'}
[5.215136] (pico_kinova) StderrLine: {'line': b'      |             \x1b[01;36m\x1b[K^~~~\x1b[m\x1b[K\n'}
[5.215172] (pico_kinova) StderrLine: {'line': b'\x1b[01m\x1b[K/home/rpp/Desktop/pico_kinova/pico_kinova/matplotlib/matplotlibcpp.h:2872:13:\x1b[m\x1b[K \x1b[01;36m\x1b[Knote: \x1b[m\x1b[K  candidate expects 3 arguments, 4 provided\n'}
[5.215207] (pico_kinova) StderrLine: {'line': b'\x1b[01m\x1b[K/home/rpp/Desktop/pico_kinova/pico_kinova/matplotlib/matplotlibcpp.h:2876:13:\x1b[m\x1b[K \x1b[01;36m\x1b[Knote: \x1b[m\x1b[Kcandidate: \xe2\x80\x98\x1b[01m\x1b[Kbool matplotlibcpp::plot(const std::vector<double>&, const string&)\x1b[m\x1b[K\xe2\x80\x99\n'}
[5.215243] (pico_kinova) StderrLine: {'line': b' 2876 | inline bool \x1b[01;36m\x1b[Kplot\x1b[m\x1b[K(const std::vector<double>& y, const std::string& format = "") {\n'}
[5.215282] (pico_kinova) StderrLine: {'line': b'      |             \x1b[01;36m\x1b[K^~~~\x1b[m\x1b[K\n'}
[5.215319] (pico_kinova) StderrLine: {'line': b'\x1b[01m\x1b[K/home/rpp/Desktop/pico_kinova/pico_kinova/matplotlib/matplotlibcpp.h:2876:13:\x1b[m\x1b[K \x1b[01;36m\x1b[Knote: \x1b[m\x1b[K  candidate expects 2 arguments, 4 provided\n'}
[5.215357] (pico_kinova) StderrLine: {'line': b'\x1b[01m\x1b[K/home/rpp/Desktop/pico_kinova/pico_kinova/matplotlib/matplotlibcpp.h:2880:13:\x1b[m\x1b[K \x1b[01;36m\x1b[Knote: \x1b[m\x1b[Kcandidate: \xe2\x80\x98\x1b[01m\x1b[Kbool matplotlibcpp::plot(const std::vector<double>&, const std::vector<double>&, const std::map<std::__cxx11::basic_string<char>, std::__cxx11::basic_string<char> >&)\x1b[m\x1b[K\xe2\x80\x99\n'}
[5.215395] (pico_kinova) StderrLine: {'line': b' 2880 | inline bool \x1b[01;36m\x1b[Kplot\x1b[m\x1b[K(const std::vector<double>& x, const std::vector<double>& y, const std::map<std::string, std::string>& keywords) {\n'}
[5.215432] (pico_kinova) StderrLine: {'line': b'      |             \x1b[01;36m\x1b[K^~~~\x1b[m\x1b[K\n'}
[5.215468] (pico_kinova) StderrLine: {'line': b'\x1b[01m\x1b[K/home/rpp/Desktop/pico_kinova/pico_kinova/matplotlib/matplotlibcpp.h:2880:13:\x1b[m\x1b[K \x1b[01;36m\x1b[Knote: \x1b[m\x1b[K  candidate expects 3 arguments, 4 provided\n'}
[5.215505] (pico_kinova) StderrLine: {'line': b'\x1b[01m\x1b[K/home/rpp/Desktop/pico_kinova/pico_kinova/src/pico_kinova.cpp:345:22:\x1b[m\x1b[K \x1b[01;31m\x1b[Kerror: \x1b[m\x1b[Kno matching function for call to \xe2\x80\x98\x1b[01m\x1b[Kplot(std::vector<double>&, std::vector<double>&, const char [4], <brace-enclosed initializer list>)\x1b[m\x1b[K\xe2\x80\x99\n'}
[5.215542] (pico_kinova) StderrLine: {'line': b'  345 |             \x1b[01;31m\x1b[Kplt::plot(right_data, right_data_x, "r--", {{"label", "right_x"}})\x1b[m\x1b[K;\n'}
[5.215577] (pico_kinova) StderrLine: {'line': b'      |             \x1b[01;31m\x1b[K~~~~~~~~~^~~~~~~~~~~~~~~~~~~~~~~~~~~~~~~~~~~~~~~~~~~~~~~~~~~~~~~~~\x1b[m\x1b[K\n'}
[5.215613] (pico_kinova) StderrLine: {'line': b'In file included from \x1b[01m\x1b[K/home/rpp/Desktop/pico_kinova/pico_kinova/src/pico_kinova.cpp:42\x1b[m\x1b[K:\n'}
[5.215649] (pico_kinova) StderrLine: {'line': b'\x1b[01m\x1b[K/home/rpp/Desktop/pico_kinova/pico_kinova/matplotlib/matplotlibcpp.h:442:6:\x1b[m\x1b[K \x1b[01;36m\x1b[Knote: \x1b[m\x1b[Kcandidate: \xe2\x80\x98\x1b[01m\x1b[Ktemplate<class Numeric> bool matplotlibcpp::plot(const std::vector<BufferT>&, const std::vector<BufferT>&, const std::map<std::__cxx11::basic_string<char>, std::__cxx11::basic_string<char> >&)\x1b[m\x1b[K\xe2\x80\x99\n'}
[5.215687] (pico_kinova) StderrLine: {'line': b'  442 | bool \x1b[01;36m\x1b[Kplot\x1b[m\x1b[K(const std::vector<Numeric> &x, const std::vector<Numeric> &y, const std::map<std::string, std::string>& keywords)\n'}
[5.215725] (pico_kinova) StderrLine: {'line': b'      |      \x1b[01;36m\x1b[K^~~~\x1b[m\x1b[K\n'}
[5.215764] (pico_kinova) StderrLine: {'line': b'\x1b[01m\x1b[K/home/rpp/Desktop/pico_kinova/pico_kinova/matplotlib/matplotlibcpp.h:442:6:\x1b[m\x1b[K \x1b[01;36m\x1b[Knote: \x1b[m\x1b[K  template argument deduction/substitution failed:\n'}
[5.215801] (pico_kinova) StderrLine: {'line': b'\x1b[01m\x1b[K/home/rpp/Desktop/pico_kinova/pico_kinova/src/pico_kinova.cpp:345:22:\x1b[m\x1b[K \x1b[01;36m\x1b[Knote: \x1b[m\x1b[K  candidate expects 3 arguments, 4 provided\n'}
[5.215838] (pico_kinova) StderrLine: {'line': b'  345 |             \x1b[01;36m\x1b[Kplt::plot(right_data, right_data_x, "r--", {{"label", "right_x"}})\x1b[m\x1b[K;\n'}
[5.215874] (pico_kinova) StderrLine: {'line': b'      |             \x1b[01;36m\x1b[K~~~~~~~~~^~~~~~~~~~~~~~~~~~~~~~~~~~~~~~~~~~~~~~~~~~~~~~~~~~~~~~~~~\x1b[m\x1b[K\n'}
[5.215909] (pico_kinova) StderrLine: {'line': b'In file included from \x1b[01m\x1b[K/home/rpp/Desktop/pico_kinova/pico_kinova/src/pico_kinova.cpp:42\x1b[m\x1b[K:\n'}
[5.215946] (pico_kinova) StderrLine: {'line': b'\x1b[01m\x1b[K/home/rpp/Desktop/pico_kinova/pico_kinova/matplotlib/matplotlibcpp.h:1358:6:\x1b[m\x1b[K \x1b[01;36m\x1b[Knote: \x1b[m\x1b[Kcandidate: \xe2\x80\x98\x1b[01m\x1b[Ktemplate<class NumericX, class NumericY> bool matplotlibcpp::plot(const std::vector<BufferT>&, const std::vector<_ValT>&, const string&)\x1b[m\x1b[K\xe2\x80\x99\n'}
[5.215987] (pico_kinova) StderrLine: {'line': b' 1358 | bool \x1b[01;36m\x1b[Kplot\x1b[m\x1b[K(const std::vector<NumericX>& x, const std::vector<NumericY>& y, const std::string& s = "")\n'}
[5.216022] (pico_kinova) StderrLine: {'line': b'      |      \x1b[01;36m\x1b[K^~~~\x1b[m\x1b[K\n'}
[5.216059] (pico_kinova) StderrLine: {'line': b'\x1b[01m\x1b[K/home/rpp/Desktop/pico_kinova/pico_kinova/matplotlib/matplotlibcpp.h:1358:6:\x1b[m\x1b[K \x1b[01;36m\x1b[Knote: \x1b[m\x1b[K  template argument deduction/substitution failed:\n'}
[5.216094] (pico_kinova) StderrLine: {'line': b'\x1b[01m\x1b[K/home/rpp/Desktop/pico_kinova/pico_kinova/src/pico_kinova.cpp:345:22:\x1b[m\x1b[K \x1b[01;36m\x1b[Knote: \x1b[m\x1b[K  candidate expects 3 arguments, 4 provided\n'}
[5.216131] (pico_kinova) StderrLine: {'line': b'  345 |             \x1b[01;36m\x1b[Kplt::plot(right_data, right_data_x, "r--", {{"label", "right_x"}})\x1b[m\x1b[K;\n'}
[5.216166] (pico_kinova) StderrLine: {'line': b'      |             \x1b[01;36m\x1b[K~~~~~~~~~^~~~~~~~~~~~~~~~~~~~~~~~~~~~~~~~~~~~~~~~~~~~~~~~~~~~~~~~~\x1b[m\x1b[K\n'}
[5.216202] (pico_kinova) StderrLine: {'line': b'In file included from \x1b[01m\x1b[K/home/rpp/Desktop/pico_kinova/pico_kinova/src/pico_kinova.cpp:42\x1b[m\x1b[K:\n'}
[5.216237] (pico_kinova) StderrLine: {'line': b'\x1b[01m\x1b[K/home/rpp/Desktop/pico_kinova/pico_kinova/matplotlib/matplotlibcpp.h:1810:6:\x1b[m\x1b[K \x1b[01;36m\x1b[Knote: \x1b[m\x1b[Kcandidate: \xe2\x80\x98\x1b[01m\x1b[Ktemplate<class Numeric> bool matplotlibcpp::plot(const std::vector<BufferT>&, const string&)\x1b[m\x1b[K\xe2\x80\x99\n'}
[5.216273] (pico_kinova) StderrLine: {'line': b' 1810 | bool \x1b[01;36m\x1b[Kplot\x1b[m\x1b[K(const std::vector<Numeric>& y, const std::string& format = "")\n'}
[5.216308] (pico_kinova) StderrLine: {'line': b'      |      \x1b[01;36m\x1b[K^~~~\x1b[m\x1b[K\n'}
[5.216345] (pico_kinova) StderrLine: {'line': b'\x1b[01m\x1b[K/home/rpp/Desktop/pico_kinova/pico_kinova/matplotlib/matplotlibcpp.h:1810:6:\x1b[m\x1b[K \x1b[01;36m\x1b[Knote: \x1b[m\x1b[K  template argument deduction/substitution failed:\n'}
[5.216385] (pico_kinova) StderrLine: {'line': b'\x1b[01m\x1b[K/home/rpp/Desktop/pico_kinova/pico_kinova/src/pico_kinova.cpp:345:22:\x1b[m\x1b[K \x1b[01;36m\x1b[Knote: \x1b[m\x1b[K  candidate expects 2 arguments, 4 provided\n'}
[5.216422] (pico_kinova) StderrLine: {'line': b'  345 |             \x1b[01;36m\x1b[Kplt::plot(right_data, right_data_x, "r--", {{"label", "right_x"}})\x1b[m\x1b[K;\n'}
[5.216457] (pico_kinova) StderrLine: {'line': b'      |             \x1b[01;36m\x1b[K~~~~~~~~~^~~~~~~~~~~~~~~~~~~~~~~~~~~~~~~~~~~~~~~~~~~~~~~~~~~~~~~~~\x1b[m\x1b[K\n'}
[5.216492] (pico_kinova) StderrLine: {'line': b'In file included from \x1b[01m\x1b[K/home/rpp/Desktop/pico_kinova/pico_kinova/src/pico_kinova.cpp:42\x1b[m\x1b[K:\n'}
[5.216528] (pico_kinova) StderrLine: {'line': b'\x1b[01m\x1b[K/home/rpp/Desktop/pico_kinova/pico_kinova/matplotlib/matplotlibcpp.h:1818:6:\x1b[m\x1b[K \x1b[01;36m\x1b[Knote: \x1b[m\x1b[Kcandidate: \xe2\x80\x98\x1b[01m\x1b[Ktemplate<class Numeric> bool matplotlibcpp::plot(const std::vector<BufferT>&, const std::map<std::__cxx11::basic_string<char>, std::__cxx11::basic_string<char> >&)\x1b[m\x1b[K\xe2\x80\x99\n'}
[5.216565] (pico_kinova) StderrLine: {'line': b' 1818 | bool \x1b[01;36m\x1b[Kplot\x1b[m\x1b[K(const std::vector<Numeric>& y, const std::map<std::string, std::string>& keywords)\n'}
[5.216601] (pico_kinova) StderrLine: {'line': b'      |      \x1b[01;36m\x1b[K^~~~\x1b[m\x1b[K\n'}
[5.216639] (pico_kinova) StderrLine: {'line': b'\x1b[01m\x1b[K/home/rpp/Desktop/pico_kinova/pico_kinova/matplotlib/matplotlibcpp.h:1818:6:\x1b[m\x1b[K \x1b[01;36m\x1b[Knote: \x1b[m\x1b[K  template argument deduction/substitution failed:\n'}
[5.216674] (pico_kinova) StderrLine: {'line': b'\x1b[01m\x1b[K/home/rpp/Desktop/pico_kinova/pico_kinova/src/pico_kinova.cpp:345:22:\x1b[m\x1b[K \x1b[01;36m\x1b[Knote: \x1b[m\x1b[K  candidate expects 2 arguments, 4 provided\n'}
[5.216711] (pico_kinova) StderrLine: {'line': b'  345 |             \x1b[01;36m\x1b[Kplt::plot(right_data, right_data_x, "r--", {{"label", "right_x"}})\x1b[m\x1b[K;\n'}
[5.216746] (pico_kinova) StderrLine: {'line': b'      |             \x1b[01;36m\x1b[K~~~~~~~~~^~~~~~~~~~~~~~~~~~~~~~~~~~~~~~~~~~~~~~~~~~~~~~~~~~~~~~~~~\x1b[m\x1b[K\n'}
[5.216786] (pico_kinova) StderrLine: {'line': b'In file included from \x1b[01m\x1b[K/home/rpp/Desktop/pico_kinova/pico_kinova/src/pico_kinova.cpp:42\x1b[m\x1b[K:\n'}
[5.216824] (pico_kinova) StderrLine: {'line': b'\x1b[01m\x1b[K/home/rpp/Desktop/pico_kinova/pico_kinova/matplotlib/matplotlibcpp.h:2860:6:\x1b[m\x1b[K \x1b[01;36m\x1b[Knote: \x1b[m\x1b[Kcandidate: \xe2\x80\x98\x1b[01m\x1b[Ktemplate<class ... Args> bool matplotlibcpp::plot()\x1b[m\x1b[K\xe2\x80\x99\n'}
[5.216862] (pico_kinova) StderrLine: {'line': b' 2860 | bool \x1b[01;36m\x1b[Kplot\x1b[m\x1b[K() { return true; }\n'}
[5.216899] (pico_kinova) StderrLine: {'line': b'      |      \x1b[01;36m\x1b[K^~~~\x1b[m\x1b[K\n'}
[5.216938] (pico_kinova) StderrLine: {'line': b'\x1b[01m\x1b[K/home/rpp/Desktop/pico_kinova/pico_kinova/matplotlib/matplotlibcpp.h:2860:6:\x1b[m\x1b[K \x1b[01;36m\x1b[Knote: \x1b[m\x1b[K  template argument deduction/substitution failed:\n'}
[5.216981] (pico_kinova) StderrLine: {'line': b'\x1b[01m\x1b[K/home/rpp/Desktop/pico_kinova/pico_kinova/src/pico_kinova.cpp:345:22:\x1b[m\x1b[K \x1b[01;36m\x1b[Knote: \x1b[m\x1b[K  candidate expects 0 arguments, 4 provided\n'}
[5.217018] (pico_kinova) StderrLine: {'line': b'  345 |             \x1b[01;36m\x1b[Kplt::plot(right_data, right_data_x, "r--", {{"label", "right_x"}})\x1b[m\x1b[K;\n'}
[5.217055] (pico_kinova) StderrLine: {'line': b'      |             \x1b[01;36m\x1b[K~~~~~~~~~^~~~~~~~~~~~~~~~~~~~~~~~~~~~~~~~~~~~~~~~~~~~~~~~~~~~~~~~~\x1b[m\x1b[K\n'}
[5.217093] (pico_kinova) StderrLine: {'line': b'In file included from \x1b[01m\x1b[K/home/rpp/Desktop/pico_kinova/pico_kinova/src/pico_kinova.cpp:42\x1b[m\x1b[K:\n'}
[5.217132] (pico_kinova) StderrLine: {'line': b'\x1b[01m\x1b[K/home/rpp/Desktop/pico_kinova/pico_kinova/matplotlib/matplotlibcpp.h:2863:6:\x1b[m\x1b[K \x1b[01;36m\x1b[Knote: \x1b[m\x1b[Kcandidate: \xe2\x80\x98\x1b[01m\x1b[Kbool matplotlibcpp::plot(const A&, const B&, const string&, Args ...) [with A = std::vector<double>; B = std::vector<double>; Args = {}; std::string = std::__cxx11::basic_string<char>]\x1b[m\x1b[K\xe2\x80\x99\n'}
[5.217172] (pico_kinova) StderrLine: {'line': b' 2863 | bool \x1b[01;36m\x1b[Kplot\x1b[m\x1b[K(const A& a, const B& b, const std::string& format, Args... args)\n'}
[5.217219] (pico_kinova) StderrLine: {'line': b'      |      \x1b[01;36m\x1b[K^~~~\x1b[m\x1b[K\n'}
[5.217275] (pico_kinova) StderrLine: {'line': b'\x1b[01m\x1b[K/home/rpp/Desktop/pico_kinova/pico_kinova/matplotlib/matplotlibcpp.h:2863:6:\x1b[m\x1b[K \x1b[01;36m\x1b[Knote: \x1b[m\x1b[K  candidate expects 3 arguments, 4 provided\n'}
[5.217335] (pico_kinova) StderrLine: {'line': b'\x1b[01m\x1b[K/home/rpp/Desktop/pico_kinova/pico_kinova/matplotlib/matplotlibcpp.h:2872:13:\x1b[m\x1b[K \x1b[01;36m\x1b[Knote: \x1b[m\x1b[Kcandidate: \xe2\x80\x98\x1b[01m\x1b[Kbool matplotlibcpp::plot(const std::vector<double>&, const std::vector<double>&, const string&)\x1b[m\x1b[K\xe2\x80\x99\n'}
[5.217400] (pico_kinova) StderrLine: {'line': b' 2872 | inline bool \x1b[01;36m\x1b[Kplot\x1b[m\x1b[K(const std::vector<double>& x, const std::vector<double>& y, const std::string& format = "") {\n'}
[5.217442] (pico_kinova) StderrLine: {'line': b'      |             \x1b[01;36m\x1b[K^~~~\x1b[m\x1b[K\n'}
[5.217484] (pico_kinova) StderrLine: {'line': b'\x1b[01m\x1b[K/home/rpp/Desktop/pico_kinova/pico_kinova/matplotlib/matplotlibcpp.h:2872:13:\x1b[m\x1b[K \x1b[01;36m\x1b[Knote: \x1b[m\x1b[K  candidate expects 3 arguments, 4 provided\n'}
[5.217523] (pico_kinova) StderrLine: {'line': b'\x1b[01m\x1b[K/home/rpp/Desktop/pico_kinova/pico_kinova/matplotlib/matplotlibcpp.h:2876:13:\x1b[m\x1b[K \x1b[01;36m\x1b[Knote: \x1b[m\x1b[Kcandidate: \xe2\x80\x98\x1b[01m\x1b[Kbool matplotlibcpp::plot(const std::vector<double>&, const string&)\x1b[m\x1b[K\xe2\x80\x99\n'}
[5.217570] (pico_kinova) StderrLine: {'line': b' 2876 | inline bool \x1b[01;36m\x1b[Kplot\x1b[m\x1b[K(const std::vector<double>& y, const std::string& format = "") {\n'}
[5.217616] (pico_kinova) StderrLine: {'line': b'      |             \x1b[01;36m\x1b[K^~~~\x1b[m\x1b[K\n'}
[5.217656] (pico_kinova) StderrLine: {'line': b'\x1b[01m\x1b[K/home/rpp/Desktop/pico_kinova/pico_kinova/matplotlib/matplotlibcpp.h:2876:13:\x1b[m\x1b[K \x1b[01;36m\x1b[Knote: \x1b[m\x1b[K  candidate expects 2 arguments, 4 provided\n'}
[5.217696] (pico_kinova) StderrLine: {'line': b'\x1b[01m\x1b[K/home/rpp/Desktop/pico_kinova/pico_kinova/matplotlib/matplotlibcpp.h:2880:13:\x1b[m\x1b[K \x1b[01;36m\x1b[Knote: \x1b[m\x1b[Kcandidate: \xe2\x80\x98\x1b[01m\x1b[Kbool matplotlibcpp::plot(const std::vector<double>&, const std::vector<double>&, const std::map<std::__cxx11::basic_string<char>, std::__cxx11::basic_string<char> >&)\x1b[m\x1b[K\xe2\x80\x99\n'}
[5.217736] (pico_kinova) StderrLine: {'line': b' 2880 | inline bool \x1b[01;36m\x1b[Kplot\x1b[m\x1b[K(const std::vector<double>& x, const std::vector<double>& y, const std::map<std::string, std::string>& keywords) {\n'}
[5.217774] (pico_kinova) StderrLine: {'line': b'      |             \x1b[01;36m\x1b[K^~~~\x1b[m\x1b[K\n'}
[5.217811] (pico_kinova) StderrLine: {'line': b'\x1b[01m\x1b[K/home/rpp/Desktop/pico_kinova/pico_kinova/matplotlib/matplotlibcpp.h:2880:13:\x1b[m\x1b[K \x1b[01;36m\x1b[Knote: \x1b[m\x1b[K  candidate expects 3 arguments, 4 provided\n'}
[5.217847] (pico_kinova) StderrLine: {'line': b'\x1b[01m\x1b[K/home/rpp/Desktop/pico_kinova/pico_kinova/src/pico_kinova.cpp:346:22:\x1b[m\x1b[K \x1b[01;31m\x1b[Kerror: \x1b[m\x1b[Kno matching function for call to \xe2\x80\x98\x1b[01m\x1b[Kplot(std::vector<double>&, std::vector<double>&, const char [4], <brace-enclosed initializer list>)\x1b[m\x1b[K\xe2\x80\x99\n'}
[5.217885] (pico_kinova) StderrLine: {'line': b'  346 |             \x1b[01;31m\x1b[Kplt::plot(right_data, right_data_y, "g--", {{"label", "right_y"}})\x1b[m\x1b[K;\n'}
[5.217921] (pico_kinova) StderrLine: {'line': b'      |             \x1b[01;31m\x1b[K~~~~~~~~~^~~~~~~~~~~~~~~~~~~~~~~~~~~~~~~~~~~~~~~~~~~~~~~~~~~~~~~~~\x1b[m\x1b[K\n'}
[5.217966] (pico_kinova) StderrLine: {'line': b'In file included from \x1b[01m\x1b[K/home/rpp/Desktop/pico_kinova/pico_kinova/src/pico_kinova.cpp:42\x1b[m\x1b[K:\n'}
[5.218004] (pico_kinova) StderrLine: {'line': b'\x1b[01m\x1b[K/home/rpp/Desktop/pico_kinova/pico_kinova/matplotlib/matplotlibcpp.h:442:6:\x1b[m\x1b[K \x1b[01;36m\x1b[Knote: \x1b[m\x1b[Kcandidate: \xe2\x80\x98\x1b[01m\x1b[Ktemplate<class Numeric> bool matplotlibcpp::plot(const std::vector<BufferT>&, const std::vector<BufferT>&, const std::map<std::__cxx11::basic_string<char>, std::__cxx11::basic_string<char> >&)\x1b[m\x1b[K\xe2\x80\x99\n'}
[5.218042] (pico_kinova) StderrLine: {'line': b'  442 | bool \x1b[01;36m\x1b[Kplot\x1b[m\x1b[K(const std::vector<Numeric> &x, const std::vector<Numeric> &y, const std::map<std::string, std::string>& keywords)\n'}
[5.218080] (pico_kinova) StderrLine: {'line': b'      |      \x1b[01;36m\x1b[K^~~~\x1b[m\x1b[K\n'}
[5.218117] (pico_kinova) StderrLine: {'line': b'\x1b[01m\x1b[K/home/rpp/Desktop/pico_kinova/pico_kinova/matplotlib/matplotlibcpp.h:442:6:\x1b[m\x1b[K \x1b[01;36m\x1b[Knote: \x1b[m\x1b[K  template argument deduction/substitution failed:\n'}
[5.218153] (pico_kinova) StderrLine: {'line': b'\x1b[01m\x1b[K/home/rpp/Desktop/pico_kinova/pico_kinova/src/pico_kinova.cpp:346:22:\x1b[m\x1b[K \x1b[01;36m\x1b[Knote: \x1b[m\x1b[K  candidate expects 3 arguments, 4 provided\n'}
[5.218191] (pico_kinova) StderrLine: {'line': b'  346 |             \x1b[01;36m\x1b[Kplt::plot(right_data, right_data_y, "g--", {{"label", "right_y"}})\x1b[m\x1b[K;\n'}
[5.218229] (pico_kinova) StderrLine: {'line': b'      |             \x1b[01;36m\x1b[K~~~~~~~~~^~~~~~~~~~~~~~~~~~~~~~~~~~~~~~~~~~~~~~~~~~~~~~~~~~~~~~~~~\x1b[m\x1b[K\n'}
[5.218269] (pico_kinova) StderrLine: {'line': b'In file included from \x1b[01m\x1b[K/home/rpp/Desktop/pico_kinova/pico_kinova/src/pico_kinova.cpp:42\x1b[m\x1b[K:\n'}
[5.218311] (pico_kinova) StderrLine: {'line': b'\x1b[01m\x1b[K/home/rpp/Desktop/pico_kinova/pico_kinova/matplotlib/matplotlibcpp.h:1358:6:\x1b[m\x1b[K \x1b[01;36m\x1b[Knote: \x1b[m\x1b[Kcandidate: \xe2\x80\x98\x1b[01m\x1b[Ktemplate<class NumericX, class NumericY> bool matplotlibcpp::plot(const std::vector<BufferT>&, const std::vector<_ValT>&, const string&)\x1b[m\x1b[K\xe2\x80\x99\n'}
[5.218349] (pico_kinova) StderrLine: {'line': b' 1358 | bool \x1b[01;36m\x1b[Kplot\x1b[m\x1b[K(const std::vector<NumericX>& x, const std::vector<NumericY>& y, const std::string& s = "")\n'}
[5.218388] (pico_kinova) StderrLine: {'line': b'      |      \x1b[01;36m\x1b[K^~~~\x1b[m\x1b[K\n'}
[5.218428] (pico_kinova) StderrLine: {'line': b'\x1b[01m\x1b[K/home/rpp/Desktop/pico_kinova/pico_kinova/matplotlib/matplotlibcpp.h:1358:6:\x1b[m\x1b[K \x1b[01;36m\x1b[Knote: \x1b[m\x1b[K  template argument deduction/substitution failed:\n'}
[5.218470] (pico_kinova) StderrLine: {'line': b'\x1b[01m\x1b[K/home/rpp/Desktop/pico_kinova/pico_kinova/src/pico_kinova.cpp:346:22:\x1b[m\x1b[K \x1b[01;36m\x1b[Knote: \x1b[m\x1b[K  candidate expects 3 arguments, 4 provided\n'}
[5.218527] (pico_kinova) StderrLine: {'line': b'  346 |             \x1b[01;36m\x1b[Kplt::plot(right_data, right_data_y, "g--", {{"label", "right_y"}})\x1b[m\x1b[K;\n'}
[5.218571] (pico_kinova) StderrLine: {'line': b'      |             \x1b[01;36m\x1b[K~~~~~~~~~^~~~~~~~~~~~~~~~~~~~~~~~~~~~~~~~~~~~~~~~~~~~~~~~~~~~~~~~~\x1b[m\x1b[K\n'}
[5.218609] (pico_kinova) StderrLine: {'line': b'In file included from \x1b[01m\x1b[K/home/rpp/Desktop/pico_kinova/pico_kinova/src/pico_kinova.cpp:42\x1b[m\x1b[K:\n'}
[5.218648] (pico_kinova) StderrLine: {'line': b'\x1b[01m\x1b[K/home/rpp/Desktop/pico_kinova/pico_kinova/matplotlib/matplotlibcpp.h:1810:6:\x1b[m\x1b[K \x1b[01;36m\x1b[Knote: \x1b[m\x1b[Kcandidate: \xe2\x80\x98\x1b[01m\x1b[Ktemplate<class Numeric> bool matplotlibcpp::plot(const std::vector<BufferT>&, const string&)\x1b[m\x1b[K\xe2\x80\x99\n'}
[5.218687] (pico_kinova) StderrLine: {'line': b' 1810 | bool \x1b[01;36m\x1b[Kplot\x1b[m\x1b[K(const std::vector<Numeric>& y, const std::string& format = "")\n'}
[5.218725] (pico_kinova) StderrLine: {'line': b'      |      \x1b[01;36m\x1b[K^~~~\x1b[m\x1b[K\n'}
[5.218763] (pico_kinova) StderrLine: {'line': b'\x1b[01m\x1b[K/home/rpp/Desktop/pico_kinova/pico_kinova/matplotlib/matplotlibcpp.h:1810:6:\x1b[m\x1b[K \x1b[01;36m\x1b[Knote: \x1b[m\x1b[K  template argument deduction/substitution failed:\n'}
[5.218804] (pico_kinova) StderrLine: {'line': b'\x1b[01m\x1b[K/home/rpp/Desktop/pico_kinova/pico_kinova/src/pico_kinova.cpp:346:22:\x1b[m\x1b[K \x1b[01;36m\x1b[Knote: \x1b[m\x1b[K  candidate expects 2 arguments, 4 provided\n'}
[5.218840] (pico_kinova) StderrLine: {'line': b'  346 |             \x1b[01;36m\x1b[Kplt::plot(right_data, right_data_y, "g--", {{"label", "right_y"}})\x1b[m\x1b[K;\n'}
[5.218878] (pico_kinova) StderrLine: {'line': b'      |             \x1b[01;36m\x1b[K~~~~~~~~~^~~~~~~~~~~~~~~~~~~~~~~~~~~~~~~~~~~~~~~~~~~~~~~~~~~~~~~~~\x1b[m\x1b[K\n'}
[5.218916] (pico_kinova) StderrLine: {'line': b'In file included from \x1b[01m\x1b[K/home/rpp/Desktop/pico_kinova/pico_kinova/src/pico_kinova.cpp:42\x1b[m\x1b[K:\n'}
[5.218959] (pico_kinova) StderrLine: {'line': b'\x1b[01m\x1b[K/home/rpp/Desktop/pico_kinova/pico_kinova/matplotlib/matplotlibcpp.h:1818:6:\x1b[m\x1b[K \x1b[01;36m\x1b[Knote: \x1b[m\x1b[Kcandidate: \xe2\x80\x98\x1b[01m\x1b[Ktemplate<class Numeric> bool matplotlibcpp::plot(const std::vector<BufferT>&, const std::map<std::__cxx11::basic_string<char>, std::__cxx11::basic_string<char> >&)\x1b[m\x1b[K\xe2\x80\x99\n'}
[5.218999] (pico_kinova) StderrLine: {'line': b' 1818 | bool \x1b[01;36m\x1b[Kplot\x1b[m\x1b[K(const std::vector<Numeric>& y, const std::map<std::string, std::string>& keywords)\n'}
[5.219042] (pico_kinova) StderrLine: {'line': b'      |      \x1b[01;36m\x1b[K^~~~\x1b[m\x1b[K\n'}
[5.219080] (pico_kinova) StderrLine: {'line': b'\x1b[01m\x1b[K/home/rpp/Desktop/pico_kinova/pico_kinova/matplotlib/matplotlibcpp.h:1818:6:\x1b[m\x1b[K \x1b[01;36m\x1b[Knote: \x1b[m\x1b[K  template argument deduction/substitution failed:\n'}
[5.219119] (pico_kinova) StderrLine: {'line': b'\x1b[01m\x1b[K/home/rpp/Desktop/pico_kinova/pico_kinova/src/pico_kinova.cpp:346:22:\x1b[m\x1b[K \x1b[01;36m\x1b[Knote: \x1b[m\x1b[K  candidate expects 2 arguments, 4 provided\n'}
[5.219156] (pico_kinova) StderrLine: {'line': b'  346 |             \x1b[01;36m\x1b[Kplt::plot(right_data, right_data_y, "g--", {{"label", "right_y"}})\x1b[m\x1b[K;\n'}
[5.219196] (pico_kinova) StderrLine: {'line': b'      |             \x1b[01;36m\x1b[K~~~~~~~~~^~~~~~~~~~~~~~~~~~~~~~~~~~~~~~~~~~~~~~~~~~~~~~~~~~~~~~~~~\x1b[m\x1b[K\n'}
[5.219234] (pico_kinova) StderrLine: {'line': b'In file included from \x1b[01m\x1b[K/home/rpp/Desktop/pico_kinova/pico_kinova/src/pico_kinova.cpp:42\x1b[m\x1b[K:\n'}
[5.219270] (pico_kinova) StderrLine: {'line': b'\x1b[01m\x1b[K/home/rpp/Desktop/pico_kinova/pico_kinova/matplotlib/matplotlibcpp.h:2860:6:\x1b[m\x1b[K \x1b[01;36m\x1b[Knote: \x1b[m\x1b[Kcandidate: \xe2\x80\x98\x1b[01m\x1b[Ktemplate<class ... Args> bool matplotlibcpp::plot()\x1b[m\x1b[K\xe2\x80\x99\n'}
[5.219310] (pico_kinova) StderrLine: {'line': b' 2860 | bool \x1b[01;36m\x1b[Kplot\x1b[m\x1b[K() { return true; }\n'}
[5.219350] (pico_kinova) StderrLine: {'line': b'      |      \x1b[01;36m\x1b[K^~~~\x1b[m\x1b[K\n'}
[5.219399] (pico_kinova) StderrLine: {'line': b'\x1b[01m\x1b[K/home/rpp/Desktop/pico_kinova/pico_kinova/matplotlib/matplotlibcpp.h:2860:6:\x1b[m\x1b[K \x1b[01;36m\x1b[Knote: \x1b[m\x1b[K  template argument deduction/substitution failed:\n'}
[5.219439] (pico_kinova) StderrLine: {'line': b'\x1b[01m\x1b[K/home/rpp/Desktop/pico_kinova/pico_kinova/src/pico_kinova.cpp:346:22:\x1b[m\x1b[K \x1b[01;36m\x1b[Knote: \x1b[m\x1b[K  candidate expects 0 arguments, 4 provided\n'}
[5.219480] (pico_kinova) StderrLine: {'line': b'  346 |             \x1b[01;36m\x1b[Kplt::plot(right_data, right_data_y, "g--", {{"label", "right_y"}})\x1b[m\x1b[K;\n'}
[5.219525] (pico_kinova) StderrLine: {'line': b'      |             \x1b[01;36m\x1b[K~~~~~~~~~^~~~~~~~~~~~~~~~~~~~~~~~~~~~~~~~~~~~~~~~~~~~~~~~~~~~~~~~~\x1b[m\x1b[K\n'}
[5.219564] (pico_kinova) StderrLine: {'line': b'In file included from \x1b[01m\x1b[K/home/rpp/Desktop/pico_kinova/pico_kinova/src/pico_kinova.cpp:42\x1b[m\x1b[K:\n'}
[5.219603] (pico_kinova) StderrLine: {'line': b'\x1b[01m\x1b[K/home/rpp/Desktop/pico_kinova/pico_kinova/matplotlib/matplotlibcpp.h:2863:6:\x1b[m\x1b[K \x1b[01;36m\x1b[Knote: \x1b[m\x1b[Kcandidate: \xe2\x80\x98\x1b[01m\x1b[Kbool matplotlibcpp::plot(const A&, const B&, const string&, Args ...) [with A = std::vector<double>; B = std::vector<double>; Args = {}; std::string = std::__cxx11::basic_string<char>]\x1b[m\x1b[K\xe2\x80\x99\n'}
[5.219646] (pico_kinova) StderrLine: {'line': b' 2863 | bool \x1b[01;36m\x1b[Kplot\x1b[m\x1b[K(const A& a, const B& b, const std::string& format, Args... args)\n'}
[5.219687] (pico_kinova) StderrLine: {'line': b'      |      \x1b[01;36m\x1b[K^~~~\x1b[m\x1b[K\n'}
[5.219728] (pico_kinova) StderrLine: {'line': b'\x1b[01m\x1b[K/home/rpp/Desktop/pico_kinova/pico_kinova/matplotlib/matplotlibcpp.h:2863:6:\x1b[m\x1b[K \x1b[01;36m\x1b[Knote: \x1b[m\x1b[K  candidate expects 3 arguments, 4 provided\n'}
[5.219771] (pico_kinova) StderrLine: {'line': b'\x1b[01m\x1b[K/home/rpp/Desktop/pico_kinova/pico_kinova/matplotlib/matplotlibcpp.h:2872:13:\x1b[m\x1b[K \x1b[01;36m\x1b[Knote: \x1b[m\x1b[Kcandidate: \xe2\x80\x98\x1b[01m\x1b[Kbool matplotlibcpp::plot(const std::vector<double>&, const std::vector<double>&, const string&)\x1b[m\x1b[K\xe2\x80\x99\n'}
[5.219822] (pico_kinova) StderrLine: {'line': b' 2872 | inline bool \x1b[01;36m\x1b[Kplot\x1b[m\x1b[K(const std::vector<double>& x, const std::vector<double>& y, const std::string& format = "") {\n'}
[5.219862] (pico_kinova) StderrLine: {'line': b'      |             \x1b[01;36m\x1b[K^~~~\x1b[m\x1b[K\n'}
[5.219901] (pico_kinova) StderrLine: {'line': b'\x1b[01m\x1b[K/home/rpp/Desktop/pico_kinova/pico_kinova/matplotlib/matplotlibcpp.h:2872:13:\x1b[m\x1b[K \x1b[01;36m\x1b[Knote: \x1b[m\x1b[K  candidate expects 3 arguments, 4 provided\n'}
[5.219946] (pico_kinova) StderrLine: {'line': b'\x1b[01m\x1b[K/home/rpp/Desktop/pico_kinova/pico_kinova/matplotlib/matplotlibcpp.h:2876:13:\x1b[m\x1b[K \x1b[01;36m\x1b[Knote: \x1b[m\x1b[Kcandidate: \xe2\x80\x98\x1b[01m\x1b[Kbool matplotlibcpp::plot(const std::vector<double>&, const string&)\x1b[m\x1b[K\xe2\x80\x99\n'}
[5.219989] (pico_kinova) StderrLine: {'line': b' 2876 | inline bool \x1b[01;36m\x1b[Kplot\x1b[m\x1b[K(const std::vector<double>& y, const std::string& format = "") {\n'}
[5.220029] (pico_kinova) StderrLine: {'line': b'      |             \x1b[01;36m\x1b[K^~~~\x1b[m\x1b[K\n'}
[5.220067] (pico_kinova) StderrLine: {'line': b'\x1b[01m\x1b[K/home/rpp/Desktop/pico_kinova/pico_kinova/matplotlib/matplotlibcpp.h:2876:13:\x1b[m\x1b[K \x1b[01;36m\x1b[Knote: \x1b[m\x1b[K  candidate expects 2 arguments, 4 provided\n'}
[5.220104] (pico_kinova) StderrLine: {'line': b'\x1b[01m\x1b[K/home/rpp/Desktop/pico_kinova/pico_kinova/matplotlib/matplotlibcpp.h:2880:13:\x1b[m\x1b[K \x1b[01;36m\x1b[Knote: \x1b[m\x1b[Kcandidate: \xe2\x80\x98\x1b[01m\x1b[Kbool matplotlibcpp::plot(const std::vector<double>&, const std::vector<double>&, const std::map<std::__cxx11::basic_string<char>, std::__cxx11::basic_string<char> >&)\x1b[m\x1b[K\xe2\x80\x99\n'}
[5.220142] (pico_kinova) StderrLine: {'line': b' 2880 | inline bool \x1b[01;36m\x1b[Kplot\x1b[m\x1b[K(const std::vector<double>& x, const std::vector<double>& y, const std::map<std::string, std::string>& keywords) {\n'}
[5.220179] (pico_kinova) StderrLine: {'line': b'      |             \x1b[01;36m\x1b[K^~~~\x1b[m\x1b[K\n'}
[5.220216] (pico_kinova) StderrLine: {'line': b'\x1b[01m\x1b[K/home/rpp/Desktop/pico_kinova/pico_kinova/matplotlib/matplotlibcpp.h:2880:13:\x1b[m\x1b[K \x1b[01;36m\x1b[Knote: \x1b[m\x1b[K  candidate expects 3 arguments, 4 provided\n'}
[5.220252] (pico_kinova) StderrLine: {'line': b'\x1b[01m\x1b[K/home/rpp/Desktop/pico_kinova/pico_kinova/src/pico_kinova.cpp:347:22:\x1b[m\x1b[K \x1b[01;31m\x1b[Kerror: \x1b[m\x1b[Kno matching function for call to \xe2\x80\x98\x1b[01m\x1b[Kplot(std::vector<double>&, std::vector<double>&, const char [4], <brace-enclosed initializer list>)\x1b[m\x1b[K\xe2\x80\x99\n'}
[5.220289] (pico_kinova) StderrLine: {'line': b'  347 |             \x1b[01;31m\x1b[Kplt::plot(right_data, right_data_z, "b--", {{"label", "right_z"}})\x1b[m\x1b[K;\n'}
[5.220325] (pico_kinova) StderrLine: {'line': b'      |             \x1b[01;31m\x1b[K~~~~~~~~~^~~~~~~~~~~~~~~~~~~~~~~~~~~~~~~~~~~~~~~~~~~~~~~~~~~~~~~~~\x1b[m\x1b[K\n'}
[5.220364] (pico_kinova) StderrLine: {'line': b'In file included from \x1b[01m\x1b[K/home/rpp/Desktop/pico_kinova/pico_kinova/src/pico_kinova.cpp:42\x1b[m\x1b[K:\n'}
[5.220400] (pico_kinova) StderrLine: {'line': b'\x1b[01m\x1b[K/home/rpp/Desktop/pico_kinova/pico_kinova/matplotlib/matplotlibcpp.h:442:6:\x1b[m\x1b[K \x1b[01;36m\x1b[Knote: \x1b[m\x1b[Kcandidate: \xe2\x80\x98\x1b[01m\x1b[Ktemplate<class Numeric> bool matplotlibcpp::plot(const std::vector<BufferT>&, const std::vector<BufferT>&, const std::map<std::__cxx11::basic_string<char>, std::__cxx11::basic_string<char> >&)\x1b[m\x1b[K\xe2\x80\x99\n'}
[5.220438] (pico_kinova) StderrLine: {'line': b'  442 | bool \x1b[01;36m\x1b[Kplot\x1b[m\x1b[K(const std::vector<Numeric> &x, const std::vector<Numeric> &y, const std::map<std::string, std::string>& keywords)\n'}
[5.220474] (pico_kinova) StderrLine: {'line': b'      |      \x1b[01;36m\x1b[K^~~~\x1b[m\x1b[K\n'}
[5.220512] (pico_kinova) StderrLine: {'line': b'\x1b[01m\x1b[K/home/rpp/Desktop/pico_kinova/pico_kinova/matplotlib/matplotlibcpp.h:442:6:\x1b[m\x1b[K \x1b[01;36m\x1b[Knote: \x1b[m\x1b[K  template argument deduction/substitution failed:\n'}
[5.220548] (pico_kinova) StderrLine: {'line': b'\x1b[01m\x1b[K/home/rpp/Desktop/pico_kinova/pico_kinova/src/pico_kinova.cpp:347:22:\x1b[m\x1b[K \x1b[01;36m\x1b[Knote: \x1b[m\x1b[K  candidate expects 3 arguments, 4 provided\n'}
[5.220585] (pico_kinova) StderrLine: {'line': b'  347 |             \x1b[01;36m\x1b[Kplt::plot(right_data, right_data_z, "b--", {{"label", "right_z"}})\x1b[m\x1b[K;\n'}
[5.220623] (pico_kinova) StderrLine: {'line': b'      |             \x1b[01;36m\x1b[K~~~~~~~~~^~~~~~~~~~~~~~~~~~~~~~~~~~~~~~~~~~~~~~~~~~~~~~~~~~~~~~~~~\x1b[m\x1b[K\n'}
[5.220659] (pico_kinova) StderrLine: {'line': b'In file included from \x1b[01m\x1b[K/home/rpp/Desktop/pico_kinova/pico_kinova/src/pico_kinova.cpp:42\x1b[m\x1b[K:\n'}
[5.220695] (pico_kinova) StderrLine: {'line': b'\x1b[01m\x1b[K/home/rpp/Desktop/pico_kinova/pico_kinova/matplotlib/matplotlibcpp.h:1358:6:\x1b[m\x1b[K \x1b[01;36m\x1b[Knote: \x1b[m\x1b[Kcandidate: \xe2\x80\x98\x1b[01m\x1b[Ktemplate<class NumericX, class NumericY> bool matplotlibcpp::plot(const std::vector<BufferT>&, const std::vector<_ValT>&, const string&)\x1b[m\x1b[K\xe2\x80\x99\n'}
[5.220733] (pico_kinova) StderrLine: {'line': b' 1358 | bool \x1b[01;36m\x1b[Kplot\x1b[m\x1b[K(const std::vector<NumericX>& x, const std::vector<NumericY>& y, const std::string& s = "")\n'}
[5.220770] (pico_kinova) StderrLine: {'line': b'      |      \x1b[01;36m\x1b[K^~~~\x1b[m\x1b[K\n'}
[5.220808] (pico_kinova) StderrLine: {'line': b'\x1b[01m\x1b[K/home/rpp/Desktop/pico_kinova/pico_kinova/matplotlib/matplotlibcpp.h:1358:6:\x1b[m\x1b[K \x1b[01;36m\x1b[Knote: \x1b[m\x1b[K  template argument deduction/substitution failed:\n'}
[5.220847] (pico_kinova) StderrLine: {'line': b'\x1b[01m\x1b[K/home/rpp/Desktop/pico_kinova/pico_kinova/src/pico_kinova.cpp:347:22:\x1b[m\x1b[K \x1b[01;36m\x1b[Knote: \x1b[m\x1b[K  candidate expects 3 arguments, 4 provided\n'}
[5.220885] (pico_kinova) StderrLine: {'line': b'  347 |             \x1b[01;36m\x1b[Kplt::plot(right_data, right_data_z, "b--", {{"label", "right_z"}})\x1b[m\x1b[K;\n'}
[5.220926] (pico_kinova) StderrLine: {'line': b'      |             \x1b[01;36m\x1b[K~~~~~~~~~^~~~~~~~~~~~~~~~~~~~~~~~~~~~~~~~~~~~~~~~~~~~~~~~~~~~~~~~~\x1b[m\x1b[K\n'}
[5.220967] (pico_kinova) StderrLine: {'line': b'In file included from \x1b[01m\x1b[K/home/rpp/Desktop/pico_kinova/pico_kinova/src/pico_kinova.cpp:42\x1b[m\x1b[K:\n'}
[5.221006] (pico_kinova) StderrLine: {'line': b'\x1b[01m\x1b[K/home/rpp/Desktop/pico_kinova/pico_kinova/matplotlib/matplotlibcpp.h:1810:6:\x1b[m\x1b[K \x1b[01;36m\x1b[Knote: \x1b[m\x1b[Kcandidate: \xe2\x80\x98\x1b[01m\x1b[Ktemplate<class Numeric> bool matplotlibcpp::plot(const std::vector<BufferT>&, const string&)\x1b[m\x1b[K\xe2\x80\x99\n'}
[5.221043] (pico_kinova) StderrLine: {'line': b' 1810 | bool \x1b[01;36m\x1b[Kplot\x1b[m\x1b[K(const std::vector<Numeric>& y, const std::string& format = "")\n'}
[5.221079] (pico_kinova) StderrLine: {'line': b'      |      \x1b[01;36m\x1b[K^~~~\x1b[m\x1b[K\n'}
[5.221115] (pico_kinova) StderrLine: {'line': b'\x1b[01m\x1b[K/home/rpp/Desktop/pico_kinova/pico_kinova/matplotlib/matplotlibcpp.h:1810:6:\x1b[m\x1b[K \x1b[01;36m\x1b[Knote: \x1b[m\x1b[K  template argument deduction/substitution failed:\n'}
[5.221155] (pico_kinova) StderrLine: {'line': b'\x1b[01m\x1b[K/home/rpp/Desktop/pico_kinova/pico_kinova/src/pico_kinova.cpp:347:22:\x1b[m\x1b[K \x1b[01;36m\x1b[Knote: \x1b[m\x1b[K  candidate expects 2 arguments, 4 provided\n'}
[5.221193] (pico_kinova) StderrLine: {'line': b'  347 |             \x1b[01;36m\x1b[Kplt::plot(right_data, right_data_z, "b--", {{"label", "right_z"}})\x1b[m\x1b[K;\n'}
[5.221230] (pico_kinova) StderrLine: {'line': b'      |             \x1b[01;36m\x1b[K~~~~~~~~~^~~~~~~~~~~~~~~~~~~~~~~~~~~~~~~~~~~~~~~~~~~~~~~~~~~~~~~~~\x1b[m\x1b[K\n'}
[5.221266] (pico_kinova) StderrLine: {'line': b'In file included from \x1b[01m\x1b[K/home/rpp/Desktop/pico_kinova/pico_kinova/src/pico_kinova.cpp:42\x1b[m\x1b[K:\n'}
[5.221303] (pico_kinova) StderrLine: {'line': b'\x1b[01m\x1b[K/home/rpp/Desktop/pico_kinova/pico_kinova/matplotlib/matplotlibcpp.h:1818:6:\x1b[m\x1b[K \x1b[01;36m\x1b[Knote: \x1b[m\x1b[Kcandidate: \xe2\x80\x98\x1b[01m\x1b[Ktemplate<class Numeric> bool matplotlibcpp::plot(const std::vector<BufferT>&, const std::map<std::__cxx11::basic_string<char>, std::__cxx11::basic_string<char> >&)\x1b[m\x1b[K\xe2\x80\x99\n'}
[5.221339] (pico_kinova) StderrLine: {'line': b' 1818 | bool \x1b[01;36m\x1b[Kplot\x1b[m\x1b[K(const std::vector<Numeric>& y, const std::map<std::string, std::string>& keywords)\n'}
[5.221378] (pico_kinova) StderrLine: {'line': b'      |      \x1b[01;36m\x1b[K^~~~\x1b[m\x1b[K\n'}
[5.221416] (pico_kinova) StderrLine: {'line': b'\x1b[01m\x1b[K/home/rpp/Desktop/pico_kinova/pico_kinova/matplotlib/matplotlibcpp.h:1818:6:\x1b[m\x1b[K \x1b[01;36m\x1b[Knote: \x1b[m\x1b[K  template argument deduction/substitution failed:\n'}
[5.221453] (pico_kinova) StderrLine: {'line': b'\x1b[01m\x1b[K/home/rpp/Desktop/pico_kinova/pico_kinova/src/pico_kinova.cpp:347:22:\x1b[m\x1b[K \x1b[01;36m\x1b[Knote: \x1b[m\x1b[K  candidate expects 2 arguments, 4 provided\n'}
[5.221490] (pico_kinova) StderrLine: {'line': b'  347 |             \x1b[01;36m\x1b[Kplt::plot(right_data, right_data_z, "b--", {{"label", "right_z"}})\x1b[m\x1b[K;\n'}
[5.221525] (pico_kinova) StderrLine: {'line': b'      |             \x1b[01;36m\x1b[K~~~~~~~~~^~~~~~~~~~~~~~~~~~~~~~~~~~~~~~~~~~~~~~~~~~~~~~~~~~~~~~~~~\x1b[m\x1b[K\n'}
[5.221563] (pico_kinova) StderrLine: {'line': b'In file included from \x1b[01m\x1b[K/home/rpp/Desktop/pico_kinova/pico_kinova/src/pico_kinova.cpp:42\x1b[m\x1b[K:\n'}
[5.221600] (pico_kinova) StderrLine: {'line': b'\x1b[01m\x1b[K/home/rpp/Desktop/pico_kinova/pico_kinova/matplotlib/matplotlibcpp.h:2860:6:\x1b[m\x1b[K \x1b[01;36m\x1b[Knote: \x1b[m\x1b[Kcandidate: \xe2\x80\x98\x1b[01m\x1b[Ktemplate<class ... Args> bool matplotlibcpp::plot()\x1b[m\x1b[K\xe2\x80\x99\n'}
[5.221637] (pico_kinova) StderrLine: {'line': b' 2860 | bool \x1b[01;36m\x1b[Kplot\x1b[m\x1b[K() { return true; }\n'}
[5.221673] (pico_kinova) StderrLine: {'line': b'      |      \x1b[01;36m\x1b[K^~~~\x1b[m\x1b[K\n'}
[5.221710] (pico_kinova) StderrLine: {'line': b'\x1b[01m\x1b[K/home/rpp/Desktop/pico_kinova/pico_kinova/matplotlib/matplotlibcpp.h:2860:6:\x1b[m\x1b[K \x1b[01;36m\x1b[Knote: \x1b[m\x1b[K  template argument deduction/substitution failed:\n'}
[5.221747] (pico_kinova) StderrLine: {'line': b'\x1b[01m\x1b[K/home/rpp/Desktop/pico_kinova/pico_kinova/src/pico_kinova.cpp:347:22:\x1b[m\x1b[K \x1b[01;36m\x1b[Knote: \x1b[m\x1b[K  candidate expects 0 arguments, 4 provided\n'}
[5.221783] (pico_kinova) StderrLine: {'line': b'  347 |             \x1b[01;36m\x1b[Kplt::plot(right_data, right_data_z, "b--", {{"label", "right_z"}})\x1b[m\x1b[K;\n'}
[5.221819] (pico_kinova) StderrLine: {'line': b'      |             \x1b[01;36m\x1b[K~~~~~~~~~^~~~~~~~~~~~~~~~~~~~~~~~~~~~~~~~~~~~~~~~~~~~~~~~~~~~~~~~~\x1b[m\x1b[K\n'}
[5.221855] (pico_kinova) StderrLine: {'line': b'In file included from \x1b[01m\x1b[K/home/rpp/Desktop/pico_kinova/pico_kinova/src/pico_kinova.cpp:42\x1b[m\x1b[K:\n'}
[5.221892] (pico_kinova) StderrLine: {'line': b'\x1b[01m\x1b[K/home/rpp/Desktop/pico_kinova/pico_kinova/matplotlib/matplotlibcpp.h:2863:6:\x1b[m\x1b[K \x1b[01;36m\x1b[Knote: \x1b[m\x1b[Kcandidate: \xe2\x80\x98\x1b[01m\x1b[Kbool matplotlibcpp::plot(const A&, const B&, const string&, Args ...) [with A = std::vector<double>; B = std::vector<double>; Args = {}; std::string = std::__cxx11::basic_string<char>]\x1b[m\x1b[K\xe2\x80\x99\n'}
[5.221932] (pico_kinova) StderrLine: {'line': b' 2863 | bool \x1b[01;36m\x1b[Kplot\x1b[m\x1b[K(const A& a, const B& b, const std::string& format, Args... args)\n'}
[5.221972] (pico_kinova) StderrLine: {'line': b'      |      \x1b[01;36m\x1b[K^~~~\x1b[m\x1b[K\n'}
[5.222009] (pico_kinova) StderrLine: {'line': b'\x1b[01m\x1b[K/home/rpp/Desktop/pico_kinova/pico_kinova/matplotlib/matplotlibcpp.h:2863:6:\x1b[m\x1b[K \x1b[01;36m\x1b[Knote: \x1b[m\x1b[K  candidate expects 3 arguments, 4 provided\n'}
[5.222045] (pico_kinova) StderrLine: {'line': b'\x1b[01m\x1b[K/home/rpp/Desktop/pico_kinova/pico_kinova/matplotlib/matplotlibcpp.h:2872:13:\x1b[m\x1b[K \x1b[01;36m\x1b[Knote: \x1b[m\x1b[Kcandidate: \xe2\x80\x98\x1b[01m\x1b[Kbool matplotlibcpp::plot(const std::vector<double>&, const std::vector<double>&, const string&)\x1b[m\x1b[K\xe2\x80\x99\n'}
[5.222084] (pico_kinova) StderrLine: {'line': b' 2872 | inline bool \x1b[01;36m\x1b[Kplot\x1b[m\x1b[K(const std::vector<double>& x, const std::vector<double>& y, const std::string& format = "") {\n'}
[5.222123] (pico_kinova) StderrLine: {'line': b'      |             \x1b[01;36m\x1b[K^~~~\x1b[m\x1b[K\n'}
[5.222159] (pico_kinova) StderrLine: {'line': b'\x1b[01m\x1b[K/home/rpp/Desktop/pico_kinova/pico_kinova/matplotlib/matplotlibcpp.h:2872:13:\x1b[m\x1b[K \x1b[01;36m\x1b[Knote: \x1b[m\x1b[K  candidate expects 3 arguments, 4 provided\n'}
[5.222195] (pico_kinova) StderrLine: {'line': b'\x1b[01m\x1b[K/home/rpp/Desktop/pico_kinova/pico_kinova/matplotlib/matplotlibcpp.h:2876:13:\x1b[m\x1b[K \x1b[01;36m\x1b[Knote: \x1b[m\x1b[Kcandidate: \xe2\x80\x98\x1b[01m\x1b[Kbool matplotlibcpp::plot(const std::vector<double>&, const string&)\x1b[m\x1b[K\xe2\x80\x99\n'}
[5.222232] (pico_kinova) StderrLine: {'line': b' 2876 | inline bool \x1b[01;36m\x1b[Kplot\x1b[m\x1b[K(const std::vector<double>& y, const std::string& format = "") {\n'}
[5.222271] (pico_kinova) StderrLine: {'line': b'      |             \x1b[01;36m\x1b[K^~~~\x1b[m\x1b[K\n'}
[5.222307] (pico_kinova) StderrLine: {'line': b'\x1b[01m\x1b[K/home/rpp/Desktop/pico_kinova/pico_kinova/matplotlib/matplotlibcpp.h:2876:13:\x1b[m\x1b[K \x1b[01;36m\x1b[Knote: \x1b[m\x1b[K  candidate expects 2 arguments, 4 provided\n'}
[5.222346] (pico_kinova) StderrLine: {'line': b'\x1b[01m\x1b[K/home/rpp/Desktop/pico_kinova/pico_kinova/matplotlib/matplotlibcpp.h:2880:13:\x1b[m\x1b[K \x1b[01;36m\x1b[Knote: \x1b[m\x1b[Kcandidate: \xe2\x80\x98\x1b[01m\x1b[Kbool matplotlibcpp::plot(const std::vector<double>&, const std::vector<double>&, const std::map<std::__cxx11::basic_string<char>, std::__cxx11::basic_string<char> >&)\x1b[m\x1b[K\xe2\x80\x99\n'}
[5.222383] (pico_kinova) StderrLine: {'line': b' 2880 | inline bool \x1b[01;36m\x1b[Kplot\x1b[m\x1b[K(const std::vector<double>& x, const std::vector<double>& y, const std::map<std::string, std::string>& keywords) {\n'}
[5.222421] (pico_kinova) StderrLine: {'line': b'      |             \x1b[01;36m\x1b[K^~~~\x1b[m\x1b[K\n'}
[5.222458] (pico_kinova) StderrLine: {'line': b'\x1b[01m\x1b[K/home/rpp/Desktop/pico_kinova/pico_kinova/matplotlib/matplotlibcpp.h:2880:13:\x1b[m\x1b[K \x1b[01;36m\x1b[Knote: \x1b[m\x1b[K  candidate expects 3 arguments, 4 provided\n'}
[5.225209] (pico_kinova) StderrLine: {'line': b'\x1b[01m\x1b[K/home/rpp/Desktop/pico_kinova/pico_kinova/src/pico_kinova.cpp:\x1b[m\x1b[K In function \xe2\x80\x98\x1b[01m\x1b[Kvoid OnPXREAClientCallback(void*, PXREAClientCallbackType, int, void*)\x1b[m\x1b[K\xe2\x80\x99:\n'}
[5.225271] (pico_kinova) StderrLine: {'line': b'\x1b[01m\x1b[K/home/rpp/Desktop/pico_kinova/pico_kinova/src/pico_kinova.cpp:590:12:\x1b[m\x1b[K \x1b[01;35m\x1b[Kwarning: \x1b[m\x1b[Kenumeration value \xe2\x80\x98\x1b[01m\x1b[KPXREAFullMask\x1b[m\x1b[K\xe2\x80\x99 not handled in switch [\x1b[01;35m\x1b[K\x1b]8;;https://gcc.gnu.org/onlinedocs/gcc/Warning-Options.html#index-Wswitch\x07-Wswitch\x1b]8;;\x07\x1b[m\x1b[K]\n'}
[5.225313] (pico_kinova) StderrLine: {'line': b'  590 |     switch \x1b[01;35m\x1b[K(\x1b[m\x1b[Ktype)\n'}
[5.225352] (pico_kinova) StderrLine: {'line': b'      |            \x1b[01;35m\x1b[K^\x1b[m\x1b[K\n'}
[5.225475] (pico_kinova) StderrLine: {'line': b'\x1b[01m\x1b[K/home/rpp/Desktop/pico_kinova/pico_kinova/src/pico_kinova.cpp:588:34:\x1b[m\x1b[K \x1b[01;35m\x1b[Kwarning: \x1b[m\x1b[Kunused parameter \xe2\x80\x98\x1b[01m\x1b[Kcontext\x1b[m\x1b[K\xe2\x80\x99 [\x1b[01;35m\x1b[K\x1b]8;;https://gcc.gnu.org/onlinedocs/gcc/Warning-Options.html#index-Wunused-parameter\x07-Wunused-parameter\x1b]8;;\x07\x1b[m\x1b[K]\n'}
[5.225516] (pico_kinova) StderrLine: {'line': b'  588 | void OnPXREAClientCallback(\x1b[01;35m\x1b[Kvoid* context\x1b[m\x1b[K, PXREAClientCallbackType type, int status, void* userData)\n'}
[5.225555] (pico_kinova) StderrLine: {'line': b'      |                            \x1b[01;35m\x1b[K~~~~~~^~~~~~~\x1b[m\x1b[K\n'}
[5.311986] (-) TimerEvent: {}
[5.412223] (-) TimerEvent: {}
[5.512458] (-) TimerEvent: {}
[5.612713] (-) TimerEvent: {}
[5.712997] (-) TimerEvent: {}
[5.813255] (-) TimerEvent: {}
[5.913499] (-) TimerEvent: {}
[6.013763] (-) TimerEvent: {}
[6.113981] (-) TimerEvent: {}
[6.214218] (-) TimerEvent: {}
[6.314462] (-) TimerEvent: {}
[6.414765] (-) TimerEvent: {}
[6.514978] (-) TimerEvent: {}
[6.615196] (-) TimerEvent: {}
[6.715417] (-) TimerEvent: {}
[6.815639] (-) TimerEvent: {}
[6.915875] (-) TimerEvent: {}
[7.016107] (-) TimerEvent: {}
[7.116332] (-) TimerEvent: {}
[7.216578] (-) TimerEvent: {}
[7.316804] (-) TimerEvent: {}
[7.417061] (-) TimerEvent: {}
[7.517295] (-) TimerEvent: {}
[7.617523] (-) TimerEvent: {}
[7.687878] (pico_kinova) StderrLine: {'line': b'gmake[2]: *** [CMakeFiles/pico_kinova.dir/build.make:76\xef\xbc\x9aCMakeFiles/pico_kinova.dir/src/pico_kinova.cpp.o] \xe9\x94\x99\xe8\xaf\xaf 1\n'}
[7.688124] (pico_kinova) StderrLine: {'line': b'gmake[1]: *** [CMakeFiles/Makefile2:180\xef\xbc\x9aCMakeFiles/pico_kinova.dir/all] \xe9\x94\x99\xe8\xaf\xaf 2\n'}
[7.688368] (pico_kinova) StderrLine: {'line': b'gmake: *** [Makefile:146\xef\xbc\x9aall] \xe9\x94\x99\xe8\xaf\xaf 2\n'}
[7.690052] (pico_kinova) CommandEnded: {'returncode': 2}
[7.698107] (pico_kinova) JobEnded: {'identifier': 'pico_kinova', 'rc': 2}
[7.708542] (-) EventReactorShutdown: {}
