[0.000000] (-) TimerEvent: {}
[0.000289] (pico_kinova) JobQueued: {'identifier': 'pico_kinova', 'dependencies': OrderedDict()}
[0.000417] (pico_kinova) JobStarted: {'identifier': 'pico_kinova'}
[0.010854] (pico_kinova) JobProgress: {'identifier': 'pico_kinova', 'progress': 'cmake'}
[0.011332] (pico_kinova) JobProgress: {'identifier': 'pico_kinova', 'progress': 'build'}
[0.011810] (pico_kinova) Command: {'cmd': ['/usr/bin/cmake', '--build', '/home/rpp/Desktop/pico_kinova/pico_kinova/build/pico_kinova', '--', '-j24', '-l24'], 'cwd': '/home/rpp/Desktop/pico_kinova/pico_kinova/build/pico_kinova', 'env': OrderedDict([('LESSOPEN', '| /usr/bin/lesspipe %s'), ('PYTHONWARNINGS', 'ignore:setup.py install is deprecated'), ('CONDA_PROMPT_MODIFIER', '(kinova)'), ('__EGL_VENDOR_LIBRARY_DIRS', '/home/rpp/anaconda3/envs/kinova/share/glvnd/egl_vendor.d'), ('LANGUAGE', 'zh_CN:en_US:en'), ('USER', 'rpp'), ('SSH_CLIENT', '172.18.5.171 55402 22'), ('LC_TIME', 'zh_CN.UTF-8'), ('XDG_SESSION_TYPE', 'tty'), ('GIT_ASKPASS', '/home/rpp/.vscode-server/cli/servers/Stable-2901c5ac6db8a986a5666c3af51ff804d05af0d4/server/extensions/git/dist/askpass.sh'), ('SHLVL', '2'), ('LD_LIBRARY_PATH', '/home/rpp/Desktop/pico_kinova/pico_kinova/install/pico_kinova/lib:/home/rpp/3rdparty//TensorRT-10.9.0.34/lib:/usr/local/cuda-12.8/lib64:/usr/local/lib/:/home/rpp/3rdparty//TensorRT-10.9.0.34/lib:/usr/local/cuda-12.8/lib64:/home/rpp/rpp_ws/install/xf_voice/lib:/home/rpp/rpp_ws/install/xf_voice_msgs/lib:/home/rpp/rpp_ws/install/wheeltec_mic_ros2/lib:/home/rpp/rpp_ws/install/wheeltec_mic_msg/lib:/home/rpp/rpp_ws/install/slam_toolbox/lib:/home/rpp/rpp_ws/install/serial/lib:/home/rpp/rpp_ws/install/rpp_msgs/lib:/home/rpp/rpp_ws/install/rpp_driver/lib:/home/rpp/rpp_ws/install/nav2_smoother/lib:/home/rpp/rpp_ws/install/nav2_graceful_controller/lib:/home/rpp/rpp_ws/install/nav2_controller/lib:/home/rpp/rpp_ws/install/dwb_plugins/lib:/home/rpp/rpp_ws/install/dwb_critics/lib:/home/rpp/rpp_ws/install/dwb_core/lib:/home/rpp/rpp_ws/install/nav_2d_utils/lib:/home/rpp/rpp_ws/install/dwb_msgs/lib:/home/rpp/rpp_ws/install/nav_2d_msgs/lib:/home/rpp/rpp_ws/install/nav2_waypoint_follower/lib:/home/rpp/rpp_ws/install/nav2_theta_star_planner/lib:/home/rpp/rpp_ws/install/nav2_smac_planner/lib:/home/rpp/rpp_ws/install/nav2_rotation_shim_controller/lib:/home/rpp/rpp_ws/install/nav2_regulated_pure_pursuit_controller/lib:/home/rpp/rpp_ws/install/nav2_planner/lib:/home/rpp/rpp_ws/install/nav2_navfn_planner/lib:/home/rpp/rpp_ws/install/nav2_mppi_controller/lib:/home/rpp/rpp_ws/install/nav2_constrained_smoother/lib:/home/rpp/rpp_ws/install/nav2_bt_navigator/lib:/home/rpp/rpp_ws/install/nav2_behaviors/lib:/home/rpp/rpp_ws/install/nav2_collision_monitor/lib:/home/rpp/rpp_ws/install/costmap_queue/lib:/home/rpp/rpp_ws/install/nav2_costmap_2d/lib:/home/rpp/rpp_ws/install/nav2_voxel_grid/lib:/home/rpp/rpp_ws/install/nav2_velocity_smoother/lib:/home/rpp/rpp_ws/install/nav2_rviz_plugins/lib:/home/rpp/rpp_ws/install/nav2_map_server/lib:/home/rpp/rpp_ws/install/nav2_lifecycle_manager/lib:/home/rpp/rpp_ws/install/nav2_behavior_tree/lib:/home/rpp/rpp_ws/install/nav2_amcl/lib:/home/rpp/rpp_ws/install/nav2_util/lib:/home/rpp/rpp_ws/install/nav2_msgs/lib:/home/rpp/rpp_ws/install/motor_pitch_sdk/lib:/home/rpp/rpp_ws/install/motor_lift_sdk/lib:/home/rpp/rpp_ws/install/livox_ros_driver2/lib:/home/rpp/rpp_ws/install/kortex_driver/lib:/home/rpp/rpp_ws/install/ira_laser_tools/lib:/home/rpp/rpp_ws/install/interface/lib:/usr/lib/x86_64-linux-gnu/gazebo-11/plugins:/opt/ros/humble/opt/rviz_ogre_vendor/lib:/opt/ros/humble/lib/x86_64-linux-gnu:/opt/ros/humble/opt/openvdb_vendor/lib:/opt/ros/humble/lib:/usr/local/lib/::/home/rpp/.mujoco/mujoco-3.3.6/bin:/usr/lib/nvidia:/home/rpp/.mujoco/mujoco-3.3.6/bin:/usr/lib/nvidia'), ('BROWSER', '/home/rpp/.vscode-server/cli/servers/Stable-2901c5ac6db8a986a5666c3af51ff804d05af0d4/server/bin/helpers/browser.sh'), ('MOTD_SHOWN', 'pam'), ('HOME', '/home/rpp'), ('CONDA_SHLVL', '2'), ('OLDPWD', '/home/rpp/anaconda3/envs/kinova/bin'), ('TERM_PROGRAM_VERSION', '1.101.2'), ('VSCODE_IPC_HOOK_CLI', '/run/user/1000/vscode-ipc-4c44c30a-895b-4f23-aee9-42d1fdebe76b.sock'), ('ROS_PYTHON_VERSION', '3'), ('VSCODE_GIT_ASKPASS_MAIN', '/home/rpp/.vscode-server/cli/servers/Stable-2901c5ac6db8a986a5666c3af51ff804d05af0d4/server/extensions/git/dist/askpass-main.js'), ('LC_MONETARY', 'zh_CN.UTF-8'), ('VSCODE_GIT_ASKPASS_NODE', '/home/rpp/.vscode-server/cli/servers/Stable-2901c5ac6db8a986a5666c3af51ff804d05af0d4/server/node'), ('SSL_CERT_FILE', '/usr/lib/ssl/certs/ca-certificates.crt'), ('ROS_LOG_DIR', '/home/rpp/rpp_logs'), ('DBUS_SESSION_BUS_ADDRESS', 'unix:path=/run/user/1000/bus'), ('COLORTERM', 'truecolor'), ('_colcon_cd_root', '/opt/ros/humble'), ('COLCON_PREFIX_PATH', '/home/rpp/Desktop/pico_kinova/pico_kinova/install:/home/rpp/rpp_ws/install'), ('ROS_DISTRO', 'humble'), ('LOGNAME', 'rpp'), ('_', '/usr/bin/colcon'), ('ROS_VERSION', '2'), ('PKG_CONFIG_PATH', '/home/rpp/rpp_ws/install/rpp_driver/lib/x86_64-linux-gnu/pkgconfig:/home/rpp/rpp_ws/install/rpp_driver/lib/pkgconfig:/home/rpp/rpp_ws/install/motor_pitch_sdk/lib/x86_64-linux-gnu/pkgconfig:/home/rpp/rpp_ws/install/motor_pitch_sdk/lib/pkgconfig:/home/rpp/rpp_ws/install/motor_lift_sdk/lib/x86_64-linux-gnu/pkgconfig:/home/rpp/rpp_ws/install/motor_lift_sdk/lib/pkgconfig'), ('XDG_SESSION_CLASS', 'user'), ('TERM', 'xterm-256color'), ('XDG_SESSION_ID', '7'), ('ROS_LOCALHOST_ONLY', '1'), ('PATH', '/home/rpp/anaconda3/envs/kinova/bin:/usr/local/cuda-12.8/bin:/home/rpp/rpp_tools/rpp_easy_tools/gen_bin:/home/rpp/.vscode-server/cli/servers/Stable-2901c5ac6db8a986a5666c3af51ff804d05af0d4/server/bin/remote-cli:/home/rpp/.local/bin:/home/rpp/anaconda3/condabin:/usr/local/cuda-12.8/bin:/home/rpp/rpp_ws/install/rpp_driver/bin:/home/rpp/rpp_ws/install/motor_pitch_sdk/bin:/home/rpp/rpp_ws/install/motor_lift_sdk/bin:/opt/ros/humble/bin:/home/rpp/rpp_tools/rpp_easy_tools/gen_bin:/home/rpp/.local/bin:/usr/local/sbin:/usr/local/bin:/usr/sbin:/usr/bin:/sbin:/bin:/usr/games:/usr/local/games:/snap/bin:/home/rpp/.vscode-server/data/User/globalStorage/github.copilot-chat/debugCommand'), ('PAPERSIZE', 'a4'), ('LC_ADDRESS', 'zh_CN.UTF-8'), ('XDG_RUNTIME_DIR', '/run/user/1000'), ('SSL_CERT_DIR', '/usr/lib/ssl/certs'), ('LANG', 'zh_CN.UTF-8'), ('LC_TELEPHONE', 'zh_CN.UTF-8'), ('CONDA_PREFIX_1', '/home/rpp/anaconda3'), ('LS_COLORS', 'rs=0:di=01;34:ln=01;36:mh=00:pi=40;33:so=01;35:do=01;35:bd=40;33;01:cd=40;33;01:or=40;31;01:mi=00:su=37;41:sg=30;43:ca=30;41:tw=30;42:ow=34;42:st=37;44:ex=01;32:*.tar=01;31:*.tgz=01;31:*.arc=01;31:*.arj=01;31:*.taz=01;31:*.lha=01;31:*.lz4=01;31:*.lzh=01;31:*.lzma=01;31:*.tlz=01;31:*.txz=01;31:*.tzo=01;31:*.t7z=01;31:*.zip=01;31:*.z=01;31:*.dz=01;31:*.gz=01;31:*.lrz=01;31:*.lz=01;31:*.lzo=01;31:*.xz=01;31:*.zst=01;31:*.tzst=01;31:*.bz2=01;31:*.bz=01;31:*.tbz=01;31:*.tbz2=01;31:*.tz=01;31:*.deb=01;31:*.rpm=01;31:*.jar=01;31:*.war=01;31:*.ear=01;31:*.sar=01;31:*.rar=01;31:*.alz=01;31:*.ace=01;31:*.zoo=01;31:*.cpio=01;31:*.7z=01;31:*.rz=01;31:*.cab=01;31:*.wim=01;31:*.swm=01;31:*.dwm=01;31:*.esd=01;31:*.jpg=01;35:*.jpeg=01;35:*.mjpg=01;35:*.mjpeg=01;35:*.gif=01;35:*.bmp=01;35:*.pbm=01;35:*.pgm=01;35:*.ppm=01;35:*.tga=01;35:*.xbm=01;35:*.xpm=01;35:*.tif=01;35:*.tiff=01;35:*.png=01;35:*.svg=01;35:*.svgz=01;35:*.mng=01;35:*.pcx=01;35:*.mov=01;35:*.mpg=01;35:*.mpeg=01;35:*.m2v=01;35:*.mkv=01;35:*.webm=01;35:*.webp=01;35:*.ogm=01;35:*.mp4=01;35:*.m4v=01;35:*.mp4v=01;35:*.vob=01;35:*.qt=01;35:*.nuv=01;35:*.wmv=01;35:*.asf=01;35:*.rm=01;35:*.rmvb=01;35:*.flc=01;35:*.avi=01;35:*.fli=01;35:*.flv=01;35:*.gl=01;35:*.dl=01;35:*.xcf=01;35:*.xwd=01;35:*.yuv=01;35:*.cgm=01;35:*.emf=01;35:*.ogv=01;35:*.ogx=01;35:*.aac=00;36:*.au=00;36:*.flac=00;36:*.m4a=00;36:*.mid=00;36:*.midi=00;36:*.mka=00;36:*.mp3=00;36:*.mpc=00;36:*.ogg=00;36:*.ra=00;36:*.wav=00;36:*.oga=00;36:*.opus=00;36:*.spx=00;36:*.xspf=00;36:'), ('VSCODE_GIT_IPC_HANDLE', '/run/user/1000/vscode-git-8a85f87516.sock'), ('TERM_PROGRAM', 'vscode'), ('GSETTINGS_SCHEMA_DIR', '/home/rpp/anaconda3/envs/kinova/share/glib-2.0/schemas'), ('ROS_DOMAIN_ID', '0'), ('AMENT_PREFIX_PATH', '/home/rpp/Desktop/pico_kinova/pico_kinova/install/pico_kinova:/home/rpp/rpp_ws/install/xf_voice:/home/rpp/rpp_ws/install/xf_voice_msgs:/home/rpp/rpp_ws/install/wheeltec_mic_ros2:/home/rpp/rpp_ws/install/wheeltec_mic_msg:/home/rpp/rpp_ws/install/nav2_system_tests:/home/rpp/rpp_ws/install/nav2_bringup:/home/rpp/rpp_ws/install/slam_toolbox:/home/rpp/rpp_ws/install/slam_3d:/home/rpp/rpp_ws/install/slam_2d:/home/rpp/rpp_ws/install/setting_info:/home/rpp/rpp_ws/install/serial:/home/rpp/rpp_ws/install/rpp_ros_driver:/home/rpp/rpp_ws/install/rpp_msgs:/home/rpp/rpp_ws/install/robot_bringup:/home/rpp/rpp_ws/install/pymoveit2:/home/rpp/rpp_ws/install/pgo:/home/rpp/rpp_ws/install/navigation_2d:/home/rpp/rpp_ws/install/navigation2:/home/rpp/rpp_ws/install/nav2_smoother:/home/rpp/rpp_ws/install/nav2_graceful_controller:/home/rpp/rpp_ws/install/nav2_dwb_controller:/home/rpp/rpp_ws/install/nav2_controller:/home/rpp/rpp_ws/install/dwb_plugins:/home/rpp/rpp_ws/install/dwb_critics:/home/rpp/rpp_ws/install/dwb_core:/home/rpp/rpp_ws/install/nav_2d_utils:/home/rpp/rpp_ws/install/dwb_msgs:/home/rpp/rpp_ws/install/nav_2d_msgs:/home/rpp/rpp_ws/install/nav2_waypoint_follower:/home/rpp/rpp_ws/install/nav2_theta_star_planner:/home/rpp/rpp_ws/install/nav2_smac_planner:/home/rpp/rpp_ws/install/nav2_rotation_shim_controller:/home/rpp/rpp_ws/install/nav2_regulated_pure_pursuit_controller:/home/rpp/rpp_ws/install/nav2_planner:/home/rpp/rpp_ws/install/nav2_navfn_planner:/home/rpp/rpp_ws/install/nav2_mppi_controller:/home/rpp/rpp_ws/install/nav2_constrained_smoother:/home/rpp/rpp_ws/install/nav2_bt_navigator:/home/rpp/rpp_ws/install/nav2_behaviors:/home/rpp/rpp_ws/install/nav2_core:/home/rpp/rpp_ws/install/nav2_collision_monitor:/home/rpp/rpp_ws/install/costmap_queue:/home/rpp/rpp_ws/install/nav2_costmap_2d:/home/rpp/rpp_ws/install/nav2_voxel_grid:/home/rpp/rpp_ws/install/nav2_velocity_smoother:/home/rpp/rpp_ws/install/nav2_rviz_plugins:/home/rpp/rpp_ws/install/nav2_map_server:/home/rpp/rpp_ws/install/nav2_lifecycle_manager:/home/rpp/rpp_ws/install/nav2_behavior_tree:/home/rpp/rpp_ws/install/nav2_amcl:/home/rpp/rpp_ws/install/nav2_util:/home/rpp/rpp_ws/install/nav2_simple_commander:/home/rpp/rpp_ws/install/nav2_msgs:/home/rpp/rpp_ws/install/nav2_common:/home/rpp/rpp_ws/install/my_moveit_control:/home/rpp/rpp_ws/install/moveit_control:/home/rpp/rpp_ws/install/moveit2_control_demo:/home/rpp/rpp_ws/install/motor_pitch_ros:/home/rpp/rpp_ws/install/motor_lift_ros:/home/rpp/rpp_ws/install/localizer:/home/rpp/rpp_ws/install/lidar_clipping:/home/rpp/rpp_ws/install/fastlio2:/home/rpp/rpp_ws/install/livox_ros_driver2:/home/rpp/rpp_ws/install/gui_control:/home/rpp/rpp_ws/install/graphic_display:/home/rpp/rpp_ws/install/linker_hand_ros2_sdk:/home/rpp/rpp_ws/install/lakibeam1:/home/rpp/rpp_ws/install/kortex_bringup:/home/rpp/rpp_ws/install/kortex_driver:/home/rpp/rpp_ws/install/kinova_gen3_lite_moveit_config:/home/rpp/rpp_ws/install/kinova_gen3_7dof_robotiq_2f_85_moveit_config:/home/rpp/rpp_ws/install/kinova_gen3_6dof_robotiq_2f_85_moveit_config:/home/rpp/rpp_ws/install/kortex_description:/home/rpp/rpp_ws/install/kortex_api:/home/rpp/rpp_ws/install/ira_laser_tools:/home/rpp/rpp_ws/install/hba:/home/rpp/rpp_ws/install/interface:/home/rpp/rpp_ws/install/ea200_moveit_config:/home/rpp/rpp_ws/install/ea200_description:/home/rpp/rpp_ws/install/dual_arm_cartesian_control:/home/rpp/rpp_ws/install/dual_arm_bt_control:/home/rpp/rpp_ws/install/cr100_description:/home/rpp/rpp_ws/install/bt_task_manager_ros2:/opt/ros/humble'), ('CONDA_PYTHON_EXE', '/home/rpp/anaconda3/bin/python'), ('SHELL', '/bin/bash'), ('LC_NAME', 'zh_CN.UTF-8'), ('LESSCLOSE', '/usr/bin/lesspipe %s %s'), ('CONDA_DEFAULT_ENV', 'kinova'), ('LC_MEASUREMENT', 'zh_CN.UTF-8'), ('LC_IDENTIFICATION', 'zh_CN.UTF-8'), ('VSCODE_GIT_ASKPASS_EXTRA_ARGS', ''), ('PWD', '/home/rpp/Desktop/pico_kinova/pico_kinova/build/pico_kinova'), ('LC_ALL', 'en_US.UTF-8'), ('CONDA_EXE', '/home/rpp/anaconda3/bin/conda'), ('SSH_CONNECTION', '172.18.5.171 55402 172.18.5.109 22'), ('XDG_DATA_DIRS', '/usr/share/gnome:/usr/local/share:/usr/share:/var/lib/snapd/desktop'), ('PYTHONPATH', '/home/rpp/rpp_ws/install/xf_voice_msgs/local/lib/python3.10/dist-packages:/home/rpp/rpp_ws/install/wheeltec_mic_msg/local/lib/python3.10/dist-packages:/home/rpp/rpp_ws/install/slam_toolbox/local/lib/python3.10/dist-packages:/home/rpp/rpp_ws/install/setting_info/lib/python3.10/site-packages:/home/rpp/rpp_ws/install/rpp_msgs/local/lib/python3.10/dist-packages:/home/rpp/rpp_ws/install/pymoveit2/local/lib/python3.10/dist-packages:/home/rpp/rpp_ws/install/dwb_msgs/local/lib/python3.10/dist-packages:/home/rpp/rpp_ws/install/nav_2d_msgs/local/lib/python3.10/dist-packages:/home/rpp/rpp_ws/install/nav2_simple_commander/lib/python3.10/site-packages:/home/rpp/rpp_ws/install/nav2_msgs/local/lib/python3.10/dist-packages:/home/rpp/rpp_ws/install/nav2_common/local/lib/python3.10/dist-packages:/home/rpp/rpp_ws/build/my_moveit_control:/home/rpp/rpp_ws/install/my_moveit_control/lib/python3.10/site-packages:/home/rpp/rpp_ws/build/moveit_control:/home/rpp/rpp_ws/install/moveit_control/lib/python3.10/site-packages:/home/rpp/rpp_ws/install/livox_ros_driver2/local/lib/python3.10/dist-packages:/home/rpp/rpp_ws/install/gui_control/lib/python3.10/site-packages:/home/rpp/rpp_ws/install/graphic_display/lib/python3.10/site-packages:/home/rpp/rpp_ws/install/linker_hand_ros2_sdk/lib/python3.10/site-packages:/home/rpp/rpp_ws/install/interface/local/lib/python3.10/dist-packages:/home/rpp/rpp_ws/install/dual_arm_cartesian_control/lib/python3.10/site-packages:/home/rpp/rpp_ws/install/dual_arm_bt_control/lib/python3.10/site-packages:/home/rpp/rpp_ws/install/bt_task_manager_ros2/lib/python3.10/site-packages:/opt/ros/humble/lib/python3.10/site-packages:/opt/ros/humble/local/lib/python3.10/dist-packages'), ('LC_NUMERIC', 'zh_CN.UTF-8'), ('CONDA_PREFIX', '/home/rpp/anaconda3/envs/kinova'), ('GSETTINGS_SCHEMA_DIR_CONDA_BACKUP', ''), ('LC_PAPER', 'zh_CN.UTF-8'), ('COLCON', '1'), ('SCRIPT_ROOT_PATH', '/home/rpp/rpp_tools/rpp_easy_tools/robotplusplus_deploy_tool'), ('CMAKE_PREFIX_PATH', '/home/rpp/Desktop/pico_kinova/pico_kinova/install/pico_kinova:/home/rpp/rpp_ws/install/xf_voice:/home/rpp/rpp_ws/install/xf_voice_msgs:/home/rpp/rpp_ws/install/wheeltec_mic_ros2:/home/rpp/rpp_ws/install/wheeltec_mic_msg:/home/rpp/rpp_ws/install/nav2_system_tests:/home/rpp/rpp_ws/install/nav2_bringup:/home/rpp/rpp_ws/install/slam_toolbox:/home/rpp/rpp_ws/install/slam_3d:/home/rpp/rpp_ws/install/slam_2d:/home/rpp/rpp_ws/install/serial:/home/rpp/rpp_ws/install/rpp_ros_driver:/home/rpp/rpp_ws/install/rpp_msgs:/home/rpp/rpp_ws/install/rpp_driver:/home/rpp/rpp_ws/install/robot_bringup:/home/rpp/rpp_ws/install/pymoveit2:/home/rpp/rpp_ws/install/pgo:/home/rpp/rpp_ws/install/navigation_2d:/home/rpp/rpp_ws/install/navigation2:/home/rpp/rpp_ws/install/nav2_smoother:/home/rpp/rpp_ws/install/nav2_graceful_controller:/home/rpp/rpp_ws/install/nav2_dwb_controller:/home/rpp/rpp_ws/install/nav2_controller:/home/rpp/rpp_ws/install/dwb_plugins:/home/rpp/rpp_ws/install/dwb_critics:/home/rpp/rpp_ws/install/dwb_core:/home/rpp/rpp_ws/install/nav_2d_utils:/home/rpp/rpp_ws/install/dwb_msgs:/home/rpp/rpp_ws/install/nav_2d_msgs:/home/rpp/rpp_ws/install/nav2_waypoint_follower:/home/rpp/rpp_ws/install/nav2_theta_star_planner:/home/rpp/rpp_ws/install/nav2_smac_planner:/home/rpp/rpp_ws/install/nav2_rotation_shim_controller:/home/rpp/rpp_ws/install/nav2_regulated_pure_pursuit_controller:/home/rpp/rpp_ws/install/nav2_planner:/home/rpp/rpp_ws/install/nav2_navfn_planner:/home/rpp/rpp_ws/install/nav2_mppi_controller:/home/rpp/rpp_ws/install/nav2_constrained_smoother:/home/rpp/rpp_ws/install/nav2_bt_navigator:/home/rpp/rpp_ws/install/nav2_behaviors:/home/rpp/rpp_ws/install/nav2_core:/home/rpp/rpp_ws/install/nav2_collision_monitor:/home/rpp/rpp_ws/install/costmap_queue:/home/rpp/rpp_ws/install/nav2_costmap_2d:/home/rpp/rpp_ws/install/nav2_voxel_grid:/home/rpp/rpp_ws/install/nav2_velocity_smoother:/home/rpp/rpp_ws/install/nav2_rviz_plugins:/home/rpp/rpp_ws/install/nav2_map_server:/home/rpp/rpp_ws/install/nav2_lifecycle_manager:/home/rpp/rpp_ws/install/nav2_behavior_tree:/home/rpp/rpp_ws/install/nav2_amcl:/home/rpp/rpp_ws/install/nav2_util:/home/rpp/rpp_ws/install/nav2_msgs:/home/rpp/rpp_ws/install/nav2_common:/home/rpp/rpp_ws/install/moveit2_control_demo:/home/rpp/rpp_ws/install/motor_pitch_ros:/home/rpp/rpp_ws/install/motor_pitch_sdk:/home/rpp/rpp_ws/install/motor_lift_ros:/home/rpp/rpp_ws/install/motor_lift_sdk:/home/rpp/rpp_ws/install/localizer:/home/rpp/rpp_ws/install/lidar_clipping:/home/rpp/rpp_ws/install/fastlio2:/home/rpp/rpp_ws/install/livox_ros_driver2:/home/rpp/rpp_ws/install/lakibeam1:/home/rpp/rpp_ws/install/kortex_bringup:/home/rpp/rpp_ws/install/kortex_driver:/home/rpp/rpp_ws/install/kinova_gen3_lite_moveit_config:/home/rpp/rpp_ws/install/kinova_gen3_7dof_robotiq_2f_85_moveit_config:/home/rpp/rpp_ws/install/kinova_gen3_6dof_robotiq_2f_85_moveit_config:/home/rpp/rpp_ws/install/kortex_description:/home/rpp/rpp_ws/install/kortex_api:/home/rpp/rpp_ws/install/ira_laser_tools:/home/rpp/rpp_ws/install/hba:/home/rpp/rpp_ws/install/interface:/home/rpp/rpp_ws/install/ea200_moveit_config:/home/rpp/rpp_ws/install/ea200_description:/home/rpp/rpp_ws/install/cr100_description:/home/rpp/rpp_ws/install/setting_info:/home/rpp/rpp_ws/install/nav2_simple_commander:/home/rpp/rpp_ws/install/my_moveit_control:/home/rpp/rpp_ws/install/moveit_control:/home/rpp/rpp_ws/install/gui_control:/home/rpp/rpp_ws/install/graphic_display:/home/rpp/rpp_ws/install/linker_hand_ros2_sdk:/home/rpp/rpp_ws/install/dual_arm_cartesian_control:/home/rpp/rpp_ws/install/dual_arm_bt_control:/home/rpp/rpp_ws/install/bt_task_manager_ros2:/opt/ros/humble'), ('MUJOCO_KEY_PATH', '/home/rpp/.mujoco/home/rpp/.mujoco')]), 'shell': False}
[0.040630] (pico_kinova) StdoutLine: {'line': b'-- Found ament_cmake: 1.3.11 (/opt/ros/humble/share/ament_cmake/cmake)\n'}
[0.096690] (pico_kinova) StdoutLine: {'line': b'-- Found Python3: /home/rpp/anaconda3/envs/kinova/bin/python3 (found version "3.10.18") found components: Interpreter \n'}
[0.099763] (-) TimerEvent: {}
[0.150197] (pico_kinova) StdoutLine: {'line': b'-- Override CMake install command with custom implementation using symlinks instead of copying resources\n'}
[0.157516] (pico_kinova) StdoutLine: {'line': b'-- Found rclcpp: 16.0.11 (/opt/ros/humble/share/rclcpp/cmake)\n'}
[0.177312] (pico_kinova) StdoutLine: {'line': b'-- Found rosidl_generator_c: 3.1.6 (/opt/ros/humble/share/rosidl_generator_c/cmake)\n'}
[0.178839] (pico_kinova) StdoutLine: {'line': b'-- Found rosidl_adapter: 3.1.6 (/opt/ros/humble/share/rosidl_adapter/cmake)\n'}
[0.182530] (pico_kinova) StdoutLine: {'line': b'-- Found rosidl_generator_cpp: 3.1.6 (/opt/ros/humble/share/rosidl_generator_cpp/cmake)\n'}
[0.190875] (pico_kinova) StdoutLine: {'line': b'-- Using all available rosidl_typesupport_c: rosidl_typesupport_fastrtps_c;rosidl_typesupport_introspection_c\n'}
[0.199830] (-) TimerEvent: {}
[0.201299] (pico_kinova) StdoutLine: {'line': b'-- Using all available rosidl_typesupport_cpp: rosidl_typesupport_fastrtps_cpp;rosidl_typesupport_introspection_cpp\n'}
[0.224741] (pico_kinova) StdoutLine: {'line': b'-- Found rmw_implementation_cmake: 6.1.2 (/opt/ros/humble/share/rmw_implementation_cmake/cmake)\n'}
[0.228225] (pico_kinova) StdoutLine: {'line': b'-- Found rmw_fastrtps_cpp: 6.2.8 (/opt/ros/humble/share/rmw_fastrtps_cpp/cmake)\n'}
[0.299923] (-) TimerEvent: {}
[0.319886] (pico_kinova) StdoutLine: {'line': b"-- Using RMW implementation 'rmw_fastrtps_cpp' as default\n"}
[0.350423] (pico_kinova) StdoutLine: {'line': b'-- Found moveit_ros_planning_interface: 2.5.9 (/opt/ros/humble/share/moveit_ros_planning_interface/cmake)\n'}
[0.357768] (pico_kinova) StdoutLine: {'line': b'-- Found Boost: /usr/lib/x86_64-linux-gnu/cmake/Boost-1.74.0/BoostConfig.cmake (found version "1.74.0") found components: date_time filesystem program_options system thread \n'}
[0.400027] (-) TimerEvent: {}
[0.460095] (pico_kinova) StdoutLine: {'line': b'-- Found Boost: /usr/lib/x86_64-linux-gnu/cmake/Boost-1.74.0/BoostConfig.cmake (found version "1.74.0") found components: chrono date_time filesystem iostreams program_options regex serialization system thread \n'}
[0.480027] (pico_kinova) StdoutLine: {'line': b'-- Found parameter_traits: 0.4.0 (/opt/ros/humble/share/parameter_traits/cmake)\n'}
[0.486185] (pico_kinova) StdoutLine: {'line': b'-- Found rclcpp_lifecycle: 16.0.11 (/opt/ros/humble/share/rclcpp_lifecycle/cmake)\n'}
[0.500089] (-) TimerEvent: {}
[0.500411] (pico_kinova) StdoutLine: {'line': b'-- Found Boost: /usr/lib/x86_64-linux-gnu/cmake/Boost-1.74.0/BoostConfig.cmake (found version "1.74.0") found components: filesystem \n'}
[0.533379] (pico_kinova) StdoutLine: {'line': b'-- library: /usr/lib/x86_64-linux-gnu/libcurl.so\n'}
[0.550675] (pico_kinova) StdoutLine: {'line': b'-- Ensuring Eigen3 include directory is part of orocos-kdl CMake target\n'}
[0.600198] (-) TimerEvent: {}
[0.626041] (pico_kinova) StdoutLine: {'line': b'-- Found Boost: /usr/lib/x86_64-linux-gnu/cmake/Boost-1.74.0/BoostConfig.cmake (found version "1.74.0") found components: system filesystem date_time program_options thread chrono \n'}
[0.646216] (pico_kinova) StdoutLine: {'line': b'-- Found Boost: /usr/lib/x86_64-linux-gnu/cmake/Boost-1.74.0/BoostConfig.cmake (found version "1.74.0") found components: thread system filesystem regex date_time program_options \n'}
[0.660125] (pico_kinova) StdoutLine: {'line': b'-- Found Boost: /usr/lib/x86_64-linux-gnu/cmake/Boost-1.74.0/BoostConfig.cmake (found version "1.74.0") found components: system filesystem date_time program_options thread \n'}
[0.679907] (pico_kinova) StdoutLine: {'line': b'-- Found moveit_servo: 2.5.9 (/opt/ros/humble/share/moveit_servo/cmake)\n'}
[0.700306] (-) TimerEvent: {}
[0.800484] (-) TimerEvent: {}
[0.900695] (-) TimerEvent: {}
[1.000930] (-) TimerEvent: {}
[1.101174] (-) TimerEvent: {}
[1.201433] (-) TimerEvent: {}
[1.221728] (pico_kinova) StdoutLine: {'line': b'-- Found Python3: /home/rpp/anaconda3/envs/kinova/bin/python3 (found version "3.10.18") found components: Interpreter Development Development.Module Development.Embed \n'}
[1.222091] (pico_kinova) StdoutLine: {'line': b'-- Found Kinova libraries: /home/rpp/Desktop/pico_kinova/pico_kinova/lib/libKortexApiCpp.a;/home/rpp/Desktop/pico_kinova/pico_kinova/lib/libKortexApiCpp_without_protobuf.a;/home/rpp/Desktop/pico_kinova/pico_kinova/lib/libPXREARobotSDK.so\n'}
[1.223393] (pico_kinova) StdoutLine: {'line': b'-- Found Eigen3: /usr/include/eigen3\n'}
[1.229033] (pico_kinova) StdoutLine: {'line': b'-- Found Boost: /usr/lib/x86_64-linux-gnu/cmake/Boost-1.74.0/BoostConfig.cmake (found version "1.74.0") found components: system thread program_options \n'}
[1.301488] (-) TimerEvent: {}
[1.401722] (-) TimerEvent: {}
[1.502330] (-) TimerEvent: {}
[1.601421] (pico_kinova) StdoutLine: {'line': b'-- Found Python3: /home/rpp/anaconda3/envs/kinova/include/python3.10 (found version "3.10.18") found components: NumPy Interpreter Development.Module \n'}
[1.602417] (-) TimerEvent: {}
[1.638638] (pico_kinova) StdoutLine: {'line': b'-- Found ament_lint_auto: 0.12.11 (/opt/ros/humble/share/ament_lint_auto/cmake)\n'}
[1.702523] (-) TimerEvent: {}
[1.764471] (pico_kinova) StdoutLine: {'line': b"-- Added test 'cppcheck' to perform static code analysis on C / C++ code\n"}
[1.766047] (pico_kinova) StdoutLine: {'line': b'-- Configured cppcheck include dirs: /home/rpp/Desktop/pico_kinova/pico_kinova/include;/home/rpp/Desktop/pico_kinova/pico_kinova/include/thirdParty/cxxopts;/home/rpp/Desktop/pico_kinova/pico_kinova/matplotlib;/home/rpp/Desktop/pico_kinova/pico_kinova/lib;/home/rpp/Desktop/pico_kinova/pico_kinova/ur_rtde/include;/home/rpp/Desktop/pico_kinova/pico_kinova/dynamixel_sdk/include;$<BUILD_INTERFACE:/home/rpp/Desktop/pico_kinova/pico_kinova/include>;$<BUILD_INTERFACE:/home/rpp/Desktop/pico_kinova/pico_kinova/include/client>;$<BUILD_INTERFACE:/home/rpp/Desktop/pico_kinova/pico_kinova/include/client_stubs>;$<BUILD_INTERFACE:/home/rpp/Desktop/pico_kinova/pico_kinova/include/common>;$<BUILD_INTERFACE:/home/rpp/Desktop/pico_kinova/pico_kinova/include/google>;$<BUILD_INTERFACE:/home/rpp/Desktop/pico_kinova/pico_kinova/include/messages>\n'}
[1.766203] (pico_kinova) StdoutLine: {'line': b'-- Configured cppcheck exclude dirs and/or files: \n'}
[1.770859] (pico_kinova) StdoutLine: {'line': b"-- Added test 'flake8' to check Python code syntax and style conventions\n"}
[1.779916] (pico_kinova) StdoutLine: {'line': b"-- Added test 'lint_cmake' to check CMake code style\n"}
[1.784304] (pico_kinova) StdoutLine: {'line': b"-- Added test 'pep257' to check Python code against some of the docstring style conventions in PEP 257\n"}
[1.802619] (-) TimerEvent: {}
[1.816716] (pico_kinova) StdoutLine: {'line': b"-- Added test 'uncrustify' to check C / C++ code style\n"}
[1.816846] (pico_kinova) StdoutLine: {'line': b'-- Configured uncrustify additional arguments: \n'}
[1.821166] (pico_kinova) StdoutLine: {'line': b"-- Added test 'xmllint' to check XML markup files\n"}
[1.822002] (pico_kinova) StdoutLine: {'line': b'-- Configuring done\n'}
[1.863725] (pico_kinova) StdoutLine: {'line': b'-- Generating done\n'}
[1.876923] (pico_kinova) StdoutLine: {'line': b'-- Build files have been written to: /home/rpp/Desktop/pico_kinova/pico_kinova/build/pico_kinova\n'}
[1.902770] (-) TimerEvent: {}
[1.920071] (pico_kinova) StdoutLine: {'line': b'\x1b[35m\x1b[1mConsolidate compiler generated dependencies of target rtde\x1b[0m\n'}
[1.982259] (pico_kinova) StdoutLine: {'line': b'[  2%] \x1b[32mBuilding CXX object ur_rtde/CMakeFiles/rtde.dir/src/robot_state.cpp.o\x1b[0m\n'}
[1.984893] (pico_kinova) StdoutLine: {'line': b'[  4%] \x1b[32mBuilding CXX object ur_rtde/CMakeFiles/rtde.dir/src/dashboard_enums.cpp.o\x1b[0m\n'}
[1.985485] (pico_kinova) StdoutLine: {'line': b'[  6%] \x1b[32mBuilding CXX object ur_rtde/CMakeFiles/rtde.dir/src/rtde_receive_interface.cpp.o\x1b[0m\n'}
[1.986681] (pico_kinova) StdoutLine: {'line': b'[  9%] \x1b[32mBuilding CXX object ur_rtde/CMakeFiles/rtde.dir/src/robotiq_gripper.cpp.o\x1b[0m\n'}
[1.987103] (pico_kinova) StdoutLine: {'line': b'[ 11%] \x1b[32mBuilding CXX object ur_rtde/CMakeFiles/rtde.dir/src/urcl/script_sender.cpp.o\x1b[0m\n'}
[1.987330] (pico_kinova) StdoutLine: {'line': b'[ 13%] \x1b[32mBuilding CXX object ur_rtde/CMakeFiles/rtde.dir/src/script_client.cpp.o\x1b[0m\n'}
[1.987805] (pico_kinova) StdoutLine: {'line': b'[ 18%] \x1b[32mBuilding CXX object ur_rtde/CMakeFiles/rtde.dir/src/rtde.cpp.o\x1b[0m\n'}
[1.987930] (pico_kinova) StdoutLine: {'line': b'[ 18%] \x1b[32mBuilding CXX object ur_rtde/CMakeFiles/rtde.dir/src/urcl/default_log_handler.cpp.o\x1b[0m\n'}
[1.988215] (pico_kinova) StdoutLine: {'line': b'[ 20%] \x1b[32mBuilding CXX object ur_rtde/CMakeFiles/rtde.dir/src/dashboard_client.cpp.o\x1b[0m\n'}
[1.988684] (pico_kinova) StdoutLine: {'line': b'[ 23%] \x1b[32mBuilding CXX object ur_rtde/CMakeFiles/rtde.dir/src/urcl/tcp_server.cpp.o\x1b[0m\n'}
[1.989856] (pico_kinova) StdoutLine: {'line': b'[ 25%] \x1b[32mBuilding CXX object ur_rtde/CMakeFiles/rtde.dir/src/rtde_control_interface.cpp.o\x1b[0m\n'}
[1.990921] (pico_kinova) StdoutLine: {'line': b'[ 27%] \x1b[32mBuilding CXX object ur_rtde/CMakeFiles/rtde.dir/src/rtde_io_interface.cpp.o\x1b[0m\n'}
[1.991200] (pico_kinova) StdoutLine: {'line': b'[ 30%] \x1b[32mBuilding CXX object ur_rtde/CMakeFiles/rtde.dir/src/urcl/log.cpp.o\x1b[0m\n'}
[2.002862] (-) TimerEvent: {}
[2.103276] (-) TimerEvent: {}
[2.203625] (-) TimerEvent: {}
[2.303992] (-) TimerEvent: {}
[2.404328] (-) TimerEvent: {}
[2.504723] (-) TimerEvent: {}
[2.605153] (-) TimerEvent: {}
[2.648838] (pico_kinova) StderrLine: {'line': b'In file included from \x1b[01m\x1b[K/home/rpp/Desktop/pico_kinova/pico_kinova/ur_rtde/src/robot_state.cpp:1\x1b[m\x1b[K:\n'}
[2.649185] (pico_kinova) StderrLine: {'line': b'\x1b[01m\x1b[K/home/rpp/Desktop/pico_kinova/pico_kinova/ur_rtde/include/ur_rtde/robot_state.h:93:4:\x1b[m\x1b[K \x1b[01;35m\x1b[Kwarning: \x1b[m\x1b[Kextra \xe2\x80\x98\x1b[01m\x1b[K;\x1b[m\x1b[K\xe2\x80\x99 [\x1b[01;35m\x1b[K\x1b]8;;https://gcc.gnu.org/onlinedocs/gcc/Warning-Options.html#index-Wpedantic\x07-Wpedantic\x1b]8;;\x07\x1b[m\x1b[K]\n'}
[2.649381] (pico_kinova) StderrLine: {'line': b'   93 |   }\x1b[01;35m\x1b[K;\x1b[m\x1b[K\n'}
[2.649544] (pico_kinova) StderrLine: {'line': b'      |    \x1b[01;35m\x1b[K^\x1b[m\x1b[K\n'}
[2.649700] (pico_kinova) StderrLine: {'line': b'      |    \x1b[31m\x1b[K-\x1b[m\x1b[K\n'}
[2.649862] (pico_kinova) StderrLine: {'line': b'\x1b[01m\x1b[K/home/rpp/Desktop/pico_kinova/pico_kinova/ur_rtde/include/ur_rtde/robot_state.h:107:4:\x1b[m\x1b[K \x1b[01;35m\x1b[Kwarning: \x1b[m\x1b[Kextra \xe2\x80\x98\x1b[01m\x1b[K;\x1b[m\x1b[K\xe2\x80\x99 [\x1b[01;35m\x1b[K\x1b]8;;https://gcc.gnu.org/onlinedocs/gcc/Warning-Options.html#index-Wpedantic\x07-Wpedantic\x1b]8;;\x07\x1b[m\x1b[K]\n'}
[2.650004] (pico_kinova) StderrLine: {'line': b'  107 |   }\x1b[01;35m\x1b[K;\x1b[m\x1b[K\n'}
[2.650137] (pico_kinova) StderrLine: {'line': b'      |    \x1b[01;35m\x1b[K^\x1b[m\x1b[K\n'}
[2.650280] (pico_kinova) StderrLine: {'line': b'      |    \x1b[31m\x1b[K-\x1b[m\x1b[K\n'}
[2.698019] (pico_kinova) StderrLine: {'line': b'\x1b[01m\x1b[K/home/rpp/Desktop/pico_kinova/pico_kinova/ur_rtde/include/ur_rtde/robot_state.h:\x1b[m\x1b[K In member function \xe2\x80\x98\x1b[01m\x1b[Kuint16_t ur_rtde::RobotState::SizeVisitor::operator()(uint32_t) const\x1b[m\x1b[K\xe2\x80\x99:\n'}
[2.698437] (pico_kinova) StderrLine: {'line': b'\x1b[01m\x1b[K/home/rpp/Desktop/pico_kinova/pico_kinova/ur_rtde/include/ur_rtde/robot_state.h:154:34:\x1b[m\x1b[K \x1b[01;35m\x1b[Kwarning: \x1b[m\x1b[Kunused parameter \xe2\x80\x98\x1b[01m\x1b[Kint_val\x1b[m\x1b[K\xe2\x80\x99 [\x1b[01;35m\x1b[K\x1b]8;;https://gcc.gnu.org/onlinedocs/gcc/Warning-Options.html#index-Wunused-parameter\x07-Wunused-parameter\x1b]8;;\x07\x1b[m\x1b[K]\n'}
[2.698607] (pico_kinova) StderrLine: {'line': b'  154 |     uint16_t operator()(\x1b[01;35m\x1b[Kuint32_t int_val\x1b[m\x1b[K) const\n'}
[2.698743] (pico_kinova) StderrLine: {'line': b'      |                         \x1b[01;35m\x1b[K~~~~~~~~~^~~~~~~\x1b[m\x1b[K\n'}
[2.698877] (pico_kinova) StderrLine: {'line': b'\x1b[01m\x1b[K/home/rpp/Desktop/pico_kinova/pico_kinova/ur_rtde/include/ur_rtde/robot_state.h:\x1b[m\x1b[K In member function \xe2\x80\x98\x1b[01m\x1b[Kuint16_t ur_rtde::RobotState::SizeVisitor::operator()(uint64_t) const\x1b[m\x1b[K\xe2\x80\x99:\n'}
[2.699017] (pico_kinova) StderrLine: {'line': b'\x1b[01m\x1b[K/home/rpp/Desktop/pico_kinova/pico_kinova/ur_rtde/include/ur_rtde/robot_state.h:159:34:\x1b[m\x1b[K \x1b[01;35m\x1b[Kwarning: \x1b[m\x1b[Kunused parameter \xe2\x80\x98\x1b[01m\x1b[Kint_val\x1b[m\x1b[K\xe2\x80\x99 [\x1b[01;35m\x1b[K\x1b]8;;https://gcc.gnu.org/onlinedocs/gcc/Warning-Options.html#index-Wunused-parameter\x07-Wunused-parameter\x1b]8;;\x07\x1b[m\x1b[K]\n'}
[2.699153] (pico_kinova) StderrLine: {'line': b'  159 |     uint16_t operator()(\x1b[01;35m\x1b[Kuint64_t int_val\x1b[m\x1b[K) const\n'}
[2.699277] (pico_kinova) StderrLine: {'line': b'      |                         \x1b[01;35m\x1b[K~~~~~~~~~^~~~~~~\x1b[m\x1b[K\n'}
[2.699433] (pico_kinova) StderrLine: {'line': b'\x1b[01m\x1b[K/home/rpp/Desktop/pico_kinova/pico_kinova/ur_rtde/include/ur_rtde/robot_state.h:\x1b[m\x1b[K In member function \xe2\x80\x98\x1b[01m\x1b[Kuint16_t ur_rtde::RobotState::SizeVisitor::operator()(int32_t) const\x1b[m\x1b[K\xe2\x80\x99:\n'}
[2.699582] (pico_kinova) StderrLine: {'line': b'\x1b[01m\x1b[K/home/rpp/Desktop/pico_kinova/pico_kinova/ur_rtde/include/ur_rtde/robot_state.h:164:33:\x1b[m\x1b[K \x1b[01;35m\x1b[Kwarning: \x1b[m\x1b[Kunused parameter \xe2\x80\x98\x1b[01m\x1b[Kint_val\x1b[m\x1b[K\xe2\x80\x99 [\x1b[01;35m\x1b[K\x1b]8;;https://gcc.gnu.org/onlinedocs/gcc/Warning-Options.html#index-Wunused-parameter\x07-Wunused-parameter\x1b]8;;\x07\x1b[m\x1b[K]\n'}
[2.699716] (pico_kinova) StderrLine: {'line': b'  164 |     uint16_t operator()(\x1b[01;35m\x1b[Kint32_t int_val\x1b[m\x1b[K) const\n'}
[2.699850] (pico_kinova) StderrLine: {'line': b'      |                         \x1b[01;35m\x1b[K~~~~~~~~^~~~~~~\x1b[m\x1b[K\n'}
[2.699987] (pico_kinova) StderrLine: {'line': b'\x1b[01m\x1b[K/home/rpp/Desktop/pico_kinova/pico_kinova/ur_rtde/include/ur_rtde/robot_state.h:\x1b[m\x1b[K In member function \xe2\x80\x98\x1b[01m\x1b[Kuint16_t ur_rtde::RobotState::SizeVisitor::operator()(double) const\x1b[m\x1b[K\xe2\x80\x99:\n'}
[2.700124] (pico_kinova) StderrLine: {'line': b'\x1b[01m\x1b[K/home/rpp/Desktop/pico_kinova/pico_kinova/ur_rtde/include/ur_rtde/robot_state.h:169:32:\x1b[m\x1b[K \x1b[01;35m\x1b[Kwarning: \x1b[m\x1b[Kunused parameter \xe2\x80\x98\x1b[01m\x1b[Kdouble_val\x1b[m\x1b[K\xe2\x80\x99 [\x1b[01;35m\x1b[K\x1b]8;;https://gcc.gnu.org/onlinedocs/gcc/Warning-Options.html#index-Wunused-parameter\x07-Wunused-parameter\x1b]8;;\x07\x1b[m\x1b[K]\n'}
[2.700275] (pico_kinova) StderrLine: {'line': b'  169 |     uint16_t operator()(\x1b[01;35m\x1b[Kdouble double_val\x1b[m\x1b[K) const\n'}
[2.700404] (pico_kinova) StderrLine: {'line': b'      |                         \x1b[01;35m\x1b[K~~~~~~~^~~~~~~~~~\x1b[m\x1b[K\n'}
[2.705250] (-) TimerEvent: {}
[2.805610] (-) TimerEvent: {}
[2.828529] (pico_kinova) StderrLine: {'line': b'In file included from \x1b[01m\x1b[K/home/rpp/Desktop/pico_kinova/pico_kinova/ur_rtde/src/rtde_receive_interface.cpp:1\x1b[m\x1b[K:\n'}
[2.828851] (pico_kinova) StderrLine: {'line': b'\x1b[01m\x1b[K/home/rpp/Desktop/pico_kinova/pico_kinova/ur_rtde/include/ur_rtde/robot_state.h:93:4:\x1b[m\x1b[K \x1b[01;35m\x1b[Kwarning: \x1b[m\x1b[Kextra \xe2\x80\x98\x1b[01m\x1b[K;\x1b[m\x1b[K\xe2\x80\x99 [\x1b[01;35m\x1b[K\x1b]8;;https://gcc.gnu.org/onlinedocs/gcc/Warning-Options.html#index-Wpedantic\x07-Wpedantic\x1b]8;;\x07\x1b[m\x1b[K]\n'}
[2.829098] (pico_kinova) StderrLine: {'line': b'   93 |   }\x1b[01;35m\x1b[K;\x1b[m\x1b[K\n'}
[2.829215] (pico_kinova) StderrLine: {'line': b'      |    \x1b[01;35m\x1b[K^\x1b[m\x1b[K\n'}
[2.829292] (pico_kinova) StderrLine: {'line': b'      |    \x1b[31m\x1b[K-\x1b[m\x1b[K\n'}
[2.829354] (pico_kinova) StderrLine: {'line': b'\x1b[01m\x1b[K/home/rpp/Desktop/pico_kinova/pico_kinova/ur_rtde/include/ur_rtde/robot_state.h:107:4:\x1b[m\x1b[K \x1b[01;35m\x1b[Kwarning: \x1b[m\x1b[Kextra \xe2\x80\x98\x1b[01m\x1b[K;\x1b[m\x1b[K\xe2\x80\x99 [\x1b[01;35m\x1b[K\x1b]8;;https://gcc.gnu.org/onlinedocs/gcc/Warning-Options.html#index-Wpedantic\x07-Wpedantic\x1b]8;;\x07\x1b[m\x1b[K]\n'}
[2.829441] (pico_kinova) StderrLine: {'line': b'  107 |   }\x1b[01;35m\x1b[K;\x1b[m\x1b[K\n'}
[2.829628] (pico_kinova) StderrLine: {'line': b'      |    \x1b[01;35m\x1b[K^\x1b[m\x1b[K\n'}
[2.829782] (pico_kinova) StderrLine: {'line': b'      |    \x1b[31m\x1b[K-\x1b[m\x1b[K\n'}
[2.877288] (pico_kinova) StderrLine: {'line': b'\x1b[01m\x1b[K/home/rpp/Desktop/pico_kinova/pico_kinova/ur_rtde/include/ur_rtde/robot_state.h:\x1b[m\x1b[K In member function \xe2\x80\x98\x1b[01m\x1b[Kuint16_t ur_rtde::RobotState::SizeVisitor::operator()(uint32_t) const\x1b[m\x1b[K\xe2\x80\x99:\n'}
[2.877696] (pico_kinova) StderrLine: {'line': b'\x1b[01m\x1b[K/home/rpp/Desktop/pico_kinova/pico_kinova/ur_rtde/include/ur_rtde/robot_state.h:154:34:\x1b[m\x1b[K \x1b[01;35m\x1b[Kwarning: \x1b[m\x1b[Kunused parameter \xe2\x80\x98\x1b[01m\x1b[Kint_val\x1b[m\x1b[K\xe2\x80\x99 [\x1b[01;35m\x1b[K\x1b]8;;https://gcc.gnu.org/onlinedocs/gcc/Warning-Options.html#index-Wunused-parameter\x07-Wunused-parameter\x1b]8;;\x07\x1b[m\x1b[K]\n'}
[2.877877] (pico_kinova) StderrLine: {'line': b'  154 |     uint16_t operator()(\x1b[01;35m\x1b[Kuint32_t int_val\x1b[m\x1b[K) const\n'}
[2.878018] (pico_kinova) StderrLine: {'line': b'      |                         \x1b[01;35m\x1b[K~~~~~~~~~^~~~~~~\x1b[m\x1b[K\n'}
[2.878150] (pico_kinova) StderrLine: {'line': b'\x1b[01m\x1b[K/home/rpp/Desktop/pico_kinova/pico_kinova/ur_rtde/include/ur_rtde/robot_state.h:\x1b[m\x1b[K In member function \xe2\x80\x98\x1b[01m\x1b[Kuint16_t ur_rtde::RobotState::SizeVisitor::operator()(uint64_t) const\x1b[m\x1b[K\xe2\x80\x99:\n'}
[2.878282] (pico_kinova) StderrLine: {'line': b'\x1b[01m\x1b[K/home/rpp/Desktop/pico_kinova/pico_kinova/ur_rtde/include/ur_rtde/robot_state.h:159:34:\x1b[m\x1b[K \x1b[01;35m\x1b[Kwarning: \x1b[m\x1b[Kunused parameter \xe2\x80\x98\x1b[01m\x1b[Kint_val\x1b[m\x1b[K\xe2\x80\x99 [\x1b[01;35m\x1b[K\x1b]8;;https://gcc.gnu.org/onlinedocs/gcc/Warning-Options.html#index-Wunused-parameter\x07-Wunused-parameter\x1b]8;;\x07\x1b[m\x1b[K]\n'}
[2.878421] (pico_kinova) StderrLine: {'line': b'  159 |     uint16_t operator()(\x1b[01;35m\x1b[Kuint64_t int_val\x1b[m\x1b[K) const\n'}
[2.878574] (pico_kinova) StderrLine: {'line': b'      |                         \x1b[01;35m\x1b[K~~~~~~~~~^~~~~~~\x1b[m\x1b[K\n'}
[2.878707] (pico_kinova) StderrLine: {'line': b'\x1b[01m\x1b[K/home/rpp/Desktop/pico_kinova/pico_kinova/ur_rtde/include/ur_rtde/robot_state.h:\x1b[m\x1b[K In member function \xe2\x80\x98\x1b[01m\x1b[Kuint16_t ur_rtde::RobotState::SizeVisitor::operator()(int32_t) const\x1b[m\x1b[K\xe2\x80\x99:\n'}
[2.878839] (pico_kinova) StderrLine: {'line': b'\x1b[01m\x1b[K/home/rpp/Desktop/pico_kinova/pico_kinova/ur_rtde/include/ur_rtde/robot_state.h:164:33:\x1b[m\x1b[K \x1b[01;35m\x1b[Kwarning: \x1b[m\x1b[Kunused parameter \xe2\x80\x98\x1b[01m\x1b[Kint_val\x1b[m\x1b[K\xe2\x80\x99 [\x1b[01;35m\x1b[K\x1b]8;;https://gcc.gnu.org/onlinedocs/gcc/Warning-Options.html#index-Wunused-parameter\x07-Wunused-parameter\x1b]8;;\x07\x1b[m\x1b[K]\n'}
[2.878976] (pico_kinova) StderrLine: {'line': b'  164 |     uint16_t operator()(\x1b[01;35m\x1b[Kint32_t int_val\x1b[m\x1b[K) const\n'}
[2.879106] (pico_kinova) StderrLine: {'line': b'      |                         \x1b[01;35m\x1b[K~~~~~~~~^~~~~~~\x1b[m\x1b[K\n'}
[2.879250] (pico_kinova) StderrLine: {'line': b'\x1b[01m\x1b[K/home/rpp/Desktop/pico_kinova/pico_kinova/ur_rtde/include/ur_rtde/robot_state.h:\x1b[m\x1b[K In member function \xe2\x80\x98\x1b[01m\x1b[Kuint16_t ur_rtde::RobotState::SizeVisitor::operator()(double) const\x1b[m\x1b[K\xe2\x80\x99:\n'}
[2.879379] (pico_kinova) StderrLine: {'line': b'\x1b[01m\x1b[K/home/rpp/Desktop/pico_kinova/pico_kinova/ur_rtde/include/ur_rtde/robot_state.h:169:32:\x1b[m\x1b[K \x1b[01;35m\x1b[Kwarning: \x1b[m\x1b[Kunused parameter \xe2\x80\x98\x1b[01m\x1b[Kdouble_val\x1b[m\x1b[K\xe2\x80\x99 [\x1b[01;35m\x1b[K\x1b]8;;https://gcc.gnu.org/onlinedocs/gcc/Warning-Options.html#index-Wunused-parameter\x07-Wunused-parameter\x1b]8;;\x07\x1b[m\x1b[K]\n'}
[2.879518] (pico_kinova) StderrLine: {'line': b'  169 |     uint16_t operator()(\x1b[01;35m\x1b[Kdouble double_val\x1b[m\x1b[K) const\n'}
[2.879650] (pico_kinova) StderrLine: {'line': b'      |                         \x1b[01;35m\x1b[K~~~~~~~^~~~~~~~~~\x1b[m\x1b[K\n'}
[2.905718] (-) TimerEvent: {}
[3.006099] (-) TimerEvent: {}
[3.106547] (-) TimerEvent: {}
[3.109326] (pico_kinova) StderrLine: {'line': b'In file included from \x1b[01m\x1b[K/home/rpp/Desktop/pico_kinova/pico_kinova/ur_rtde/src/rtde.cpp:1\x1b[m\x1b[K:\n'}
[3.109665] (pico_kinova) StderrLine: {'line': b'\x1b[01m\x1b[K/home/rpp/Desktop/pico_kinova/pico_kinova/ur_rtde/include/ur_rtde/robot_state.h:93:4:\x1b[m\x1b[K \x1b[01;35m\x1b[Kwarning: \x1b[m\x1b[Kextra \xe2\x80\x98\x1b[01m\x1b[K;\x1b[m\x1b[K\xe2\x80\x99 [\x1b[01;35m\x1b[K\x1b]8;;https://gcc.gnu.org/onlinedocs/gcc/Warning-Options.html#index-Wpedantic\x07-Wpedantic\x1b]8;;\x07\x1b[m\x1b[K]\n'}
[3.109837] (pico_kinova) StderrLine: {'line': b'   93 |   }\x1b[01;35m\x1b[K;\x1b[m\x1b[K\n'}
[3.109976] (pico_kinova) StderrLine: {'line': b'      |    \x1b[01;35m\x1b[K^\x1b[m\x1b[K\n'}
[3.110110] (pico_kinova) StderrLine: {'line': b'      |    \x1b[31m\x1b[K-\x1b[m\x1b[K\n'}
[3.110241] (pico_kinova) StderrLine: {'line': b'\x1b[01m\x1b[K/home/rpp/Desktop/pico_kinova/pico_kinova/ur_rtde/include/ur_rtde/robot_state.h:107:4:\x1b[m\x1b[K \x1b[01;35m\x1b[Kwarning: \x1b[m\x1b[Kextra \xe2\x80\x98\x1b[01m\x1b[K;\x1b[m\x1b[K\xe2\x80\x99 [\x1b[01;35m\x1b[K\x1b]8;;https://gcc.gnu.org/onlinedocs/gcc/Warning-Options.html#index-Wpedantic\x07-Wpedantic\x1b]8;;\x07\x1b[m\x1b[K]\n'}
[3.110375] (pico_kinova) StderrLine: {'line': b'  107 |   }\x1b[01;35m\x1b[K;\x1b[m\x1b[K\n'}
[3.110520] (pico_kinova) StderrLine: {'line': b'      |    \x1b[01;35m\x1b[K^\x1b[m\x1b[K\n'}
[3.110646] (pico_kinova) StderrLine: {'line': b'      |    \x1b[31m\x1b[K-\x1b[m\x1b[K\n'}
[3.158908] (pico_kinova) StderrLine: {'line': b'\x1b[01m\x1b[K/home/rpp/Desktop/pico_kinova/pico_kinova/ur_rtde/include/ur_rtde/robot_state.h:\x1b[m\x1b[K In member function \xe2\x80\x98\x1b[01m\x1b[Kuint16_t ur_rtde::RobotState::SizeVisitor::operator()(uint32_t) const\x1b[m\x1b[K\xe2\x80\x99:\n'}
[3.159308] (pico_kinova) StderrLine: {'line': b'\x1b[01m\x1b[K/home/rpp/Desktop/pico_kinova/pico_kinova/ur_rtde/include/ur_rtde/robot_state.h:154:34:\x1b[m\x1b[K \x1b[01;35m\x1b[Kwarning: \x1b[m\x1b[Kunused parameter \xe2\x80\x98\x1b[01m\x1b[Kint_val\x1b[m\x1b[K\xe2\x80\x99 [\x1b[01;35m\x1b[K\x1b]8;;https://gcc.gnu.org/onlinedocs/gcc/Warning-Options.html#index-Wunused-parameter\x07-Wunused-parameter\x1b]8;;\x07\x1b[m\x1b[K]\n'}
[3.159521] (pico_kinova) StderrLine: {'line': b'  154 |     uint16_t operator()(\x1b[01;35m\x1b[Kuint32_t int_val\x1b[m\x1b[K) const\n'}
[3.159691] (pico_kinova) StderrLine: {'line': b'      |                         \x1b[01;35m\x1b[K~~~~~~~~~^~~~~~~\x1b[m\x1b[K\n'}
[3.159826] (pico_kinova) StderrLine: {'line': b'\x1b[01m\x1b[K/home/rpp/Desktop/pico_kinova/pico_kinova/ur_rtde/include/ur_rtde/robot_state.h:\x1b[m\x1b[K In member function \xe2\x80\x98\x1b[01m\x1b[Kuint16_t ur_rtde::RobotState::SizeVisitor::operator()(uint64_t) const\x1b[m\x1b[K\xe2\x80\x99:\n'}
[3.159971] (pico_kinova) StderrLine: {'line': b'\x1b[01m\x1b[K/home/rpp/Desktop/pico_kinova/pico_kinova/ur_rtde/include/ur_rtde/robot_state.h:159:34:\x1b[m\x1b[K \x1b[01;35m\x1b[Kwarning: \x1b[m\x1b[Kunused parameter \xe2\x80\x98\x1b[01m\x1b[Kint_val\x1b[m\x1b[K\xe2\x80\x99 [\x1b[01;35m\x1b[K\x1b]8;;https://gcc.gnu.org/onlinedocs/gcc/Warning-Options.html#index-Wunused-parameter\x07-Wunused-parameter\x1b]8;;\x07\x1b[m\x1b[K]\n'}
[3.160108] (pico_kinova) StderrLine: {'line': b'  159 |     uint16_t operator()(\x1b[01;35m\x1b[Kuint64_t int_val\x1b[m\x1b[K) const\n'}
[3.160237] (pico_kinova) StderrLine: {'line': b'      |                         \x1b[01;35m\x1b[K~~~~~~~~~^~~~~~~\x1b[m\x1b[K\n'}
[3.160364] (pico_kinova) StderrLine: {'line': b'\x1b[01m\x1b[K/home/rpp/Desktop/pico_kinova/pico_kinova/ur_rtde/include/ur_rtde/robot_state.h:\x1b[m\x1b[K In member function \xe2\x80\x98\x1b[01m\x1b[Kuint16_t ur_rtde::RobotState::SizeVisitor::operator()(int32_t) const\x1b[m\x1b[K\xe2\x80\x99:\n'}
[3.160503] (pico_kinova) StderrLine: {'line': b'\x1b[01m\x1b[K/home/rpp/Desktop/pico_kinova/pico_kinova/ur_rtde/include/ur_rtde/robot_state.h:164:33:\x1b[m\x1b[K \x1b[01;35m\x1b[Kwarning: \x1b[m\x1b[Kunused parameter \xe2\x80\x98\x1b[01m\x1b[Kint_val\x1b[m\x1b[K\xe2\x80\x99 [\x1b[01;35m\x1b[K\x1b]8;;https://gcc.gnu.org/onlinedocs/gcc/Warning-Options.html#index-Wunused-parameter\x07-Wunused-parameter\x1b]8;;\x07\x1b[m\x1b[K]\n'}
[3.160635] (pico_kinova) StderrLine: {'line': b'  164 |     uint16_t operator()(\x1b[01;35m\x1b[Kint32_t int_val\x1b[m\x1b[K) const\n'}
[3.160763] (pico_kinova) StderrLine: {'line': b'      |                         \x1b[01;35m\x1b[K~~~~~~~~^~~~~~~\x1b[m\x1b[K\n'}
[3.160891] (pico_kinova) StderrLine: {'line': b'\x1b[01m\x1b[K/home/rpp/Desktop/pico_kinova/pico_kinova/ur_rtde/include/ur_rtde/robot_state.h:\x1b[m\x1b[K In member function \xe2\x80\x98\x1b[01m\x1b[Kuint16_t ur_rtde::RobotState::SizeVisitor::operator()(double) const\x1b[m\x1b[K\xe2\x80\x99:\n'}
[3.161018] (pico_kinova) StderrLine: {'line': b'\x1b[01m\x1b[K/home/rpp/Desktop/pico_kinova/pico_kinova/ur_rtde/include/ur_rtde/robot_state.h:169:32:\x1b[m\x1b[K \x1b[01;35m\x1b[Kwarning: \x1b[m\x1b[Kunused parameter \xe2\x80\x98\x1b[01m\x1b[Kdouble_val\x1b[m\x1b[K\xe2\x80\x99 [\x1b[01;35m\x1b[K\x1b]8;;https://gcc.gnu.org/onlinedocs/gcc/Warning-Options.html#index-Wunused-parameter\x07-Wunused-parameter\x1b]8;;\x07\x1b[m\x1b[K]\n'}
[3.161147] (pico_kinova) StderrLine: {'line': b'  169 |     uint16_t operator()(\x1b[01;35m\x1b[Kdouble double_val\x1b[m\x1b[K) const\n'}
[3.161273] (pico_kinova) StderrLine: {'line': b'      |                         \x1b[01;35m\x1b[K~~~~~~~^~~~~~~~~~\x1b[m\x1b[K\n'}
[3.163592] (pico_kinova) StderrLine: {'line': b'In file included from \x1b[01m\x1b[K/home/rpp/Desktop/pico_kinova/pico_kinova/ur_rtde/src/rtde_control_interface.cpp:2\x1b[m\x1b[K:\n'}
[3.163922] (pico_kinova) StderrLine: {'line': b'\x1b[01m\x1b[K/home/rpp/Desktop/pico_kinova/pico_kinova/ur_rtde/include/ur_rtde/robot_state.h:93:4:\x1b[m\x1b[K \x1b[01;35m\x1b[Kwarning: \x1b[m\x1b[Kextra \xe2\x80\x98\x1b[01m\x1b[K;\x1b[m\x1b[K\xe2\x80\x99 [\x1b[01;35m\x1b[K\x1b]8;;https://gcc.gnu.org/onlinedocs/gcc/Warning-Options.html#index-Wpedantic\x07-Wpedantic\x1b]8;;\x07\x1b[m\x1b[K]\n'}
[3.164119] (pico_kinova) StderrLine: {'line': b'   93 |   }\x1b[01;35m\x1b[K;\x1b[m\x1b[K\n'}
[3.164277] (pico_kinova) StderrLine: {'line': b'      |    \x1b[01;35m\x1b[K^\x1b[m\x1b[K\n'}
[3.164422] (pico_kinova) StderrLine: {'line': b'      |    \x1b[31m\x1b[K-\x1b[m\x1b[K\n'}
[3.164579] (pico_kinova) StderrLine: {'line': b'\x1b[01m\x1b[K/home/rpp/Desktop/pico_kinova/pico_kinova/ur_rtde/include/ur_rtde/robot_state.h:107:4:\x1b[m\x1b[K \x1b[01;35m\x1b[Kwarning: \x1b[m\x1b[Kextra \xe2\x80\x98\x1b[01m\x1b[K;\x1b[m\x1b[K\xe2\x80\x99 [\x1b[01;35m\x1b[K\x1b]8;;https://gcc.gnu.org/onlinedocs/gcc/Warning-Options.html#index-Wpedantic\x07-Wpedantic\x1b]8;;\x07\x1b[m\x1b[K]\n'}
[3.164730] (pico_kinova) StderrLine: {'line': b'  107 |   }\x1b[01;35m\x1b[K;\x1b[m\x1b[K\n'}
[3.164872] (pico_kinova) StderrLine: {'line': b'      |    \x1b[01;35m\x1b[K^\x1b[m\x1b[K\n'}
[3.165006] (pico_kinova) StderrLine: {'line': b'      |    \x1b[31m\x1b[K-\x1b[m\x1b[K\n'}
[3.206670] (-) TimerEvent: {}
[3.209566] (pico_kinova) StderrLine: {'line': b'\x1b[01m\x1b[K/home/rpp/Desktop/pico_kinova/pico_kinova/ur_rtde/include/ur_rtde/robot_state.h:\x1b[m\x1b[K In member function \xe2\x80\x98\x1b[01m\x1b[Kuint16_t ur_rtde::RobotState::SizeVisitor::operator()(uint32_t) const\x1b[m\x1b[K\xe2\x80\x99:\n'}
[3.209879] (pico_kinova) StderrLine: {'line': b'\x1b[01m\x1b[K/home/rpp/Desktop/pico_kinova/pico_kinova/ur_rtde/include/ur_rtde/robot_state.h:154:34:\x1b[m\x1b[K \x1b[01;35m\x1b[Kwarning: \x1b[m\x1b[Kunused parameter \xe2\x80\x98\x1b[01m\x1b[Kint_val\x1b[m\x1b[K\xe2\x80\x99 [\x1b[01;35m\x1b[K\x1b]8;;https://gcc.gnu.org/onlinedocs/gcc/Warning-Options.html#index-Wunused-parameter\x07-Wunused-parameter\x1b]8;;\x07\x1b[m\x1b[K]\n'}
[3.210048] (pico_kinova) StderrLine: {'line': b'  154 |     uint16_t operator()(\x1b[01;35m\x1b[Kuint32_t int_val\x1b[m\x1b[K) const\n'}
[3.210190] (pico_kinova) StderrLine: {'line': b'      |                         \x1b[01;35m\x1b[K~~~~~~~~~^~~~~~~\x1b[m\x1b[K\n'}
[3.210319] (pico_kinova) StderrLine: {'line': b'\x1b[01m\x1b[K/home/rpp/Desktop/pico_kinova/pico_kinova/ur_rtde/include/ur_rtde/robot_state.h:\x1b[m\x1b[K In member function \xe2\x80\x98\x1b[01m\x1b[Kuint16_t ur_rtde::RobotState::SizeVisitor::operator()(uint64_t) const\x1b[m\x1b[K\xe2\x80\x99:\n'}
[3.210457] (pico_kinova) StderrLine: {'line': b'\x1b[01m\x1b[K/home/rpp/Desktop/pico_kinova/pico_kinova/ur_rtde/include/ur_rtde/robot_state.h:159:34:\x1b[m\x1b[K \x1b[01;35m\x1b[Kwarning: \x1b[m\x1b[Kunused parameter \xe2\x80\x98\x1b[01m\x1b[Kint_val\x1b[m\x1b[K\xe2\x80\x99 [\x1b[01;35m\x1b[K\x1b]8;;https://gcc.gnu.org/onlinedocs/gcc/Warning-Options.html#index-Wunused-parameter\x07-Wunused-parameter\x1b]8;;\x07\x1b[m\x1b[K]\n'}
[3.210588] (pico_kinova) StderrLine: {'line': b'  159 |     uint16_t operator()(\x1b[01;35m\x1b[Kuint64_t int_val\x1b[m\x1b[K) const\n'}
[3.210714] (pico_kinova) StderrLine: {'line': b'      |                         \x1b[01;35m\x1b[K~~~~~~~~~^~~~~~~\x1b[m\x1b[K\n'}
[3.210874] (pico_kinova) StderrLine: {'line': b'\x1b[01m\x1b[K/home/rpp/Desktop/pico_kinova/pico_kinova/ur_rtde/include/ur_rtde/robot_state.h:\x1b[m\x1b[K In member function \xe2\x80\x98\x1b[01m\x1b[Kuint16_t ur_rtde::RobotState::SizeVisitor::operator()(int32_t) const\x1b[m\x1b[K\xe2\x80\x99:\n'}
[3.211002] (pico_kinova) StderrLine: {'line': b'\x1b[01m\x1b[K/home/rpp/Desktop/pico_kinova/pico_kinova/ur_rtde/include/ur_rtde/robot_state.h:164:33:\x1b[m\x1b[K \x1b[01;35m\x1b[Kwarning: \x1b[m\x1b[Kunused parameter \xe2\x80\x98\x1b[01m\x1b[Kint_val\x1b[m\x1b[K\xe2\x80\x99 [\x1b[01;35m\x1b[K\x1b]8;;https://gcc.gnu.org/onlinedocs/gcc/Warning-Options.html#index-Wunused-parameter\x07-Wunused-parameter\x1b]8;;\x07\x1b[m\x1b[K]\n'}
[3.211131] (pico_kinova) StderrLine: {'line': b'  164 |     uint16_t operator()(\x1b[01;35m\x1b[Kint32_t int_val\x1b[m\x1b[K) const\n'}
[3.211254] (pico_kinova) StderrLine: {'line': b'      |                         \x1b[01;35m\x1b[K~~~~~~~~^~~~~~~\x1b[m\x1b[K\n'}
[3.211389] (pico_kinova) StderrLine: {'line': b'\x1b[01m\x1b[K/home/rpp/Desktop/pico_kinova/pico_kinova/ur_rtde/include/ur_rtde/robot_state.h:\x1b[m\x1b[K In member function \xe2\x80\x98\x1b[01m\x1b[Kuint16_t ur_rtde::RobotState::SizeVisitor::operator()(double) const\x1b[m\x1b[K\xe2\x80\x99:\n'}
[3.211524] (pico_kinova) StderrLine: {'line': b'\x1b[01m\x1b[K/home/rpp/Desktop/pico_kinova/pico_kinova/ur_rtde/include/ur_rtde/robot_state.h:169:32:\x1b[m\x1b[K \x1b[01;35m\x1b[Kwarning: \x1b[m\x1b[Kunused parameter \xe2\x80\x98\x1b[01m\x1b[Kdouble_val\x1b[m\x1b[K\xe2\x80\x99 [\x1b[01;35m\x1b[K\x1b]8;;https://gcc.gnu.org/onlinedocs/gcc/Warning-Options.html#index-Wunused-parameter\x07-Wunused-parameter\x1b]8;;\x07\x1b[m\x1b[K]\n'}
[3.211651] (pico_kinova) StderrLine: {'line': b'  169 |     uint16_t operator()(\x1b[01;35m\x1b[Kdouble double_val\x1b[m\x1b[K) const\n'}
[3.211776] (pico_kinova) StderrLine: {'line': b'      |                         \x1b[01;35m\x1b[K~~~~~~~^~~~~~~~~~\x1b[m\x1b[K\n'}
[3.306786] (-) TimerEvent: {}
[3.407209] (-) TimerEvent: {}
[3.507592] (-) TimerEvent: {}
[3.607958] (-) TimerEvent: {}
[3.708362] (-) TimerEvent: {}
[3.808750] (-) TimerEvent: {}
[3.909133] (-) TimerEvent: {}
[4.009542] (-) TimerEvent: {}
[4.109931] (-) TimerEvent: {}
[4.210294] (-) TimerEvent: {}
[4.310683] (-) TimerEvent: {}
[4.411017] (-) TimerEvent: {}
[4.511381] (-) TimerEvent: {}
[4.539992] (pico_kinova) StderrLine: {'line': b'\x1b[01m\x1b[K/home/rpp/Desktop/pico_kinova/pico_kinova/ur_rtde/src/dashboard_client.cpp:\x1b[m\x1b[K In member function \xe2\x80\x98\x1b[01m\x1b[Kvoid ur_rtde::DashboardClient::setUserRole(const ur_rtde::UserRole&)\x1b[m\x1b[K\xe2\x80\x99:\n'}
[4.540325] (pico_kinova) StderrLine: {'line': b'\x1b[01m\x1b[K/home/rpp/Desktop/pico_kinova/pico_kinova/ur_rtde/src/dashboard_client.cpp:349:17:\x1b[m\x1b[K \x1b[01;35m\x1b[Kwarning: \x1b[m\x1b[Kthis statement may fall through [\x1b[01;35m\x1b[K\x1b]8;;https://gcc.gnu.org/onlinedocs/gcc/Warning-Options.html#index-Wimplicit-fallthrough=\x07-Wimplicit-fallthrough=\x1b]8;;\x07\x1b[m\x1b[K]\n'}
[4.540499] (pico_kinova) StderrLine: {'line': b'  349 |       message = \x1b[01;35m\x1b[K"locked"\x1b[m\x1b[K;\n'}
[4.540645] (pico_kinova) StderrLine: {'line': b'      |                 \x1b[01;35m\x1b[K^~~~~~~~\x1b[m\x1b[K\n'}
[4.540784] (pico_kinova) StderrLine: {'line': b'\x1b[01m\x1b[K/home/rpp/Desktop/pico_kinova/pico_kinova/ur_rtde/src/dashboard_client.cpp:350:5:\x1b[m\x1b[K \x1b[01;36m\x1b[Knote: \x1b[m\x1b[Khere\n'}
[4.540921] (pico_kinova) StderrLine: {'line': b'  350 |     \x1b[01;36m\x1b[Kcase\x1b[m\x1b[K UserRole::PROGRAMMER:\n'}
[4.541080] (pico_kinova) StderrLine: {'line': b'      |     \x1b[01;36m\x1b[K^~~~\x1b[m\x1b[K\n'}
[4.541211] (pico_kinova) StderrLine: {'line': b'\x1b[01m\x1b[K/home/rpp/Desktop/pico_kinova/pico_kinova/ur_rtde/src/dashboard_client.cpp:351:17:\x1b[m\x1b[K \x1b[01;35m\x1b[Kwarning: \x1b[m\x1b[Kthis statement may fall through [\x1b[01;35m\x1b[K\x1b]8;;https://gcc.gnu.org/onlinedocs/gcc/Warning-Options.html#index-Wimplicit-fallthrough=\x07-Wimplicit-fallthrough=\x1b]8;;\x07\x1b[m\x1b[K]\n'}
[4.541347] (pico_kinova) StderrLine: {'line': b'  351 |       message = \x1b[01;35m\x1b[K"programmer"\x1b[m\x1b[K;\n'}
[4.541486] (pico_kinova) StderrLine: {'line': b'      |                 \x1b[01;35m\x1b[K^~~~~~~~~~~~\x1b[m\x1b[K\n'}
[4.541615] (pico_kinova) StderrLine: {'line': b'\x1b[01m\x1b[K/home/rpp/Desktop/pico_kinova/pico_kinova/ur_rtde/src/dashboard_client.cpp:352:5:\x1b[m\x1b[K \x1b[01;36m\x1b[Knote: \x1b[m\x1b[Khere\n'}
[4.541745] (pico_kinova) StderrLine: {'line': b'  352 |     \x1b[01;36m\x1b[Kcase\x1b[m\x1b[K UserRole::OPERATOR:\n'}
[4.541871] (pico_kinova) StderrLine: {'line': b'      |     \x1b[01;36m\x1b[K^~~~\x1b[m\x1b[K\n'}
[4.541995] (pico_kinova) StderrLine: {'line': b'\x1b[01m\x1b[K/home/rpp/Desktop/pico_kinova/pico_kinova/ur_rtde/src/dashboard_client.cpp:353:17:\x1b[m\x1b[K \x1b[01;35m\x1b[Kwarning: \x1b[m\x1b[Kthis statement may fall through [\x1b[01;35m\x1b[K\x1b]8;;https://gcc.gnu.org/onlinedocs/gcc/Warning-Options.html#index-Wimplicit-fallthrough=\x07-Wimplicit-fallthrough=\x1b]8;;\x07\x1b[m\x1b[K]\n'}
[4.542144] (pico_kinova) StderrLine: {'line': b'  353 |       message = \x1b[01;35m\x1b[K"operator"\x1b[m\x1b[K;\n'}
[4.542272] (pico_kinova) StderrLine: {'line': b'      |                 \x1b[01;35m\x1b[K^~~~~~~~~~\x1b[m\x1b[K\n'}
[4.542403] (pico_kinova) StderrLine: {'line': b'\x1b[01m\x1b[K/home/rpp/Desktop/pico_kinova/pico_kinova/ur_rtde/src/dashboard_client.cpp:354:5:\x1b[m\x1b[K \x1b[01;36m\x1b[Knote: \x1b[m\x1b[Khere\n'}
[4.542535] (pico_kinova) StderrLine: {'line': b'  354 |     \x1b[01;36m\x1b[Kcase\x1b[m\x1b[K UserRole::NONE:\n'}
[4.542662] (pico_kinova) StderrLine: {'line': b'      |     \x1b[01;36m\x1b[K^~~~\x1b[m\x1b[K\n'}
[4.542785] (pico_kinova) StderrLine: {'line': b'\x1b[01m\x1b[K/home/rpp/Desktop/pico_kinova/pico_kinova/ur_rtde/src/dashboard_client.cpp:355:17:\x1b[m\x1b[K \x1b[01;35m\x1b[Kwarning: \x1b[m\x1b[Kthis statement may fall through [\x1b[01;35m\x1b[K\x1b]8;;https://gcc.gnu.org/onlinedocs/gcc/Warning-Options.html#index-Wimplicit-fallthrough=\x07-Wimplicit-fallthrough=\x1b]8;;\x07\x1b[m\x1b[K]\n'}
[4.542914] (pico_kinova) StderrLine: {'line': b'  355 |       message = \x1b[01;35m\x1b[K"none"\x1b[m\x1b[K;\n'}
[4.543037] (pico_kinova) StderrLine: {'line': b'      |                 \x1b[01;35m\x1b[K^~~~~~\x1b[m\x1b[K\n'}
[4.543161] (pico_kinova) StderrLine: {'line': b'\x1b[01m\x1b[K/home/rpp/Desktop/pico_kinova/pico_kinova/ur_rtde/src/dashboard_client.cpp:356:5:\x1b[m\x1b[K \x1b[01;36m\x1b[Knote: \x1b[m\x1b[Khere\n'}
[4.543297] (pico_kinova) StderrLine: {'line': b'  356 |     \x1b[01;36m\x1b[Kcase\x1b[m\x1b[K UserRole::RESTRICTED:\n'}
[4.543421] (pico_kinova) StderrLine: {'line': b'      |     \x1b[01;36m\x1b[K^~~~\x1b[m\x1b[K\n'}
[4.611508] (-) TimerEvent: {}
[4.711892] (-) TimerEvent: {}
[4.812286] (-) TimerEvent: {}
[4.912662] (-) TimerEvent: {}
[5.012937] (-) TimerEvent: {}
[5.113208] (-) TimerEvent: {}
[5.213487] (-) TimerEvent: {}
[5.313731] (-) TimerEvent: {}
[5.413987] (-) TimerEvent: {}
[5.514220] (-) TimerEvent: {}
[5.614482] (-) TimerEvent: {}
[5.714716] (-) TimerEvent: {}
[5.814950] (-) TimerEvent: {}
[5.915199] (-) TimerEvent: {}
[6.015452] (-) TimerEvent: {}
[6.115667] (-) TimerEvent: {}
[6.215907] (-) TimerEvent: {}
[6.316151] (-) TimerEvent: {}
[6.416406] (-) TimerEvent: {}
[6.418923] (pico_kinova) StdoutLine: {'line': b'[ 32%] \x1b[32m\x1b[1mLinking CXX shared library librtde.so\x1b[0m\n'}
[6.516489] (-) TimerEvent: {}
[6.616740] (-) TimerEvent: {}
[6.716933] (-) TimerEvent: {}
[6.757239] (pico_kinova) StdoutLine: {'line': b'[ 32%] Built target rtde\n'}
[6.769270] (pico_kinova) StdoutLine: {'line': b'\x1b[35m\x1b[1mConsolidate compiler generated dependencies of target servoj_example\x1b[0m\n'}
[6.769526] (pico_kinova) StdoutLine: {'line': b'\x1b[35m\x1b[1mConsolidate compiler generated dependencies of target contact_detection_example\x1b[0m\n'}
[6.769753] (pico_kinova) StdoutLine: {'line': b'\x1b[35m\x1b[1mConsolidate compiler generated dependencies of target io_example\x1b[0m\n'}
[6.770329] (pico_kinova) StdoutLine: {'line': b'\x1b[35m\x1b[1mConsolidate compiler generated dependencies of target move_path_async_example\x1b[0m\n'}
[6.770931] (pico_kinova) StdoutLine: {'line': b'\x1b[35m\x1b[1mConsolidate compiler generated dependencies of target jog_example\x1b[0m\n'}
[6.771394] (pico_kinova) StdoutLine: {'line': b'\x1b[35m\x1b[1mConsolidate compiler generated dependencies of target pico_kinova\x1b[0m\n'}
[6.771887] (pico_kinova) StdoutLine: {'line': b'\x1b[35m\x1b[1mConsolidate compiler generated dependencies of target record_data_example\x1b[0m\n'}
[6.771971] (pico_kinova) StdoutLine: {'line': b'\x1b[35m\x1b[1mConsolidate compiler generated dependencies of target move_async_example\x1b[0m\n'}
[6.772115] (pico_kinova) StdoutLine: {'line': b'\x1b[35m\x1b[1mConsolidate compiler generated dependencies of target forcemode_example\x1b[0m\n'}
[6.772563] (pico_kinova) StdoutLine: {'line': b'\x1b[35m\x1b[1mConsolidate compiler generated dependencies of target movej_path_with_blend_example\x1b[0m\n'}
[6.772664] (pico_kinova) StdoutLine: {'line': b'\x1b[35m\x1b[1mConsolidate compiler generated dependencies of target move_until_contact_example\x1b[0m\n'}
[6.774068] (pico_kinova) StdoutLine: {'line': b'\x1b[35m\x1b[1mConsolidate compiler generated dependencies of target realtime_control_example\x1b[0m\n'}
[6.774439] (pico_kinova) StdoutLine: {'line': b'\x1b[35m\x1b[1mConsolidate compiler generated dependencies of target speedj_example\x1b[0m\n'}
[6.774833] (pico_kinova) StdoutLine: {'line': b'\x1b[35m\x1b[1mConsolidate compiler generated dependencies of target robotiq_gripper_example\x1b[0m\n'}
[6.812845] (pico_kinova) StdoutLine: {'line': b'[ 34%] \x1b[32mBuilding CXX object ur_rtde/CMakeFiles/jog_example.dir/examples/cpp/jog_example.cpp.o\x1b[0m\n'}
[6.814182] (pico_kinova) StdoutLine: {'line': b'[ 37%] \x1b[32mBuilding CXX object ur_rtde/CMakeFiles/move_path_async_example.dir/examples/cpp/move_path_async_example.cpp.o\x1b[0m\n'}
[6.814564] (pico_kinova) StdoutLine: {'line': b'[ 39%] \x1b[32mBuilding CXX object ur_rtde/CMakeFiles/io_example.dir/examples/cpp/io_example.cpp.o\x1b[0m\n'}
[6.815105] (pico_kinova) StdoutLine: {'line': b'[ 41%] \x1b[32mBuilding CXX object ur_rtde/CMakeFiles/contact_detection_example.dir/examples/cpp/contact_detection_example.cpp.o\x1b[0m\n'}
[6.815737] (pico_kinova) StdoutLine: {'line': b'[ 44%] \x1b[32mBuilding CXX object ur_rtde/CMakeFiles/record_data_example.dir/examples/cpp/record_data_example.cpp.o\x1b[0m\n'}
[6.817007] (-) TimerEvent: {}
[6.817623] (pico_kinova) StdoutLine: {'line': b'[ 46%] \x1b[32mBuilding CXX object ur_rtde/CMakeFiles/servoj_example.dir/examples/cpp/servoj_example.cpp.o\x1b[0m\n'}
[6.820079] (pico_kinova) StdoutLine: {'line': b'[ 48%] \x1b[32mBuilding CXX object ur_rtde/CMakeFiles/forcemode_example.dir/examples/cpp/forcemode_example.cpp.o\x1b[0m\n'}
[6.824546] (pico_kinova) StdoutLine: {'line': b'[ 51%] \x1b[32mBuilding CXX object ur_rtde/CMakeFiles/move_until_contact_example.dir/examples/cpp/move_until_contact.cpp.o\x1b[0m\n'}
[6.827387] (pico_kinova) StdoutLine: {'line': b'[ 55%] \x1b[32mBuilding CXX object ur_rtde/CMakeFiles/movej_path_with_blend_example.dir/examples/cpp/movej_path_with_blend_example.cpp.o\x1b[0m\n'}
[6.827594] (pico_kinova) StdoutLine: {'line': b'[ 55%] \x1b[32mBuilding CXX object ur_rtde/CMakeFiles/robotiq_gripper_example.dir/examples/cpp/robotiq_gripper_example.cpp.o\x1b[0m\n'}
[6.832485] (pico_kinova) StdoutLine: {'line': b'[ 58%] \x1b[32mBuilding CXX object ur_rtde/CMakeFiles/speedj_example.dir/examples/cpp/speedj_example.cpp.o\x1b[0m\n'}
[6.839186] (pico_kinova) StdoutLine: {'line': b'[ 62%] \x1b[32mBuilding CXX object ur_rtde/CMakeFiles/move_async_example.dir/examples/cpp/move_async_example.cpp.o\x1b[0m\n'}
[6.839400] (pico_kinova) StdoutLine: {'line': b'[ 62%] \x1b[32mBuilding CXX object ur_rtde/CMakeFiles/realtime_control_example.dir/examples/cpp/realtime_control_example.cpp.o\x1b[0m\n'}
[6.851483] (pico_kinova) StdoutLine: {'line': b'[ 65%] \x1b[32mBuilding CXX object CMakeFiles/pico_kinova.dir/utilities.cpp.o\x1b[0m\n'}
[6.853594] (pico_kinova) StdoutLine: {'line': b'[ 67%] \x1b[32mBuilding CXX object CMakeFiles/pico_kinova.dir/src/pico_kinova.cpp.o\x1b[0m\n'}
[6.917220] (-) TimerEvent: {}
[7.017505] (-) TimerEvent: {}
[7.117822] (-) TimerEvent: {}
[7.218161] (-) TimerEvent: {}
[7.318507] (-) TimerEvent: {}
[7.418853] (-) TimerEvent: {}
[7.519213] (-) TimerEvent: {}
[7.619588] (-) TimerEvent: {}
[7.719941] (-) TimerEvent: {}
[7.729856] (pico_kinova) StderrLine: {'line': b'\x1b[01m\x1b[K/home/rpp/Desktop/pico_kinova/pico_kinova/ur_rtde/examples/cpp/robotiq_gripper_example.cpp:\x1b[m\x1b[K In function \xe2\x80\x98\x1b[01m\x1b[Kint main(int, char**)\x1b[m\x1b[K\xe2\x80\x99:\n'}
[7.730191] (pico_kinova) StderrLine: {'line': b'\x1b[01m\x1b[K/home/rpp/Desktop/pico_kinova/pico_kinova/ur_rtde/examples/cpp/robotiq_gripper_example.cpp:33:14:\x1b[m\x1b[K \x1b[01;35m\x1b[Kwarning: \x1b[m\x1b[Kunused parameter \xe2\x80\x98\x1b[01m\x1b[Kargc\x1b[m\x1b[K\xe2\x80\x99 [\x1b[01;35m\x1b[K\x1b]8;;https://gcc.gnu.org/onlinedocs/gcc/Warning-Options.html#index-Wunused-parameter\x07-Wunused-parameter\x1b]8;;\x07\x1b[m\x1b[K]\n'}
[7.730365] (pico_kinova) StderrLine: {'line': b'   33 | int main(\x1b[01;35m\x1b[Kint argc\x1b[m\x1b[K, char* argv[])\n'}
[7.730501] (pico_kinova) StderrLine: {'line': b'      |          \x1b[01;35m\x1b[K~~~~^~~~\x1b[m\x1b[K\n'}
[7.730626] (pico_kinova) StderrLine: {'line': b'\x1b[01m\x1b[K/home/rpp/Desktop/pico_kinova/pico_kinova/ur_rtde/examples/cpp/robotiq_gripper_example.cpp:33:26:\x1b[m\x1b[K \x1b[01;35m\x1b[Kwarning: \x1b[m\x1b[Kunused parameter \xe2\x80\x98\x1b[01m\x1b[Kargv\x1b[m\x1b[K\xe2\x80\x99 [\x1b[01;35m\x1b[K\x1b]8;;https://gcc.gnu.org/onlinedocs/gcc/Warning-Options.html#index-Wunused-parameter\x07-Wunused-parameter\x1b]8;;\x07\x1b[m\x1b[K]\n'}
[7.730770] (pico_kinova) StderrLine: {'line': b'   33 | int main(int argc, \x1b[01;35m\x1b[Kchar* argv[]\x1b[m\x1b[K)\n'}
[7.730892] (pico_kinova) StderrLine: {'line': b'      |                    \x1b[01;35m\x1b[K~~~~~~^~~~~~\x1b[m\x1b[K\n'}
[7.820047] (-) TimerEvent: {}
[7.835252] (pico_kinova) StderrLine: {'line': b'\x1b[01m\x1b[K/home/rpp/Desktop/pico_kinova/pico_kinova/ur_rtde/examples/cpp/servoj_example.cpp:\x1b[m\x1b[K In function \xe2\x80\x98\x1b[01m\x1b[Kint main(int, char**)\x1b[m\x1b[K\xe2\x80\x99:\n'}
[7.835587] (pico_kinova) StderrLine: {'line': b'\x1b[01m\x1b[K/home/rpp/Desktop/pico_kinova/pico_kinova/ur_rtde/examples/cpp/servoj_example.cpp:8:14:\x1b[m\x1b[K \x1b[01;35m\x1b[Kwarning: \x1b[m\x1b[Kunused parameter \xe2\x80\x98\x1b[01m\x1b[Kargc\x1b[m\x1b[K\xe2\x80\x99 [\x1b[01;35m\x1b[K\x1b]8;;https://gcc.gnu.org/onlinedocs/gcc/Warning-Options.html#index-Wunused-parameter\x07-Wunused-parameter\x1b]8;;\x07\x1b[m\x1b[K]\n'}
[7.835772] (pico_kinova) StderrLine: {'line': b'    8 | int main(\x1b[01;35m\x1b[Kint argc\x1b[m\x1b[K, char* argv[])\n'}
[7.835917] (pico_kinova) StderrLine: {'line': b'      |          \x1b[01;35m\x1b[K~~~~^~~~\x1b[m\x1b[K\n'}
[7.836056] (pico_kinova) StderrLine: {'line': b'\x1b[01m\x1b[K/home/rpp/Desktop/pico_kinova/pico_kinova/ur_rtde/examples/cpp/servoj_example.cpp:8:26:\x1b[m\x1b[K \x1b[01;35m\x1b[Kwarning: \x1b[m\x1b[Kunused parameter \xe2\x80\x98\x1b[01m\x1b[Kargv\x1b[m\x1b[K\xe2\x80\x99 [\x1b[01;35m\x1b[K\x1b]8;;https://gcc.gnu.org/onlinedocs/gcc/Warning-Options.html#index-Wunused-parameter\x07-Wunused-parameter\x1b]8;;\x07\x1b[m\x1b[K]\n'}
[7.836198] (pico_kinova) StderrLine: {'line': b'    8 | int main(int argc, \x1b[01;35m\x1b[Kchar* argv[]\x1b[m\x1b[K)\n'}
[7.836468] (pico_kinova) StderrLine: {'line': b'      |                    \x1b[01;35m\x1b[K~~~~~~^~~~~~\x1b[m\x1b[K\n'}
[7.920123] (-) TimerEvent: {}
[7.927312] (pico_kinova) StderrLine: {'line': b'\x1b[01m\x1b[K/home/rpp/Desktop/pico_kinova/pico_kinova/ur_rtde/examples/cpp/move_path_async_example.cpp:\x1b[m\x1b[K In function \xe2\x80\x98\x1b[01m\x1b[Kint main(int, char**)\x1b[m\x1b[K\xe2\x80\x99:\n'}
[7.927744] (pico_kinova) StderrLine: {'line': b'\x1b[01m\x1b[K/home/rpp/Desktop/pico_kinova/pico_kinova/ur_rtde/examples/cpp/move_path_async_example.cpp:10:14:\x1b[m\x1b[K \x1b[01;35m\x1b[Kwarning: \x1b[m\x1b[Kunused parameter \xe2\x80\x98\x1b[01m\x1b[Kargc\x1b[m\x1b[K\xe2\x80\x99 [\x1b[01;35m\x1b[K\x1b]8;;https://gcc.gnu.org/onlinedocs/gcc/Warning-Options.html#index-Wunused-parameter\x07-Wunused-parameter\x1b]8;;\x07\x1b[m\x1b[K]\n'}
[7.927886] (pico_kinova) StderrLine: {'line': b'   10 | int main(\x1b[01;35m\x1b[Kint argc\x1b[m\x1b[K, char* argv[])\n'}
[7.928012] (pico_kinova) StderrLine: {'line': b'      |          \x1b[01;35m\x1b[K~~~~^~~~\x1b[m\x1b[K\n'}
[7.928124] (pico_kinova) StderrLine: {'line': b'\x1b[01m\x1b[K/home/rpp/Desktop/pico_kinova/pico_kinova/ur_rtde/examples/cpp/move_path_async_example.cpp:10:26:\x1b[m\x1b[K \x1b[01;35m\x1b[Kwarning: \x1b[m\x1b[Kunused parameter \xe2\x80\x98\x1b[01m\x1b[Kargv\x1b[m\x1b[K\xe2\x80\x99 [\x1b[01;35m\x1b[K\x1b]8;;https://gcc.gnu.org/onlinedocs/gcc/Warning-Options.html#index-Wunused-parameter\x07-Wunused-parameter\x1b]8;;\x07\x1b[m\x1b[K]\n'}
[7.928251] (pico_kinova) StderrLine: {'line': b'   10 | int main(int argc, \x1b[01;35m\x1b[Kchar* argv[]\x1b[m\x1b[K)\n'}
[7.928362] (pico_kinova) StderrLine: {'line': b'      |                    \x1b[01;35m\x1b[K~~~~~~^~~~~~\x1b[m\x1b[K\n'}
[8.020231] (-) TimerEvent: {}
[8.061533] (pico_kinova) StderrLine: {'line': b'In file included from \x1b[01m\x1b[K/home/rpp/Desktop/pico_kinova/pico_kinova/ur_rtde/include/ur_rtde/rtde_receive_interface.h:6\x1b[m\x1b[K,\n'}
[8.061816] (pico_kinova) StderrLine: {'line': b'                 from \x1b[01m\x1b[K/home/rpp/Desktop/pico_kinova/pico_kinova/ur_rtde/examples/cpp/io_example.cpp:2\x1b[m\x1b[K:\n'}
[8.061939] (pico_kinova) StderrLine: {'line': b'\x1b[01m\x1b[K/home/rpp/Desktop/pico_kinova/pico_kinova/ur_rtde/include/ur_rtde/robot_state.h:93:4:\x1b[m\x1b[K \x1b[01;35m\x1b[Kwarning: \x1b[m\x1b[Kextra \xe2\x80\x98\x1b[01m\x1b[K;\x1b[m\x1b[K\xe2\x80\x99 [\x1b[01;35m\x1b[K\x1b]8;;https://gcc.gnu.org/onlinedocs/gcc/Warning-Options.html#index-Wpedantic\x07-Wpedantic\x1b]8;;\x07\x1b[m\x1b[K]\n'}
[8.062083] (pico_kinova) StderrLine: {'line': b'   93 |   }\x1b[01;35m\x1b[K;\x1b[m\x1b[K\n'}
[8.062187] (pico_kinova) StderrLine: {'line': b'      |    \x1b[01;35m\x1b[K^\x1b[m\x1b[K\n'}
[8.062288] (pico_kinova) StderrLine: {'line': b'      |    \x1b[31m\x1b[K-\x1b[m\x1b[K\n'}
[8.062389] (pico_kinova) StderrLine: {'line': b'\x1b[01m\x1b[K/home/rpp/Desktop/pico_kinova/pico_kinova/ur_rtde/include/ur_rtde/robot_state.h:107:4:\x1b[m\x1b[K \x1b[01;35m\x1b[Kwarning: \x1b[m\x1b[Kextra \xe2\x80\x98\x1b[01m\x1b[K;\x1b[m\x1b[K\xe2\x80\x99 [\x1b[01;35m\x1b[K\x1b]8;;https://gcc.gnu.org/onlinedocs/gcc/Warning-Options.html#index-Wpedantic\x07-Wpedantic\x1b]8;;\x07\x1b[m\x1b[K]\n'}
[8.062505] (pico_kinova) StderrLine: {'line': b'  107 |   }\x1b[01;35m\x1b[K;\x1b[m\x1b[K\n'}
[8.062604] (pico_kinova) StderrLine: {'line': b'      |    \x1b[01;35m\x1b[K^\x1b[m\x1b[K\n'}
[8.062705] (pico_kinova) StderrLine: {'line': b'      |    \x1b[31m\x1b[K-\x1b[m\x1b[K\n'}
[8.104224] (pico_kinova) StdoutLine: {'line': b'[ 69%] \x1b[32m\x1b[1mLinking CXX executable ../../../ur_rtde/bin/robotiq_gripper_example\x1b[0m\n'}
[8.120353] (-) TimerEvent: {}
[8.121064] (pico_kinova) StderrLine: {'line': b'\x1b[01m\x1b[K/home/rpp/Desktop/pico_kinova/pico_kinova/ur_rtde/include/ur_rtde/robot_state.h:\x1b[m\x1b[K In member function \xe2\x80\x98\x1b[01m\x1b[Kuint16_t ur_rtde::RobotState::SizeVisitor::operator()(uint32_t) const\x1b[m\x1b[K\xe2\x80\x99:\n'}
[8.121396] (pico_kinova) StderrLine: {'line': b'\x1b[01m\x1b[K/home/rpp/Desktop/pico_kinova/pico_kinova/ur_rtde/include/ur_rtde/robot_state.h:154:34:\x1b[m\x1b[K \x1b[01;35m\x1b[Kwarning: \x1b[m\x1b[Kunused parameter \xe2\x80\x98\x1b[01m\x1b[Kint_val\x1b[m\x1b[K\xe2\x80\x99 [\x1b[01;35m\x1b[K\x1b]8;;https://gcc.gnu.org/onlinedocs/gcc/Warning-Options.html#index-Wunused-parameter\x07-Wunused-parameter\x1b]8;;\x07\x1b[m\x1b[K]\n'}
[8.121598] (pico_kinova) StderrLine: {'line': b'  154 |     uint16_t operator()(\x1b[01;35m\x1b[Kuint32_t int_val\x1b[m\x1b[K) const\n'}
[8.121733] (pico_kinova) StderrLine: {'line': b'      |                         \x1b[01;35m\x1b[K~~~~~~~~~^~~~~~~\x1b[m\x1b[K\n'}
[8.121848] (pico_kinova) StderrLine: {'line': b'\x1b[01m\x1b[K/home/rpp/Desktop/pico_kinova/pico_kinova/ur_rtde/include/ur_rtde/robot_state.h:\x1b[m\x1b[K In member function \xe2\x80\x98\x1b[01m\x1b[Kuint16_t ur_rtde::RobotState::SizeVisitor::operator()(uint64_t) const\x1b[m\x1b[K\xe2\x80\x99:\n'}
[8.121959] (pico_kinova) StderrLine: {'line': b'\x1b[01m\x1b[K/home/rpp/Desktop/pico_kinova/pico_kinova/ur_rtde/include/ur_rtde/robot_state.h:159:34:\x1b[m\x1b[K \x1b[01;35m\x1b[Kwarning: \x1b[m\x1b[Kunused parameter \xe2\x80\x98\x1b[01m\x1b[Kint_val\x1b[m\x1b[K\xe2\x80\x99 [\x1b[01;35m\x1b[K\x1b]8;;https://gcc.gnu.org/onlinedocs/gcc/Warning-Options.html#index-Wunused-parameter\x07-Wunused-parameter\x1b]8;;\x07\x1b[m\x1b[K]\n'}
[8.122076] (pico_kinova) StderrLine: {'line': b'  159 |     uint16_t operator()(\x1b[01;35m\x1b[Kuint64_t int_val\x1b[m\x1b[K) const\n'}
[8.122188] (pico_kinova) StderrLine: {'line': b'      |                         \x1b[01;35m\x1b[K~~~~~~~~~^~~~~~~\x1b[m\x1b[K\n'}
[8.122299] (pico_kinova) StderrLine: {'line': b'\x1b[01m\x1b[K/home/rpp/Desktop/pico_kinova/pico_kinova/ur_rtde/include/ur_rtde/robot_state.h:\x1b[m\x1b[K In member function \xe2\x80\x98\x1b[01m\x1b[Kuint16_t ur_rtde::RobotState::SizeVisitor::operator()(int32_t) const\x1b[m\x1b[K\xe2\x80\x99:\n'}
[8.122425] (pico_kinova) StderrLine: {'line': b'\x1b[01m\x1b[K/home/rpp/Desktop/pico_kinova/pico_kinova/ur_rtde/include/ur_rtde/robot_state.h:164:33:\x1b[m\x1b[K \x1b[01;35m\x1b[Kwarning: \x1b[m\x1b[Kunused parameter \xe2\x80\x98\x1b[01m\x1b[Kint_val\x1b[m\x1b[K\xe2\x80\x99 [\x1b[01;35m\x1b[K\x1b]8;;https://gcc.gnu.org/onlinedocs/gcc/Warning-Options.html#index-Wunused-parameter\x07-Wunused-parameter\x1b]8;;\x07\x1b[m\x1b[K]\n'}
[8.122549] (pico_kinova) StderrLine: {'line': b'  164 |     uint16_t operator()(\x1b[01;35m\x1b[Kint32_t int_val\x1b[m\x1b[K) const\n'}
[8.122662] (pico_kinova) StderrLine: {'line': b'      |                         \x1b[01;35m\x1b[K~~~~~~~~^~~~~~~\x1b[m\x1b[K\n'}
[8.122768] (pico_kinova) StderrLine: {'line': b'\x1b[01m\x1b[K/home/rpp/Desktop/pico_kinova/pico_kinova/ur_rtde/include/ur_rtde/robot_state.h:\x1b[m\x1b[K In member function \xe2\x80\x98\x1b[01m\x1b[Kuint16_t ur_rtde::RobotState::SizeVisitor::operator()(double) const\x1b[m\x1b[K\xe2\x80\x99:\n'}
[8.122883] (pico_kinova) StderrLine: {'line': b'\x1b[01m\x1b[K/home/rpp/Desktop/pico_kinova/pico_kinova/ur_rtde/include/ur_rtde/robot_state.h:169:32:\x1b[m\x1b[K \x1b[01;35m\x1b[Kwarning: \x1b[m\x1b[Kunused parameter \xe2\x80\x98\x1b[01m\x1b[Kdouble_val\x1b[m\x1b[K\xe2\x80\x99 [\x1b[01;35m\x1b[K\x1b]8;;https://gcc.gnu.org/onlinedocs/gcc/Warning-Options.html#index-Wunused-parameter\x07-Wunused-parameter\x1b]8;;\x07\x1b[m\x1b[K]\n'}
[8.122998] (pico_kinova) StderrLine: {'line': b'  169 |     uint16_t operator()(\x1b[01;35m\x1b[Kdouble double_val\x1b[m\x1b[K) const\n'}
[8.123119] (pico_kinova) StderrLine: {'line': b'      |                         \x1b[01;35m\x1b[K~~~~~~~^~~~~~~~~~\x1b[m\x1b[K\n'}
[8.129877] (pico_kinova) StderrLine: {'line': b'\x1b[01m\x1b[K/home/rpp/Desktop/pico_kinova/pico_kinova/ur_rtde/examples/cpp/io_example.cpp:\x1b[m\x1b[K In function \xe2\x80\x98\x1b[01m\x1b[Kint main(int, char**)\x1b[m\x1b[K\xe2\x80\x99:\n'}
[8.130147] (pico_kinova) StderrLine: {'line': b'\x1b[01m\x1b[K/home/rpp/Desktop/pico_kinova/pico_kinova/ur_rtde/examples/cpp/io_example.cpp:8:14:\x1b[m\x1b[K \x1b[01;35m\x1b[Kwarning: \x1b[m\x1b[Kunused parameter \xe2\x80\x98\x1b[01m\x1b[Kargc\x1b[m\x1b[K\xe2\x80\x99 [\x1b[01;35m\x1b[K\x1b]8;;https://gcc.gnu.org/onlinedocs/gcc/Warning-Options.html#index-Wunused-parameter\x07-Wunused-parameter\x1b]8;;\x07\x1b[m\x1b[K]\n'}
[8.130274] (pico_kinova) StderrLine: {'line': b'    8 | int main(\x1b[01;35m\x1b[Kint argc\x1b[m\x1b[K, char* argv[])\n'}
[8.130379] (pico_kinova) StderrLine: {'line': b'      |          \x1b[01;35m\x1b[K~~~~^~~~\x1b[m\x1b[K\n'}
[8.130486] (pico_kinova) StderrLine: {'line': b'\x1b[01m\x1b[K/home/rpp/Desktop/pico_kinova/pico_kinova/ur_rtde/examples/cpp/io_example.cpp:8:26:\x1b[m\x1b[K \x1b[01;35m\x1b[Kwarning: \x1b[m\x1b[Kunused parameter \xe2\x80\x98\x1b[01m\x1b[Kargv\x1b[m\x1b[K\xe2\x80\x99 [\x1b[01;35m\x1b[K\x1b]8;;https://gcc.gnu.org/onlinedocs/gcc/Warning-Options.html#index-Wunused-parameter\x07-Wunused-parameter\x1b]8;;\x07\x1b[m\x1b[K]\n'}
[8.130613] (pico_kinova) StderrLine: {'line': b'    8 | int main(int argc, \x1b[01;35m\x1b[Kchar* argv[]\x1b[m\x1b[K)\n'}
[8.130726] (pico_kinova) StderrLine: {'line': b'      |                    \x1b[01;35m\x1b[K~~~~~~^~~~~~\x1b[m\x1b[K\n'}
[8.220460] (-) TimerEvent: {}
[8.240628] (pico_kinova) StdoutLine: {'line': b'[ 69%] Built target robotiq_gripper_example\n'}
[8.257985] (pico_kinova) StdoutLine: {'line': b'[ 72%] \x1b[32m\x1b[1mLinking CXX executable ../../../ur_rtde/bin/servoj_example\x1b[0m\n'}
[8.290622] (pico_kinova) StderrLine: {'line': b'In file included from \x1b[01m\x1b[K/home/rpp/Desktop/pico_kinova/pico_kinova/ur_rtde/include/ur_rtde/rtde_receive_interface.h:6\x1b[m\x1b[K,\n'}
[8.290914] (pico_kinova) StderrLine: {'line': b'                 from \x1b[01m\x1b[K/home/rpp/Desktop/pico_kinova/pico_kinova/ur_rtde/examples/cpp/move_async_example.cpp:2\x1b[m\x1b[K:\n'}
[8.291073] (pico_kinova) StderrLine: {'line': b'\x1b[01m\x1b[K/home/rpp/Desktop/pico_kinova/pico_kinova/ur_rtde/include/ur_rtde/robot_state.h:93:4:\x1b[m\x1b[K \x1b[01;35m\x1b[Kwarning: \x1b[m\x1b[Kextra \xe2\x80\x98\x1b[01m\x1b[K;\x1b[m\x1b[K\xe2\x80\x99 [\x1b[01;35m\x1b[K\x1b]8;;https://gcc.gnu.org/onlinedocs/gcc/Warning-Options.html#index-Wpedantic\x07-Wpedantic\x1b]8;;\x07\x1b[m\x1b[K]\n'}
[8.291191] (pico_kinova) StderrLine: {'line': b'   93 |   }\x1b[01;35m\x1b[K;\x1b[m\x1b[K\n'}
[8.291307] (pico_kinova) StderrLine: {'line': b'      |    \x1b[01;35m\x1b[K^\x1b[m\x1b[K\n'}
[8.291409] (pico_kinova) StderrLine: {'line': b'      |    \x1b[31m\x1b[K-\x1b[m\x1b[K\n'}
[8.291526] (pico_kinova) StderrLine: {'line': b'\x1b[01m\x1b[K/home/rpp/Desktop/pico_kinova/pico_kinova/ur_rtde/include/ur_rtde/robot_state.h:107:4:\x1b[m\x1b[K \x1b[01;35m\x1b[Kwarning: \x1b[m\x1b[Kextra \xe2\x80\x98\x1b[01m\x1b[K;\x1b[m\x1b[K\xe2\x80\x99 [\x1b[01;35m\x1b[K\x1b]8;;https://gcc.gnu.org/onlinedocs/gcc/Warning-Options.html#index-Wpedantic\x07-Wpedantic\x1b]8;;\x07\x1b[m\x1b[K]\n'}
[8.291652] (pico_kinova) StderrLine: {'line': b'  107 |   }\x1b[01;35m\x1b[K;\x1b[m\x1b[K\n'}
[8.291831] (pico_kinova) StderrLine: {'line': b'      |    \x1b[01;35m\x1b[K^\x1b[m\x1b[K\n'}
[8.291938] (pico_kinova) StderrLine: {'line': b'      |    \x1b[31m\x1b[K-\x1b[m\x1b[K\n'}
[8.316501] (pico_kinova) StderrLine: {'line': b'\x1b[01m\x1b[K/home/rpp/Desktop/pico_kinova/pico_kinova/ur_rtde/examples/cpp/speedj_example.cpp:\x1b[m\x1b[K In function \xe2\x80\x98\x1b[01m\x1b[Kint main(int, char**)\x1b[m\x1b[K\xe2\x80\x99:\n'}
[8.316810] (pico_kinova) StderrLine: {'line': b'\x1b[01m\x1b[K/home/rpp/Desktop/pico_kinova/pico_kinova/ur_rtde/examples/cpp/speedj_example.cpp:8:14:\x1b[m\x1b[K \x1b[01;35m\x1b[Kwarning: \x1b[m\x1b[Kunused parameter \xe2\x80\x98\x1b[01m\x1b[Kargc\x1b[m\x1b[K\xe2\x80\x99 [\x1b[01;35m\x1b[K\x1b]8;;https://gcc.gnu.org/onlinedocs/gcc/Warning-Options.html#index-Wunused-parameter\x07-Wunused-parameter\x1b]8;;\x07\x1b[m\x1b[K]\n'}
[8.316964] (pico_kinova) StderrLine: {'line': b'    8 | int main(\x1b[01;35m\x1b[Kint argc\x1b[m\x1b[K, char* argv[])\n'}
[8.317080] (pico_kinova) StderrLine: {'line': b'      |          \x1b[01;35m\x1b[K~~~~^~~~\x1b[m\x1b[K\n'}
[8.317186] (pico_kinova) StderrLine: {'line': b'\x1b[01m\x1b[K/home/rpp/Desktop/pico_kinova/pico_kinova/ur_rtde/examples/cpp/speedj_example.cpp:8:26:\x1b[m\x1b[K \x1b[01;35m\x1b[Kwarning: \x1b[m\x1b[Kunused parameter \xe2\x80\x98\x1b[01m\x1b[Kargv\x1b[m\x1b[K\xe2\x80\x99 [\x1b[01;35m\x1b[K\x1b]8;;https://gcc.gnu.org/onlinedocs/gcc/Warning-Options.html#index-Wunused-parameter\x07-Wunused-parameter\x1b]8;;\x07\x1b[m\x1b[K]\n'}
[8.317303] (pico_kinova) StderrLine: {'line': b'    8 | int main(int argc, \x1b[01;35m\x1b[Kchar* argv[]\x1b[m\x1b[K)\n'}
[8.317411] (pico_kinova) StderrLine: {'line': b'      |                    \x1b[01;35m\x1b[K~~~~~~^~~~~~\x1b[m\x1b[K\n'}
[8.320530] (-) TimerEvent: {}
[8.379189] (pico_kinova) StderrLine: {'line': b'\x1b[01m\x1b[K/home/rpp/Desktop/pico_kinova/pico_kinova/ur_rtde/include/ur_rtde/robot_state.h:\x1b[m\x1b[K In member function \xe2\x80\x98\x1b[01m\x1b[Kuint16_t ur_rtde::RobotState::SizeVisitor::operator()(uint32_t) const\x1b[m\x1b[K\xe2\x80\x99:\n'}
[8.379553] (pico_kinova) StderrLine: {'line': b'\x1b[01m\x1b[K/home/rpp/Desktop/pico_kinova/pico_kinova/ur_rtde/include/ur_rtde/robot_state.h:154:34:\x1b[m\x1b[K \x1b[01;35m\x1b[Kwarning: \x1b[m\x1b[Kunused parameter \xe2\x80\x98\x1b[01m\x1b[Kint_val\x1b[m\x1b[K\xe2\x80\x99 [\x1b[01;35m\x1b[K\x1b]8;;https://gcc.gnu.org/onlinedocs/gcc/Warning-Options.html#index-Wunused-parameter\x07-Wunused-parameter\x1b]8;;\x07\x1b[m\x1b[K]\n'}
[8.379726] (pico_kinova) StderrLine: {'line': b'  154 |     uint16_t operator()(\x1b[01;35m\x1b[Kuint32_t int_val\x1b[m\x1b[K) const\n'}
[8.379859] (pico_kinova) StderrLine: {'line': b'      |                         \x1b[01;35m\x1b[K~~~~~~~~~^~~~~~~\x1b[m\x1b[K\n'}
[8.379980] (pico_kinova) StderrLine: {'line': b'\x1b[01m\x1b[K/home/rpp/Desktop/pico_kinova/pico_kinova/ur_rtde/include/ur_rtde/robot_state.h:\x1b[m\x1b[K In member function \xe2\x80\x98\x1b[01m\x1b[Kuint16_t ur_rtde::RobotState::SizeVisitor::operator()(uint64_t) const\x1b[m\x1b[K\xe2\x80\x99:\n'}
[8.380126] (pico_kinova) StderrLine: {'line': b'\x1b[01m\x1b[K/home/rpp/Desktop/pico_kinova/pico_kinova/ur_rtde/include/ur_rtde/robot_state.h:159:34:\x1b[m\x1b[K \x1b[01;35m\x1b[Kwarning: \x1b[m\x1b[Kunused parameter \xe2\x80\x98\x1b[01m\x1b[Kint_val\x1b[m\x1b[K\xe2\x80\x99 [\x1b[01;35m\x1b[K\x1b]8;;https://gcc.gnu.org/onlinedocs/gcc/Warning-Options.html#index-Wunused-parameter\x07-Wunused-parameter\x1b]8;;\x07\x1b[m\x1b[K]\n'}
[8.380257] (pico_kinova) StderrLine: {'line': b'  159 |     uint16_t operator()(\x1b[01;35m\x1b[Kuint64_t int_val\x1b[m\x1b[K) const\n'}
[8.380374] (pico_kinova) StderrLine: {'line': b'      |                         \x1b[01;35m\x1b[K~~~~~~~~~^~~~~~~\x1b[m\x1b[K\n'}
[8.380503] (pico_kinova) StderrLine: {'line': b'\x1b[01m\x1b[K/home/rpp/Desktop/pico_kinova/pico_kinova/ur_rtde/include/ur_rtde/robot_state.h:\x1b[m\x1b[K In member function \xe2\x80\x98\x1b[01m\x1b[Kuint16_t ur_rtde::RobotState::SizeVisitor::operator()(int32_t) const\x1b[m\x1b[K\xe2\x80\x99:\n'}
[8.380621] (pico_kinova) StderrLine: {'line': b'\x1b[01m\x1b[K/home/rpp/Desktop/pico_kinova/pico_kinova/ur_rtde/include/ur_rtde/robot_state.h:164:33:\x1b[m\x1b[K \x1b[01;35m\x1b[Kwarning: \x1b[m\x1b[Kunused parameter \xe2\x80\x98\x1b[01m\x1b[Kint_val\x1b[m\x1b[K\xe2\x80\x99 [\x1b[01;35m\x1b[K\x1b]8;;https://gcc.gnu.org/onlinedocs/gcc/Warning-Options.html#index-Wunused-parameter\x07-Wunused-parameter\x1b]8;;\x07\x1b[m\x1b[K]\n'}
[8.380738] (pico_kinova) StderrLine: {'line': b'  164 |     uint16_t operator()(\x1b[01;35m\x1b[Kint32_t int_val\x1b[m\x1b[K) const\n'}
[8.380849] (pico_kinova) StderrLine: {'line': b'      |                         \x1b[01;35m\x1b[K~~~~~~~~^~~~~~~\x1b[m\x1b[K\n'}
[8.380983] (pico_kinova) StderrLine: {'line': b'\x1b[01m\x1b[K/home/rpp/Desktop/pico_kinova/pico_kinova/ur_rtde/include/ur_rtde/robot_state.h:\x1b[m\x1b[K In member function \xe2\x80\x98\x1b[01m\x1b[Kuint16_t ur_rtde::RobotState::SizeVisitor::operator()(double) const\x1b[m\x1b[K\xe2\x80\x99:\n'}
[8.381099] (pico_kinova) StderrLine: {'line': b'\x1b[01m\x1b[K/home/rpp/Desktop/pico_kinova/pico_kinova/ur_rtde/include/ur_rtde/robot_state.h:169:32:\x1b[m\x1b[K \x1b[01;35m\x1b[Kwarning: \x1b[m\x1b[Kunused parameter \xe2\x80\x98\x1b[01m\x1b[Kdouble_val\x1b[m\x1b[K\xe2\x80\x99 [\x1b[01;35m\x1b[K\x1b]8;;https://gcc.gnu.org/onlinedocs/gcc/Warning-Options.html#index-Wunused-parameter\x07-Wunused-parameter\x1b]8;;\x07\x1b[m\x1b[K]\n'}
[8.381211] (pico_kinova) StderrLine: {'line': b'  169 |     uint16_t operator()(\x1b[01;35m\x1b[Kdouble double_val\x1b[m\x1b[K) const\n'}
[8.381319] (pico_kinova) StderrLine: {'line': b'      |                         \x1b[01;35m\x1b[K~~~~~~~^~~~~~~~~~\x1b[m\x1b[K\n'}
[8.387677] (pico_kinova) StderrLine: {'line': b'\x1b[01m\x1b[K/home/rpp/Desktop/pico_kinova/pico_kinova/ur_rtde/examples/cpp/move_async_example.cpp:\x1b[m\x1b[K In function \xe2\x80\x98\x1b[01m\x1b[Kint main(int, char**)\x1b[m\x1b[K\xe2\x80\x99:\n'}
[8.387962] (pico_kinova) StderrLine: {'line': b'\x1b[01m\x1b[K/home/rpp/Desktop/pico_kinova/pico_kinova/ur_rtde/examples/cpp/move_async_example.cpp:10:14:\x1b[m\x1b[K \x1b[01;35m\x1b[Kwarning: \x1b[m\x1b[Kunused parameter \xe2\x80\x98\x1b[01m\x1b[Kargc\x1b[m\x1b[K\xe2\x80\x99 [\x1b[01;35m\x1b[K\x1b]8;;https://gcc.gnu.org/onlinedocs/gcc/Warning-Options.html#index-Wunused-parameter\x07-Wunused-parameter\x1b]8;;\x07\x1b[m\x1b[K]\n'}
[8.388153] (pico_kinova) StderrLine: {'line': b'   10 | int main(\x1b[01;35m\x1b[Kint argc\x1b[m\x1b[K, char* argv[])\n'}
[8.388287] (pico_kinova) StderrLine: {'line': b'      |          \x1b[01;35m\x1b[K~~~~^~~~\x1b[m\x1b[K\n'}
[8.388404] (pico_kinova) StderrLine: {'line': b'\x1b[01m\x1b[K/home/rpp/Desktop/pico_kinova/pico_kinova/ur_rtde/examples/cpp/move_async_example.cpp:10:26:\x1b[m\x1b[K \x1b[01;35m\x1b[Kwarning: \x1b[m\x1b[Kunused parameter \xe2\x80\x98\x1b[01m\x1b[Kargv\x1b[m\x1b[K\xe2\x80\x99 [\x1b[01;35m\x1b[K\x1b]8;;https://gcc.gnu.org/onlinedocs/gcc/Warning-Options.html#index-Wunused-parameter\x07-Wunused-parameter\x1b]8;;\x07\x1b[m\x1b[K]\n'}
[8.388548] (pico_kinova) StderrLine: {'line': b'   10 | int main(int argc, \x1b[01;35m\x1b[Kchar* argv[]\x1b[m\x1b[K)\n'}
[8.388657] (pico_kinova) StderrLine: {'line': b'      |                    \x1b[01;35m\x1b[K~~~~~~^~~~~~\x1b[m\x1b[K\n'}
[8.401226] (pico_kinova) StdoutLine: {'line': b'[ 74%] \x1b[32m\x1b[1mLinking CXX executable ../../../ur_rtde/bin/move_path_async_example\x1b[0m\n'}
[8.413510] (pico_kinova) StdoutLine: {'line': b'[ 74%] Built target servoj_example\n'}
[8.420646] (-) TimerEvent: {}
[8.478958] (pico_kinova) StderrLine: {'line': b'In file included from \x1b[01m\x1b[K/home/rpp/Desktop/pico_kinova/pico_kinova/ur_rtde/include/ur_rtde/rtde_receive_interface.h:6\x1b[m\x1b[K,\n'}
[8.479247] (pico_kinova) StderrLine: {'line': b'                 from \x1b[01m\x1b[K/home/rpp/Desktop/pico_kinova/pico_kinova/ur_rtde/examples/cpp/record_data_example.cpp:1\x1b[m\x1b[K:\n'}
[8.479388] (pico_kinova) StderrLine: {'line': b'\x1b[01m\x1b[K/home/rpp/Desktop/pico_kinova/pico_kinova/ur_rtde/include/ur_rtde/robot_state.h:93:4:\x1b[m\x1b[K \x1b[01;35m\x1b[Kwarning: \x1b[m\x1b[Kextra \xe2\x80\x98\x1b[01m\x1b[K;\x1b[m\x1b[K\xe2\x80\x99 [\x1b[01;35m\x1b[K\x1b]8;;https://gcc.gnu.org/onlinedocs/gcc/Warning-Options.html#index-Wpedantic\x07-Wpedantic\x1b]8;;\x07\x1b[m\x1b[K]\n'}
[8.479542] (pico_kinova) StderrLine: {'line': b'   93 |   }\x1b[01;35m\x1b[K;\x1b[m\x1b[K\n'}
[8.479660] (pico_kinova) StderrLine: {'line': b'      |    \x1b[01;35m\x1b[K^\x1b[m\x1b[K\n'}
[8.479771] (pico_kinova) StderrLine: {'line': b'      |    \x1b[31m\x1b[K-\x1b[m\x1b[K\n'}
[8.479883] (pico_kinova) StderrLine: {'line': b'\x1b[01m\x1b[K/home/rpp/Desktop/pico_kinova/pico_kinova/ur_rtde/include/ur_rtde/robot_state.h:107:4:\x1b[m\x1b[K \x1b[01;35m\x1b[Kwarning: \x1b[m\x1b[Kextra \xe2\x80\x98\x1b[01m\x1b[K;\x1b[m\x1b[K\xe2\x80\x99 [\x1b[01;35m\x1b[K\x1b]8;;https://gcc.gnu.org/onlinedocs/gcc/Warning-Options.html#index-Wpedantic\x07-Wpedantic\x1b]8;;\x07\x1b[m\x1b[K]\n'}
[8.480011] (pico_kinova) StderrLine: {'line': b'  107 |   }\x1b[01;35m\x1b[K;\x1b[m\x1b[K\n'}
[8.480133] (pico_kinova) StderrLine: {'line': b'      |    \x1b[01;35m\x1b[K^\x1b[m\x1b[K\n'}
[8.480255] (pico_kinova) StderrLine: {'line': b'      |    \x1b[31m\x1b[K-\x1b[m\x1b[K\n'}
[8.520761] (-) TimerEvent: {}
[8.536316] (pico_kinova) StderrLine: {'line': b'\x1b[01m\x1b[K/home/rpp/Desktop/pico_kinova/pico_kinova/ur_rtde/include/ur_rtde/robot_state.h:\x1b[m\x1b[K In member function \xe2\x80\x98\x1b[01m\x1b[Kuint16_t ur_rtde::RobotState::SizeVisitor::operator()(uint32_t) const\x1b[m\x1b[K\xe2\x80\x99:\n'}
[8.536756] (pico_kinova) StderrLine: {'line': b'\x1b[01m\x1b[K/home/rpp/Desktop/pico_kinova/pico_kinova/ur_rtde/include/ur_rtde/robot_state.h:154:34:\x1b[m\x1b[K \x1b[01;35m\x1b[Kwarning: \x1b[m\x1b[Kunused parameter \xe2\x80\x98\x1b[01m\x1b[Kint_val\x1b[m\x1b[K\xe2\x80\x99 [\x1b[01;35m\x1b[K\x1b]8;;https://gcc.gnu.org/onlinedocs/gcc/Warning-Options.html#index-Wunused-parameter\x07-Wunused-parameter\x1b]8;;\x07\x1b[m\x1b[K]\n'}
[8.536908] (pico_kinova) StderrLine: {'line': b'  154 |     uint16_t operator()(\x1b[01;35m\x1b[Kuint32_t int_val\x1b[m\x1b[K) const\n'}
[8.537027] (pico_kinova) StderrLine: {'line': b'      |                         \x1b[01;35m\x1b[K~~~~~~~~~^~~~~~~\x1b[m\x1b[K\n'}
[8.537140] (pico_kinova) StderrLine: {'line': b'\x1b[01m\x1b[K/home/rpp/Desktop/pico_kinova/pico_kinova/ur_rtde/include/ur_rtde/robot_state.h:\x1b[m\x1b[K In member function \xe2\x80\x98\x1b[01m\x1b[Kuint16_t ur_rtde::RobotState::SizeVisitor::operator()(uint64_t) const\x1b[m\x1b[K\xe2\x80\x99:\n'}
[8.537256] (pico_kinova) StderrLine: {'line': b'\x1b[01m\x1b[K/home/rpp/Desktop/pico_kinova/pico_kinova/ur_rtde/include/ur_rtde/robot_state.h:159:34:\x1b[m\x1b[K \x1b[01;35m\x1b[Kwarning: \x1b[m\x1b[Kunused parameter \xe2\x80\x98\x1b[01m\x1b[Kint_val\x1b[m\x1b[K\xe2\x80\x99 [\x1b[01;35m\x1b[K\x1b]8;;https://gcc.gnu.org/onlinedocs/gcc/Warning-Options.html#index-Wunused-parameter\x07-Wunused-parameter\x1b]8;;\x07\x1b[m\x1b[K]\n'}
[8.537394] (pico_kinova) StderrLine: {'line': b'  159 |     uint16_t operator()(\x1b[01;35m\x1b[Kuint64_t int_val\x1b[m\x1b[K) const\n'}
[8.537758] (pico_kinova) StderrLine: {'line': b'      |                         \x1b[01;35m\x1b[K~~~~~~~~~^~~~~~~\x1b[m\x1b[K\n'}
[8.537992] (pico_kinova) StderrLine: {'line': b'\x1b[01m\x1b[K/home/rpp/Desktop/pico_kinova/pico_kinova/ur_rtde/include/ur_rtde/robot_state.h:\x1b[m\x1b[K In member function \xe2\x80\x98\x1b[01m\x1b[Kuint16_t ur_rtde::RobotState::SizeVisitor::operator()(int32_t) const\x1b[m\x1b[K\xe2\x80\x99:\n'}
[8.538236] (pico_kinova) StderrLine: {'line': b'\x1b[01m\x1b[K/home/rpp/Desktop/pico_kinova/pico_kinova/ur_rtde/include/ur_rtde/robot_state.h:164:33:\x1b[m\x1b[K \x1b[01;35m\x1b[Kwarning: \x1b[m\x1b[Kunused parameter \xe2\x80\x98\x1b[01m\x1b[Kint_val\x1b[m\x1b[K\xe2\x80\x99 [\x1b[01;35m\x1b[K\x1b]8;;https://gcc.gnu.org/onlinedocs/gcc/Warning-Options.html#index-Wunused-parameter\x07-Wunused-parameter\x1b]8;;\x07\x1b[m\x1b[K]\n'}
[8.538481] (pico_kinova) StderrLine: {'line': b'  164 |     uint16_t operator()(\x1b[01;35m\x1b[Kint32_t int_val\x1b[m\x1b[K) const\n'}
[8.538673] (pico_kinova) StderrLine: {'line': b'      |                         \x1b[01;35m\x1b[K~~~~~~~~^~~~~~~\x1b[m\x1b[K\n'}
[8.538845] (pico_kinova) StderrLine: {'line': b'\x1b[01m\x1b[K/home/rpp/Desktop/pico_kinova/pico_kinova/ur_rtde/include/ur_rtde/robot_state.h:\x1b[m\x1b[K In member function \xe2\x80\x98\x1b[01m\x1b[Kuint16_t ur_rtde::RobotState::SizeVisitor::operator()(double) const\x1b[m\x1b[K\xe2\x80\x99:\n'}
[8.539047] (pico_kinova) StderrLine: {'line': b'\x1b[01m\x1b[K/home/rpp/Desktop/pico_kinova/pico_kinova/ur_rtde/include/ur_rtde/robot_state.h:169:32:\x1b[m\x1b[K \x1b[01;35m\x1b[Kwarning: \x1b[m\x1b[Kunused parameter \xe2\x80\x98\x1b[01m\x1b[Kdouble_val\x1b[m\x1b[K\xe2\x80\x99 [\x1b[01;35m\x1b[K\x1b]8;;https://gcc.gnu.org/onlinedocs/gcc/Warning-Options.html#index-Wunused-parameter\x07-Wunused-parameter\x1b]8;;\x07\x1b[m\x1b[K]\n'}
[8.539227] (pico_kinova) StderrLine: {'line': b'  169 |     uint16_t operator()(\x1b[01;35m\x1b[Kdouble double_val\x1b[m\x1b[K) const\n'}
[8.539391] (pico_kinova) StderrLine: {'line': b'      |                         \x1b[01;35m\x1b[K~~~~~~~^~~~~~~~~~\x1b[m\x1b[K\n'}
[8.546376] (pico_kinova) StderrLine: {'line': b'\x1b[01m\x1b[K/home/rpp/Desktop/pico_kinova/pico_kinova/ur_rtde/examples/cpp/movej_path_with_blend_example.cpp:\x1b[m\x1b[K In function \xe2\x80\x98\x1b[01m\x1b[Kint main(int, char**)\x1b[m\x1b[K\xe2\x80\x99:\n'}
[8.546746] (pico_kinova) StderrLine: {'line': b'\x1b[01m\x1b[K/home/rpp/Desktop/pico_kinova/pico_kinova/ur_rtde/examples/cpp/movej_path_with_blend_example.cpp:5:14:\x1b[m\x1b[K \x1b[01;35m\x1b[Kwarning: \x1b[m\x1b[Kunused parameter \xe2\x80\x98\x1b[01m\x1b[Kargc\x1b[m\x1b[K\xe2\x80\x99 [\x1b[01;35m\x1b[K\x1b]8;;https://gcc.gnu.org/onlinedocs/gcc/Warning-Options.html#index-Wunused-parameter\x07-Wunused-parameter\x1b]8;;\x07\x1b[m\x1b[K]\n'}
[8.546891] (pico_kinova) StderrLine: {'line': b'    5 | int main(\x1b[01;35m\x1b[Kint argc\x1b[m\x1b[K, char* argv[])\n'}
[8.547014] (pico_kinova) StderrLine: {'line': b'      |          \x1b[01;35m\x1b[K~~~~^~~~\x1b[m\x1b[K\n'}
[8.547125] (pico_kinova) StderrLine: {'line': b'\x1b[01m\x1b[K/home/rpp/Desktop/pico_kinova/pico_kinova/ur_rtde/examples/cpp/movej_path_with_blend_example.cpp:5:26:\x1b[m\x1b[K \x1b[01;35m\x1b[Kwarning: \x1b[m\x1b[Kunused parameter \xe2\x80\x98\x1b[01m\x1b[Kargv\x1b[m\x1b[K\xe2\x80\x99 [\x1b[01;35m\x1b[K\x1b]8;;https://gcc.gnu.org/onlinedocs/gcc/Warning-Options.html#index-Wunused-parameter\x07-Wunused-parameter\x1b]8;;\x07\x1b[m\x1b[K]\n'}
[8.547249] (pico_kinova) StderrLine: {'line': b'    5 | int main(int argc, \x1b[01;35m\x1b[Kchar* argv[]\x1b[m\x1b[K)\n'}
[8.547355] (pico_kinova) StderrLine: {'line': b'      |                    \x1b[01;35m\x1b[K~~~~~~^~~~~~\x1b[m\x1b[K\n'}
[8.557648] (pico_kinova) StdoutLine: {'line': b'[ 76%] \x1b[32m\x1b[1mLinking CXX executable ../../../ur_rtde/bin/io_example\x1b[0m\n'}
[8.575641] (pico_kinova) StderrLine: {'line': b'\x1b[01m\x1b[K/home/rpp/Desktop/pico_kinova/pico_kinova/ur_rtde/examples/cpp/forcemode_example.cpp:\x1b[m\x1b[K In function \xe2\x80\x98\x1b[01m\x1b[Kint main(int, char**)\x1b[m\x1b[K\xe2\x80\x99:\n'}
[8.575926] (pico_kinova) StderrLine: {'line': b'\x1b[01m\x1b[K/home/rpp/Desktop/pico_kinova/pico_kinova/ur_rtde/examples/cpp/forcemode_example.cpp:8:14:\x1b[m\x1b[K \x1b[01;35m\x1b[Kwarning: \x1b[m\x1b[Kunused parameter \xe2\x80\x98\x1b[01m\x1b[Kargc\x1b[m\x1b[K\xe2\x80\x99 [\x1b[01;35m\x1b[K\x1b]8;;https://gcc.gnu.org/onlinedocs/gcc/Warning-Options.html#index-Wunused-parameter\x07-Wunused-parameter\x1b]8;;\x07\x1b[m\x1b[K]\n'}
[8.576075] (pico_kinova) StderrLine: {'line': b'    8 | int main(\x1b[01;35m\x1b[Kint argc\x1b[m\x1b[K, char* argv[])\n'}
[8.576277] (pico_kinova) StderrLine: {'line': b'      |          \x1b[01;35m\x1b[K~~~~^~~~\x1b[m\x1b[K\n'}
[8.576395] (pico_kinova) StderrLine: {'line': b'\x1b[01m\x1b[K/home/rpp/Desktop/pico_kinova/pico_kinova/ur_rtde/examples/cpp/forcemode_example.cpp:8:26:\x1b[m\x1b[K \x1b[01;35m\x1b[Kwarning: \x1b[m\x1b[Kunused parameter \xe2\x80\x98\x1b[01m\x1b[Kargv\x1b[m\x1b[K\xe2\x80\x99 [\x1b[01;35m\x1b[K\x1b]8;;https://gcc.gnu.org/onlinedocs/gcc/Warning-Options.html#index-Wunused-parameter\x07-Wunused-parameter\x1b]8;;\x07\x1b[m\x1b[K]\n'}
[8.576516] (pico_kinova) StderrLine: {'line': b'    8 | int main(int argc, \x1b[01;35m\x1b[Kchar* argv[]\x1b[m\x1b[K)\n'}
[8.576668] (pico_kinova) StderrLine: {'line': b'      |                    \x1b[01;35m\x1b[K~~~~~~^~~~~~\x1b[m\x1b[K\n'}
[8.576775] (pico_kinova) StderrLine: {'line': b'\x1b[01m\x1b[K/home/rpp/Desktop/pico_kinova/pico_kinova/ur_rtde/examples/cpp/jog_example.cpp:\x1b[m\x1b[K In function \xe2\x80\x98\x1b[01m\x1b[Kint main(int, char**)\x1b[m\x1b[K\xe2\x80\x99:\n'}
[8.576887] (pico_kinova) StderrLine: {'line': b'\x1b[01m\x1b[K/home/rpp/Desktop/pico_kinova/pico_kinova/ur_rtde/examples/cpp/jog_example.cpp:10:14:\x1b[m\x1b[K \x1b[01;35m\x1b[Kwarning: \x1b[m\x1b[Kunused parameter \xe2\x80\x98\x1b[01m\x1b[Kargc\x1b[m\x1b[K\xe2\x80\x99 [\x1b[01;35m\x1b[K\x1b]8;;https://gcc.gnu.org/onlinedocs/gcc/Warning-Options.html#index-Wunused-parameter\x07-Wunused-parameter\x1b]8;;\x07\x1b[m\x1b[K]\n'}
[8.576997] (pico_kinova) StderrLine: {'line': b'   10 | int main(\x1b[01;35m\x1b[Kint argc\x1b[m\x1b[K, char* argv[])\n'}
[8.577276] (pico_kinova) StderrLine: {'line': b'      |          \x1b[01;35m\x1b[K~~~~^~~~\x1b[m\x1b[K\n'}
[8.577526] (pico_kinova) StderrLine: {'line': b'\x1b[01m\x1b[K/home/rpp/Desktop/pico_kinova/pico_kinova/ur_rtde/examples/cpp/jog_example.cpp:10:26:\x1b[m\x1b[K \x1b[01;35m\x1b[Kwarning: \x1b[m\x1b[Kunused parameter \xe2\x80\x98\x1b[01m\x1b[Kargv\x1b[m\x1b[K\xe2\x80\x99 [\x1b[01;35m\x1b[K\x1b]8;;https://gcc.gnu.org/onlinedocs/gcc/Warning-Options.html#index-Wunused-parameter\x07-Wunused-parameter\x1b]8;;\x07\x1b[m\x1b[K]\n'}
[8.577774] (pico_kinova) StderrLine: {'line': b'   10 | int main(int argc, \x1b[01;35m\x1b[Kchar* argv[]\x1b[m\x1b[K)\n'}
[8.577969] (pico_kinova) StderrLine: {'line': b'      |                    \x1b[01;35m\x1b[K~~~~~~^~~~~~\x1b[m\x1b[K\n'}
[8.581204] (pico_kinova) StderrLine: {'line': b'\x1b[01m\x1b[K/home/rpp/Desktop/pico_kinova/pico_kinova/ur_rtde/examples/cpp/move_until_contact.cpp:\x1b[m\x1b[K In function \xe2\x80\x98\x1b[01m\x1b[Kint main(int, char**)\x1b[m\x1b[K\xe2\x80\x99:\n'}
[8.581445] (pico_kinova) StderrLine: {'line': b'\x1b[01m\x1b[K/home/rpp/Desktop/pico_kinova/pico_kinova/ur_rtde/examples/cpp/move_until_contact.cpp:4:14:\x1b[m\x1b[K \x1b[01;35m\x1b[Kwarning: \x1b[m\x1b[Kunused parameter \xe2\x80\x98\x1b[01m\x1b[Kargc\x1b[m\x1b[K\xe2\x80\x99 [\x1b[01;35m\x1b[K\x1b]8;;https://gcc.gnu.org/onlinedocs/gcc/Warning-Options.html#index-Wunused-parameter\x07-Wunused-parameter\x1b]8;;\x07\x1b[m\x1b[K]\n'}
[8.581558] (pico_kinova) StderrLine: {'line': b'    4 | int main(\x1b[01;35m\x1b[Kint argc\x1b[m\x1b[K, char* argv[])\n'}
[8.581640] (pico_kinova) StderrLine: {'line': b'      |          \x1b[01;35m\x1b[K~~~~^~~~\x1b[m\x1b[K\n'}
[8.581709] (pico_kinova) StderrLine: {'line': b'\x1b[01m\x1b[K/home/rpp/Desktop/pico_kinova/pico_kinova/ur_rtde/examples/cpp/move_until_contact.cpp:4:26:\x1b[m\x1b[K \x1b[01;35m\x1b[Kwarning: \x1b[m\x1b[Kunused parameter \xe2\x80\x98\x1b[01m\x1b[Kargv\x1b[m\x1b[K\xe2\x80\x99 [\x1b[01;35m\x1b[K\x1b]8;;https://gcc.gnu.org/onlinedocs/gcc/Warning-Options.html#index-Wunused-parameter\x07-Wunused-parameter\x1b]8;;\x07\x1b[m\x1b[K]\n'}
[8.581833] (pico_kinova) StderrLine: {'line': b'    4 | int main(int argc, \x1b[01;35m\x1b[Kchar* argv[]\x1b[m\x1b[K)\n'}
[8.581900] (pico_kinova) StderrLine: {'line': b'      |                    \x1b[01;35m\x1b[K~~~~~~^~~~~~\x1b[m\x1b[K\n'}
[8.604668] (pico_kinova) StdoutLine: {'line': b'[ 76%] Built target move_path_async_example\n'}
[8.620891] (-) TimerEvent: {}
[8.686130] (pico_kinova) StdoutLine: {'line': b'[ 79%] \x1b[32m\x1b[1mLinking CXX executable ../../../ur_rtde/bin/speedj_example\x1b[0m\n'}
[8.700007] (pico_kinova) StdoutLine: {'line': b'[ 79%] Built target io_example\n'}
[8.720977] (-) TimerEvent: {}
[8.763880] (pico_kinova) StderrLine: {'line': b'In file included from \x1b[01m\x1b[K/home/rpp/Desktop/pico_kinova/pico_kinova/ur_rtde/include/ur_rtde/rtde_receive_interface.h:6\x1b[m\x1b[K,\n'}
[8.764212] (pico_kinova) StderrLine: {'line': b'                 from \x1b[01m\x1b[K/home/rpp/Desktop/pico_kinova/pico_kinova/ur_rtde/examples/cpp/contact_detection_example.cpp:2\x1b[m\x1b[K:\n'}
[8.764409] (pico_kinova) StderrLine: {'line': b'\x1b[01m\x1b[K/home/rpp/Desktop/pico_kinova/pico_kinova/ur_rtde/include/ur_rtde/robot_state.h:93:4:\x1b[m\x1b[K \x1b[01;35m\x1b[Kwarning: \x1b[m\x1b[Kextra \xe2\x80\x98\x1b[01m\x1b[K;\x1b[m\x1b[K\xe2\x80\x99 [\x1b[01;35m\x1b[K\x1b]8;;https://gcc.gnu.org/onlinedocs/gcc/Warning-Options.html#index-Wpedantic\x07-Wpedantic\x1b]8;;\x07\x1b[m\x1b[K]\n'}
[8.764583] (pico_kinova) StderrLine: {'line': b'   93 |   }\x1b[01;35m\x1b[K;\x1b[m\x1b[K\n'}
[8.764722] (pico_kinova) StderrLine: {'line': b'      |    \x1b[01;35m\x1b[K^\x1b[m\x1b[K\n'}
[8.764857] (pico_kinova) StderrLine: {'line': b'      |    \x1b[31m\x1b[K-\x1b[m\x1b[K\n'}
[8.764988] (pico_kinova) StderrLine: {'line': b'\x1b[01m\x1b[K/home/rpp/Desktop/pico_kinova/pico_kinova/ur_rtde/include/ur_rtde/robot_state.h:107:4:\x1b[m\x1b[K \x1b[01;35m\x1b[Kwarning: \x1b[m\x1b[Kextra \xe2\x80\x98\x1b[01m\x1b[K;\x1b[m\x1b[K\xe2\x80\x99 [\x1b[01;35m\x1b[K\x1b]8;;https://gcc.gnu.org/onlinedocs/gcc/Warning-Options.html#index-Wpedantic\x07-Wpedantic\x1b]8;;\x07\x1b[m\x1b[K]\n'}
[8.765126] (pico_kinova) StderrLine: {'line': b'  107 |   }\x1b[01;35m\x1b[K;\x1b[m\x1b[K\n'}
[8.765258] (pico_kinova) StderrLine: {'line': b'      |    \x1b[01;35m\x1b[K^\x1b[m\x1b[K\n'}
[8.765396] (pico_kinova) StderrLine: {'line': b'      |    \x1b[31m\x1b[K-\x1b[m\x1b[K\n'}
[8.793500] (pico_kinova) StderrLine: {'line': b'\x1b[01m\x1b[K/home/rpp/Desktop/pico_kinova/pico_kinova/ur_rtde/examples/cpp/record_data_example.cpp:\x1b[m\x1b[K In function \xe2\x80\x98\x1b[01m\x1b[Kvoid raiseFlag(int)\x1b[m\x1b[K\xe2\x80\x99:\n'}
[8.793836] (pico_kinova) StderrLine: {'line': b'\x1b[01m\x1b[K/home/rpp/Desktop/pico_kinova/pico_kinova/ur_rtde/examples/cpp/record_data_example.cpp:15:20:\x1b[m\x1b[K \x1b[01;35m\x1b[Kwarning: \x1b[m\x1b[Kunused parameter \xe2\x80\x98\x1b[01m\x1b[Kparam\x1b[m\x1b[K\xe2\x80\x99 [\x1b[01;35m\x1b[K\x1b]8;;https://gcc.gnu.org/onlinedocs/gcc/Warning-Options.html#index-Wunused-parameter\x07-Wunused-parameter\x1b]8;;\x07\x1b[m\x1b[K]\n'}
[8.794019] (pico_kinova) StderrLine: {'line': b'   15 | void raiseFlag(\x1b[01;35m\x1b[Kint param\x1b[m\x1b[K)\n'}
[8.794174] (pico_kinova) StderrLine: {'line': b'      |                \x1b[01;35m\x1b[K~~~~^~~~~\x1b[m\x1b[K\n'}
[8.819256] (pico_kinova) StderrLine: {'line': b'In file included from \x1b[01m\x1b[K/home/rpp/Desktop/pico_kinova/pico_kinova/ur_rtde/include/ur_rtde/rtde_receive_interface.h:6\x1b[m\x1b[K,\n'}
[8.819593] (pico_kinova) StderrLine: {'line': b'                 from \x1b[01m\x1b[K/home/rpp/Desktop/pico_kinova/pico_kinova/ur_rtde/examples/cpp/realtime_control_example.cpp:2\x1b[m\x1b[K:\n'}
[8.819764] (pico_kinova) StderrLine: {'line': b'\x1b[01m\x1b[K/home/rpp/Desktop/pico_kinova/pico_kinova/ur_rtde/include/ur_rtde/robot_state.h:93:4:\x1b[m\x1b[K \x1b[01;35m\x1b[Kwarning: \x1b[m\x1b[Kextra \xe2\x80\x98\x1b[01m\x1b[K;\x1b[m\x1b[K\xe2\x80\x99 [\x1b[01;35m\x1b[K\x1b]8;;https://gcc.gnu.org/onlinedocs/gcc/Warning-Options.html#index-Wpedantic\x07-Wpedantic\x1b]8;;\x07\x1b[m\x1b[K]\n'}
[8.819957] (pico_kinova) StderrLine: {'line': b'   93 |   }\x1b[01;35m\x1b[K;\x1b[m\x1b[K\n'}
[8.820104] (pico_kinova) StderrLine: {'line': b'      |    \x1b[01;35m\x1b[K^\x1b[m\x1b[K\n'}
[8.820237] (pico_kinova) StderrLine: {'line': b'      |    \x1b[31m\x1b[K-\x1b[m\x1b[K\n'}
[8.820371] (pico_kinova) StderrLine: {'line': b'\x1b[01m\x1b[K/home/rpp/Desktop/pico_kinova/pico_kinova/ur_rtde/include/ur_rtde/robot_state.h:107:4:\x1b[m\x1b[K \x1b[01;35m\x1b[Kwarning: \x1b[m\x1b[Kextra \xe2\x80\x98\x1b[01m\x1b[K;\x1b[m\x1b[K\xe2\x80\x99 [\x1b[01;35m\x1b[K\x1b]8;;https://gcc.gnu.org/onlinedocs/gcc/Warning-Options.html#index-Wpedantic\x07-Wpedantic\x1b]8;;\x07\x1b[m\x1b[K]\n'}
[8.820520] (pico_kinova) StderrLine: {'line': b'  107 |   }\x1b[01;35m\x1b[K;\x1b[m\x1b[K\n'}
[8.820654] (pico_kinova) StderrLine: {'line': b'      |    \x1b[01;35m\x1b[K^\x1b[m\x1b[K\n'}
[8.820804] (pico_kinova) StderrLine: {'line': b'      |    \x1b[31m\x1b[K-\x1b[m\x1b[K\n'}
[8.821039] (-) TimerEvent: {}
[8.826214] (pico_kinova) StderrLine: {'line': b'\x1b[01m\x1b[K/home/rpp/Desktop/pico_kinova/pico_kinova/ur_rtde/include/ur_rtde/robot_state.h:\x1b[m\x1b[K In member function \xe2\x80\x98\x1b[01m\x1b[Kuint16_t ur_rtde::RobotState::SizeVisitor::operator()(uint32_t) const\x1b[m\x1b[K\xe2\x80\x99:\n'}
[8.826730] (pico_kinova) StderrLine: {'line': b'\x1b[01m\x1b[K/home/rpp/Desktop/pico_kinova/pico_kinova/ur_rtde/include/ur_rtde/robot_state.h:154:34:\x1b[m\x1b[K \x1b[01;35m\x1b[Kwarning: \x1b[m\x1b[Kunused parameter \xe2\x80\x98\x1b[01m\x1b[Kint_val\x1b[m\x1b[K\xe2\x80\x99 [\x1b[01;35m\x1b[K\x1b]8;;https://gcc.gnu.org/onlinedocs/gcc/Warning-Options.html#index-Wunused-parameter\x07-Wunused-parameter\x1b]8;;\x07\x1b[m\x1b[K]\n'}
[8.826923] (pico_kinova) StderrLine: {'line': b'  154 |     uint16_t operator()(\x1b[01;35m\x1b[Kuint32_t int_val\x1b[m\x1b[K) const\n'}
[8.827057] (pico_kinova) StderrLine: {'line': b'      |                         \x1b[01;35m\x1b[K~~~~~~~~~^~~~~~~\x1b[m\x1b[K\n'}
[8.827124] (pico_kinova) StderrLine: {'line': b'\x1b[01m\x1b[K/home/rpp/Desktop/pico_kinova/pico_kinova/ur_rtde/include/ur_rtde/robot_state.h:\x1b[m\x1b[K In member function \xe2\x80\x98\x1b[01m\x1b[Kuint16_t ur_rtde::RobotState::SizeVisitor::operator()(uint64_t) const\x1b[m\x1b[K\xe2\x80\x99:\n'}
[8.827187] (pico_kinova) StderrLine: {'line': b'\x1b[01m\x1b[K/home/rpp/Desktop/pico_kinova/pico_kinova/ur_rtde/include/ur_rtde/robot_state.h:159:34:\x1b[m\x1b[K \x1b[01;35m\x1b[Kwarning: \x1b[m\x1b[Kunused parameter \xe2\x80\x98\x1b[01m\x1b[Kint_val\x1b[m\x1b[K\xe2\x80\x99 [\x1b[01;35m\x1b[K\x1b]8;;https://gcc.gnu.org/onlinedocs/gcc/Warning-Options.html#index-Wunused-parameter\x07-Wunused-parameter\x1b]8;;\x07\x1b[m\x1b[K]\n'}
[8.827465] (pico_kinova) StderrLine: {'line': b'  159 |     uint16_t operator()(\x1b[01;35m\x1b[Kuint64_t int_val\x1b[m\x1b[K) const\n'}
[8.827547] (pico_kinova) StderrLine: {'line': b'      |                         \x1b[01;35m\x1b[K~~~~~~~~~^~~~~~~\x1b[m\x1b[K\n'}
[8.827605] (pico_kinova) StderrLine: {'line': b'\x1b[01m\x1b[K/home/rpp/Desktop/pico_kinova/pico_kinova/ur_rtde/include/ur_rtde/robot_state.h:\x1b[m\x1b[K In member function \xe2\x80\x98\x1b[01m\x1b[Kuint16_t ur_rtde::RobotState::SizeVisitor::operator()(int32_t) const\x1b[m\x1b[K\xe2\x80\x99:\n'}
[8.827807] (pico_kinova) StderrLine: {'line': b'\x1b[01m\x1b[K/home/rpp/Desktop/pico_kinova/pico_kinova/ur_rtde/include/ur_rtde/robot_state.h:164:33:\x1b[m\x1b[K \x1b[01;35m\x1b[Kwarning: \x1b[m\x1b[Kunused parameter \xe2\x80\x98\x1b[01m\x1b[Kint_val\x1b[m\x1b[K\xe2\x80\x99 [\x1b[01;35m\x1b[K\x1b]8;;https://gcc.gnu.org/onlinedocs/gcc/Warning-Options.html#index-Wunused-parameter\x07-Wunused-parameter\x1b]8;;\x07\x1b[m\x1b[K]\n'}
[8.827883] (pico_kinova) StderrLine: {'line': b'  164 |     uint16_t operator()(\x1b[01;35m\x1b[Kint32_t int_val\x1b[m\x1b[K) const\n'}
[8.827950] (pico_kinova) StderrLine: {'line': b'      |                         \x1b[01;35m\x1b[K~~~~~~~~^~~~~~~\x1b[m\x1b[K\n'}
[8.828015] (pico_kinova) StderrLine: {'line': b'\x1b[01m\x1b[K/home/rpp/Desktop/pico_kinova/pico_kinova/ur_rtde/include/ur_rtde/robot_state.h:\x1b[m\x1b[K In member function \xe2\x80\x98\x1b[01m\x1b[Kuint16_t ur_rtde::RobotState::SizeVisitor::operator()(double) const\x1b[m\x1b[K\xe2\x80\x99:\n'}
[8.828075] (pico_kinova) StderrLine: {'line': b'\x1b[01m\x1b[K/home/rpp/Desktop/pico_kinova/pico_kinova/ur_rtde/include/ur_rtde/robot_state.h:169:32:\x1b[m\x1b[K \x1b[01;35m\x1b[Kwarning: \x1b[m\x1b[Kunused parameter \xe2\x80\x98\x1b[01m\x1b[Kdouble_val\x1b[m\x1b[K\xe2\x80\x99 [\x1b[01;35m\x1b[K\x1b]8;;https://gcc.gnu.org/onlinedocs/gcc/Warning-Options.html#index-Wunused-parameter\x07-Wunused-parameter\x1b]8;;\x07\x1b[m\x1b[K]\n'}
[8.828136] (pico_kinova) StderrLine: {'line': b'  169 |     uint16_t operator()(\x1b[01;35m\x1b[Kdouble double_val\x1b[m\x1b[K) const\n'}
[8.828201] (pico_kinova) StderrLine: {'line': b'      |                         \x1b[01;35m\x1b[K~~~~~~~^~~~~~~~~~\x1b[m\x1b[K\n'}
[8.837845] (pico_kinova) StderrLine: {'line': b'\x1b[01m\x1b[K/home/rpp/Desktop/pico_kinova/pico_kinova/ur_rtde/examples/cpp/contact_detection_example.cpp:\x1b[m\x1b[K In function \xe2\x80\x98\x1b[01m\x1b[Kint main(int, char**)\x1b[m\x1b[K\xe2\x80\x99:\n'}
[8.838015] (pico_kinova) StderrLine: {'line': b'\x1b[01m\x1b[K/home/rpp/Desktop/pico_kinova/pico_kinova/ur_rtde/examples/cpp/contact_detection_example.cpp:8:14:\x1b[m\x1b[K \x1b[01;35m\x1b[Kwarning: \x1b[m\x1b[Kunused parameter \xe2\x80\x98\x1b[01m\x1b[Kargc\x1b[m\x1b[K\xe2\x80\x99 [\x1b[01;35m\x1b[K\x1b]8;;https://gcc.gnu.org/onlinedocs/gcc/Warning-Options.html#index-Wunused-parameter\x07-Wunused-parameter\x1b]8;;\x07\x1b[m\x1b[K]\n'}
[8.838086] (pico_kinova) StderrLine: {'line': b'    8 | int main(\x1b[01;35m\x1b[Kint argc\x1b[m\x1b[K, char* argv[])\n'}
[8.838148] (pico_kinova) StderrLine: {'line': b'      |          \x1b[01;35m\x1b[K~~~~^~~~\x1b[m\x1b[K\n'}
[8.838209] (pico_kinova) StderrLine: {'line': b'\x1b[01m\x1b[K/home/rpp/Desktop/pico_kinova/pico_kinova/ur_rtde/examples/cpp/contact_detection_example.cpp:8:26:\x1b[m\x1b[K \x1b[01;35m\x1b[Kwarning: \x1b[m\x1b[Kunused parameter \xe2\x80\x98\x1b[01m\x1b[Kargv\x1b[m\x1b[K\xe2\x80\x99 [\x1b[01;35m\x1b[K\x1b]8;;https://gcc.gnu.org/onlinedocs/gcc/Warning-Options.html#index-Wunused-parameter\x07-Wunused-parameter\x1b]8;;\x07\x1b[m\x1b[K]\n'}
[8.838271] (pico_kinova) StderrLine: {'line': b'    8 | int main(int argc, \x1b[01;35m\x1b[Kchar* argv[]\x1b[m\x1b[K)\n'}
[8.838330] (pico_kinova) StderrLine: {'line': b'      |                    \x1b[01;35m\x1b[K~~~~~~^~~~~~\x1b[m\x1b[K\n'}
[8.872114] (pico_kinova) StdoutLine: {'line': b'[ 79%] Built target speedj_example\n'}
[8.883824] (pico_kinova) StderrLine: {'line': b'\x1b[01m\x1b[K/home/rpp/Desktop/pico_kinova/pico_kinova/ur_rtde/include/ur_rtde/robot_state.h:\x1b[m\x1b[K In member function \xe2\x80\x98\x1b[01m\x1b[Kuint16_t ur_rtde::RobotState::SizeVisitor::operator()(uint32_t) const\x1b[m\x1b[K\xe2\x80\x99:\n'}
[8.884122] (pico_kinova) StderrLine: {'line': b'\x1b[01m\x1b[K/home/rpp/Desktop/pico_kinova/pico_kinova/ur_rtde/include/ur_rtde/robot_state.h:154:34:\x1b[m\x1b[K \x1b[01;35m\x1b[Kwarning: \x1b[m\x1b[Kunused parameter \xe2\x80\x98\x1b[01m\x1b[Kint_val\x1b[m\x1b[K\xe2\x80\x99 [\x1b[01;35m\x1b[K\x1b]8;;https://gcc.gnu.org/onlinedocs/gcc/Warning-Options.html#index-Wunused-parameter\x07-Wunused-parameter\x1b]8;;\x07\x1b[m\x1b[K]\n'}
[8.884227] (pico_kinova) StderrLine: {'line': b'  154 |     uint16_t operator()(\x1b[01;35m\x1b[Kuint32_t int_val\x1b[m\x1b[K) const\n'}
[8.884298] (pico_kinova) StderrLine: {'line': b'      |                         \x1b[01;35m\x1b[K~~~~~~~~~^~~~~~~\x1b[m\x1b[K\n'}
[8.884362] (pico_kinova) StderrLine: {'line': b'\x1b[01m\x1b[K/home/rpp/Desktop/pico_kinova/pico_kinova/ur_rtde/include/ur_rtde/robot_state.h:\x1b[m\x1b[K In member function \xe2\x80\x98\x1b[01m\x1b[Kuint16_t ur_rtde::RobotState::SizeVisitor::operator()(uint64_t) const\x1b[m\x1b[K\xe2\x80\x99:\n'}
[8.884475] (pico_kinova) StderrLine: {'line': b'\x1b[01m\x1b[K/home/rpp/Desktop/pico_kinova/pico_kinova/ur_rtde/include/ur_rtde/robot_state.h:159:34:\x1b[m\x1b[K \x1b[01;35m\x1b[Kwarning: \x1b[m\x1b[Kunused parameter \xe2\x80\x98\x1b[01m\x1b[Kint_val\x1b[m\x1b[K\xe2\x80\x99 [\x1b[01;35m\x1b[K\x1b]8;;https://gcc.gnu.org/onlinedocs/gcc/Warning-Options.html#index-Wunused-parameter\x07-Wunused-parameter\x1b]8;;\x07\x1b[m\x1b[K]\n'}
[8.884545] (pico_kinova) StderrLine: {'line': b'  159 |     uint16_t operator()(\x1b[01;35m\x1b[Kuint64_t int_val\x1b[m\x1b[K) const\n'}
[8.884606] (pico_kinova) StderrLine: {'line': b'      |                         \x1b[01;35m\x1b[K~~~~~~~~~^~~~~~~\x1b[m\x1b[K\n'}
[8.884665] (pico_kinova) StderrLine: {'line': b'\x1b[01m\x1b[K/home/rpp/Desktop/pico_kinova/pico_kinova/ur_rtde/include/ur_rtde/robot_state.h:\x1b[m\x1b[K In member function \xe2\x80\x98\x1b[01m\x1b[Kuint16_t ur_rtde::RobotState::SizeVisitor::operator()(int32_t) const\x1b[m\x1b[K\xe2\x80\x99:\n'}
[8.884729] (pico_kinova) StderrLine: {'line': b'\x1b[01m\x1b[K/home/rpp/Desktop/pico_kinova/pico_kinova/ur_rtde/include/ur_rtde/robot_state.h:164:33:\x1b[m\x1b[K \x1b[01;35m\x1b[Kwarning: \x1b[m\x1b[Kunused parameter \xe2\x80\x98\x1b[01m\x1b[Kint_val\x1b[m\x1b[K\xe2\x80\x99 [\x1b[01;35m\x1b[K\x1b]8;;https://gcc.gnu.org/onlinedocs/gcc/Warning-Options.html#index-Wunused-parameter\x07-Wunused-parameter\x1b]8;;\x07\x1b[m\x1b[K]\n'}
[8.884790] (pico_kinova) StderrLine: {'line': b'  164 |     uint16_t operator()(\x1b[01;35m\x1b[Kint32_t int_val\x1b[m\x1b[K) const\n'}
[8.884854] (pico_kinova) StderrLine: {'line': b'      |                         \x1b[01;35m\x1b[K~~~~~~~~^~~~~~~\x1b[m\x1b[K\n'}
[8.884914] (pico_kinova) StderrLine: {'line': b'\x1b[01m\x1b[K/home/rpp/Desktop/pico_kinova/pico_kinova/ur_rtde/include/ur_rtde/robot_state.h:\x1b[m\x1b[K In member function \xe2\x80\x98\x1b[01m\x1b[Kuint16_t ur_rtde::RobotState::SizeVisitor::operator()(double) const\x1b[m\x1b[K\xe2\x80\x99:\n'}
[8.884976] (pico_kinova) StderrLine: {'line': b'\x1b[01m\x1b[K/home/rpp/Desktop/pico_kinova/pico_kinova/ur_rtde/include/ur_rtde/robot_state.h:169:32:\x1b[m\x1b[K \x1b[01;35m\x1b[Kwarning: \x1b[m\x1b[Kunused parameter \xe2\x80\x98\x1b[01m\x1b[Kdouble_val\x1b[m\x1b[K\xe2\x80\x99 [\x1b[01;35m\x1b[K\x1b]8;;https://gcc.gnu.org/onlinedocs/gcc/Warning-Options.html#index-Wunused-parameter\x07-Wunused-parameter\x1b]8;;\x07\x1b[m\x1b[K]\n'}
[8.885046] (pico_kinova) StderrLine: {'line': b'  169 |     uint16_t operator()(\x1b[01;35m\x1b[Kdouble double_val\x1b[m\x1b[K) const\n'}
[8.885106] (pico_kinova) StderrLine: {'line': b'      |                         \x1b[01;35m\x1b[K~~~~~~~^~~~~~~~~~\x1b[m\x1b[K\n'}
[8.888196] (pico_kinova) StderrLine: {'line': b'\x1b[01m\x1b[K/home/rpp/Desktop/pico_kinova/pico_kinova/ur_rtde/examples/cpp/realtime_control_example.cpp:\x1b[m\x1b[K In function \xe2\x80\x98\x1b[01m\x1b[Kvoid raiseFlag(int)\x1b[m\x1b[K\xe2\x80\x99:\n'}
[8.888548] (pico_kinova) StderrLine: {'line': b'\x1b[01m\x1b[K/home/rpp/Desktop/pico_kinova/pico_kinova/ur_rtde/examples/cpp/realtime_control_example.cpp:17:20:\x1b[m\x1b[K \x1b[01;35m\x1b[Kwarning: \x1b[m\x1b[Kunused parameter \xe2\x80\x98\x1b[01m\x1b[Kparam\x1b[m\x1b[K\xe2\x80\x99 [\x1b[01;35m\x1b[K\x1b]8;;https://gcc.gnu.org/onlinedocs/gcc/Warning-Options.html#index-Wunused-parameter\x07-Wunused-parameter\x1b]8;;\x07\x1b[m\x1b[K]\n'}
[8.888727] (pico_kinova) StderrLine: {'line': b'   17 | void raiseFlag(\x1b[01;35m\x1b[Kint param\x1b[m\x1b[K)\n'}
[8.888879] (pico_kinova) StderrLine: {'line': b'      |                \x1b[01;35m\x1b[K~~~~^~~~~\x1b[m\x1b[K\n'}
[8.889774] (pico_kinova) StderrLine: {'line': b'\x1b[01m\x1b[K/home/rpp/Desktop/pico_kinova/pico_kinova/ur_rtde/examples/cpp/realtime_control_example.cpp:\x1b[m\x1b[K In function \xe2\x80\x98\x1b[01m\x1b[Kint main(int, char**)\x1b[m\x1b[K\xe2\x80\x99:\n'}
[8.889981] (pico_kinova) StderrLine: {'line': b'\x1b[01m\x1b[K/home/rpp/Desktop/pico_kinova/pico_kinova/ur_rtde/examples/cpp/realtime_control_example.cpp:30:14:\x1b[m\x1b[K \x1b[01;35m\x1b[Kwarning: \x1b[m\x1b[Kunused parameter \xe2\x80\x98\x1b[01m\x1b[Kargc\x1b[m\x1b[K\xe2\x80\x99 [\x1b[01;35m\x1b[K\x1b]8;;https://gcc.gnu.org/onlinedocs/gcc/Warning-Options.html#index-Wunused-parameter\x07-Wunused-parameter\x1b]8;;\x07\x1b[m\x1b[K]\n'}
[8.890159] (pico_kinova) StderrLine: {'line': b'   30 | int main(\x1b[01;35m\x1b[Kint argc\x1b[m\x1b[K, char* argv[])\n'}
[8.890301] (pico_kinova) StderrLine: {'line': b'      |          \x1b[01;35m\x1b[K~~~~^~~~\x1b[m\x1b[K\n'}
[8.890439] (pico_kinova) StderrLine: {'line': b'\x1b[01m\x1b[K/home/rpp/Desktop/pico_kinova/pico_kinova/ur_rtde/examples/cpp/realtime_control_example.cpp:30:26:\x1b[m\x1b[K \x1b[01;35m\x1b[Kwarning: \x1b[m\x1b[Kunused parameter \xe2\x80\x98\x1b[01m\x1b[Kargv\x1b[m\x1b[K\xe2\x80\x99 [\x1b[01;35m\x1b[K\x1b]8;;https://gcc.gnu.org/onlinedocs/gcc/Warning-Options.html#index-Wunused-parameter\x07-Wunused-parameter\x1b]8;;\x07\x1b[m\x1b[K]\n'}
[8.890596] (pico_kinova) StderrLine: {'line': b'   30 | int main(int argc, \x1b[01;35m\x1b[Kchar* argv[]\x1b[m\x1b[K)\n'}
[8.890734] (pico_kinova) StderrLine: {'line': b'      |                    \x1b[01;35m\x1b[K~~~~~~^~~~~~\x1b[m\x1b[K\n'}
[8.898639] (pico_kinova) StdoutLine: {'line': b'[ 81%] \x1b[32m\x1b[1mLinking CXX executable ../../../ur_rtde/bin/move_async_example\x1b[0m\n'}
[8.921186] (-) TimerEvent: {}
[9.010918] (pico_kinova) StdoutLine: {'line': b'[ 83%] \x1b[32m\x1b[1mLinking CXX executable ../../../ur_rtde/bin/movej_path_with_blend_example\x1b[0m\n'}
[9.021298] (-) TimerEvent: {}
[9.039081] (pico_kinova) StdoutLine: {'line': b'[ 83%] Built target move_async_example\n'}
[9.044094] (pico_kinova) StderrLine: {'line': b'In file included from \x1b[01m\x1b[K/home/rpp/Desktop/pico_kinova/pico_kinova/src/pico_kinova.cpp:36\x1b[m\x1b[K:\n'}
[9.044382] (pico_kinova) StderrLine: {'line': b'\x1b[01m\x1b[K/home/rpp/Desktop/pico_kinova/pico_kinova/include/client/TransportClientTcp.h:34:2:\x1b[m\x1b[K \x1b[01;35m\x1b[Kwarning: \x1b[m\x1b[K#warning is a GCC extension\n'}
[9.044518] (pico_kinova) StderrLine: {'line': b'   34 | #\x1b[01;35m\x1b[Kwarning\x1b[m\x1b[K Unknown OS type!\n'}
[9.044771] (pico_kinova) StderrLine: {'line': b'      |  \x1b[01;35m\x1b[K^~~~~~~\x1b[m\x1b[K\n'}
[9.044967] (pico_kinova) StderrLine: {'line': b'\x1b[01m\x1b[K/home/rpp/Desktop/pico_kinova/pico_kinova/include/client/TransportClientTcp.h:34:2:\x1b[m\x1b[K \x1b[01;35m\x1b[Kwarning: \x1b[m\x1b[K#warning Unknown OS type! [\x1b[01;35m\x1b[K\x1b]8;;https://gcc.gnu.org/onlinedocs/gcc/Warning-Options.html#index-Wcpp\x07-Wcpp\x1b]8;;\x07\x1b[m\x1b[K]\n'}
[9.096677] (pico_kinova) StdoutLine: {'line': b'[ 86%] \x1b[32m\x1b[1mLinking CXX executable ../../../ur_rtde/bin/forcemode_example\x1b[0m\n'}
[9.120738] (pico_kinova) StdoutLine: {'line': b'[ 88%] \x1b[32m\x1b[1mLinking CXX executable ../../../ur_rtde/bin/jog_example\x1b[0m\n'}
[9.121364] (-) TimerEvent: {}
[9.132294] (pico_kinova) StdoutLine: {'line': b'[ 90%] \x1b[32m\x1b[1mLinking CXX executable ../../../ur_rtde/bin/move_until_contact_example\x1b[0m\n'}
[9.221520] (-) TimerEvent: {}
[9.235103] (pico_kinova) StdoutLine: {'line': b'[ 90%] Built target movej_path_with_blend_example\n'}
[9.235443] (pico_kinova) StdoutLine: {'line': b'[ 90%] Built target forcemode_example\n'}
[9.254993] (pico_kinova) StdoutLine: {'line': b'[ 93%] \x1b[32m\x1b[1mLinking CXX executable ../../../ur_rtde/bin/contact_detection_example\x1b[0m\n'}
[9.267077] (pico_kinova) StdoutLine: {'line': b'[ 93%] Built target jog_example\n'}
[9.281966] (pico_kinova) StdoutLine: {'line': b'[ 95%] \x1b[32m\x1b[1mLinking CXX executable ../../../ur_rtde/bin/realtime_control_example\x1b[0m\n'}
[9.284212] (pico_kinova) StdoutLine: {'line': b'[ 95%] Built target move_until_contact_example\n'}
[9.321626] (-) TimerEvent: {}
[9.377437] (pico_kinova) StdoutLine: {'line': b'[ 95%] Built target contact_detection_example\n'}
[9.410419] (pico_kinova) StdoutLine: {'line': b'[ 95%] Built target realtime_control_example\n'}
[9.421730] (-) TimerEvent: {}
[9.489229] (pico_kinova) StdoutLine: {'line': b'[ 97%] \x1b[32m\x1b[1mLinking CXX executable ../../../ur_rtde/bin/record_data_example\x1b[0m\n'}
[9.521832] (-) TimerEvent: {}
[9.610631] (pico_kinova) StdoutLine: {'line': b'[ 97%] Built target record_data_example\n'}
[9.621952] (-) TimerEvent: {}
[9.722310] (-) TimerEvent: {}
[9.822674] (-) TimerEvent: {}
[9.922974] (-) TimerEvent: {}
[10.023275] (-) TimerEvent: {}
[10.123583] (-) TimerEvent: {}
[10.223927] (-) TimerEvent: {}
[10.298879] (pico_kinova) StderrLine: {'line': b'In file included from \x1b[01m\x1b[K/home/rpp/Desktop/pico_kinova/pico_kinova/ur_rtde/include/ur_rtde/rtde_receive_interface.h:6\x1b[m\x1b[K,\n'}
[10.299117] (pico_kinova) StderrLine: {'line': b'                 from \x1b[01m\x1b[K/home/rpp/Desktop/pico_kinova/pico_kinova/src/pico_kinova.cpp:18\x1b[m\x1b[K:\n'}
[10.299229] (pico_kinova) StderrLine: {'line': b'\x1b[01m\x1b[K/home/rpp/Desktop/pico_kinova/pico_kinova/ur_rtde/include/ur_rtde/robot_state.h:93:4:\x1b[m\x1b[K \x1b[01;35m\x1b[Kwarning: \x1b[m\x1b[Kextra \xe2\x80\x98\x1b[01m\x1b[K;\x1b[m\x1b[K\xe2\x80\x99 [\x1b[01;35m\x1b[K\x1b]8;;https://gcc.gnu.org/onlinedocs/gcc/Warning-Options.html#index-Wpedantic\x07-Wpedantic\x1b]8;;\x07\x1b[m\x1b[K]\n'}
[10.299330] (pico_kinova) StderrLine: {'line': b'   93 |   }\x1b[01;35m\x1b[K;\x1b[m\x1b[K\n'}
[10.299424] (pico_kinova) StderrLine: {'line': b'      |    \x1b[01;35m\x1b[K^\x1b[m\x1b[K\n'}
[10.299564] (pico_kinova) StderrLine: {'line': b'      |    \x1b[31m\x1b[K-\x1b[m\x1b[K\n'}
[10.299642] (pico_kinova) StderrLine: {'line': b'\x1b[01m\x1b[K/home/rpp/Desktop/pico_kinova/pico_kinova/ur_rtde/include/ur_rtde/robot_state.h:107:4:\x1b[m\x1b[K \x1b[01;35m\x1b[Kwarning: \x1b[m\x1b[Kextra \xe2\x80\x98\x1b[01m\x1b[K;\x1b[m\x1b[K\xe2\x80\x99 [\x1b[01;35m\x1b[K\x1b]8;;https://gcc.gnu.org/onlinedocs/gcc/Warning-Options.html#index-Wpedantic\x07-Wpedantic\x1b]8;;\x07\x1b[m\x1b[K]\n'}
[10.299690] (pico_kinova) StderrLine: {'line': b'  107 |   }\x1b[01;35m\x1b[K;\x1b[m\x1b[K\n'}
[10.299732] (pico_kinova) StderrLine: {'line': b'      |    \x1b[01;35m\x1b[K^\x1b[m\x1b[K\n'}
[10.299773] (pico_kinova) StderrLine: {'line': b'      |    \x1b[31m\x1b[K-\x1b[m\x1b[K\n'}
[10.324026] (-) TimerEvent: {}
[10.330109] (pico_kinova) StderrLine: {'line': b'\x1b[01m\x1b[K/home/rpp/Desktop/pico_kinova/pico_kinova/ur_rtde/include/ur_rtde/robot_state.h:\x1b[m\x1b[K In member function \xe2\x80\x98\x1b[01m\x1b[Kuint16_t ur_rtde::RobotState::SizeVisitor::operator()(uint32_t) const\x1b[m\x1b[K\xe2\x80\x99:\n'}
[10.330281] (pico_kinova) StderrLine: {'line': b'\x1b[01m\x1b[K/home/rpp/Desktop/pico_kinova/pico_kinova/ur_rtde/include/ur_rtde/robot_state.h:154:34:\x1b[m\x1b[K \x1b[01;35m\x1b[Kwarning: \x1b[m\x1b[Kunused parameter \xe2\x80\x98\x1b[01m\x1b[Kint_val\x1b[m\x1b[K\xe2\x80\x99 [\x1b[01;35m\x1b[K\x1b]8;;https://gcc.gnu.org/onlinedocs/gcc/Warning-Options.html#index-Wunused-parameter\x07-Wunused-parameter\x1b]8;;\x07\x1b[m\x1b[K]\n'}
[10.330335] (pico_kinova) StderrLine: {'line': b'  154 |     uint16_t operator()(\x1b[01;35m\x1b[Kuint32_t int_val\x1b[m\x1b[K) const\n'}
[10.330462] (pico_kinova) StderrLine: {'line': b'      |                         \x1b[01;35m\x1b[K~~~~~~~~~^~~~~~~\x1b[m\x1b[K\n'}
[10.330509] (pico_kinova) StderrLine: {'line': b'\x1b[01m\x1b[K/home/rpp/Desktop/pico_kinova/pico_kinova/ur_rtde/include/ur_rtde/robot_state.h:\x1b[m\x1b[K In member function \xe2\x80\x98\x1b[01m\x1b[Kuint16_t ur_rtde::RobotState::SizeVisitor::operator()(uint64_t) const\x1b[m\x1b[K\xe2\x80\x99:\n'}
[10.330559] (pico_kinova) StderrLine: {'line': b'\x1b[01m\x1b[K/home/rpp/Desktop/pico_kinova/pico_kinova/ur_rtde/include/ur_rtde/robot_state.h:159:34:\x1b[m\x1b[K \x1b[01;35m\x1b[Kwarning: \x1b[m\x1b[Kunused parameter \xe2\x80\x98\x1b[01m\x1b[Kint_val\x1b[m\x1b[K\xe2\x80\x99 [\x1b[01;35m\x1b[K\x1b]8;;https://gcc.gnu.org/onlinedocs/gcc/Warning-Options.html#index-Wunused-parameter\x07-Wunused-parameter\x1b]8;;\x07\x1b[m\x1b[K]\n'}
[10.330601] (pico_kinova) StderrLine: {'line': b'  159 |     uint16_t operator()(\x1b[01;35m\x1b[Kuint64_t int_val\x1b[m\x1b[K) const\n'}
[10.330646] (pico_kinova) StderrLine: {'line': b'      |                         \x1b[01;35m\x1b[K~~~~~~~~~^~~~~~~\x1b[m\x1b[K\n'}
[10.330687] (pico_kinova) StderrLine: {'line': b'\x1b[01m\x1b[K/home/rpp/Desktop/pico_kinova/pico_kinova/ur_rtde/include/ur_rtde/robot_state.h:\x1b[m\x1b[K In member function \xe2\x80\x98\x1b[01m\x1b[Kuint16_t ur_rtde::RobotState::SizeVisitor::operator()(int32_t) const\x1b[m\x1b[K\xe2\x80\x99:\n'}
[10.330727] (pico_kinova) StderrLine: {'line': b'\x1b[01m\x1b[K/home/rpp/Desktop/pico_kinova/pico_kinova/ur_rtde/include/ur_rtde/robot_state.h:164:33:\x1b[m\x1b[K \x1b[01;35m\x1b[Kwarning: \x1b[m\x1b[Kunused parameter \xe2\x80\x98\x1b[01m\x1b[Kint_val\x1b[m\x1b[K\xe2\x80\x99 [\x1b[01;35m\x1b[K\x1b]8;;https://gcc.gnu.org/onlinedocs/gcc/Warning-Options.html#index-Wunused-parameter\x07-Wunused-parameter\x1b]8;;\x07\x1b[m\x1b[K]\n'}
[10.330767] (pico_kinova) StderrLine: {'line': b'  164 |     uint16_t operator()(\x1b[01;35m\x1b[Kint32_t int_val\x1b[m\x1b[K) const\n'}
[10.330807] (pico_kinova) StderrLine: {'line': b'      |                         \x1b[01;35m\x1b[K~~~~~~~~^~~~~~~\x1b[m\x1b[K\n'}
[10.330845] (pico_kinova) StderrLine: {'line': b'\x1b[01m\x1b[K/home/rpp/Desktop/pico_kinova/pico_kinova/ur_rtde/include/ur_rtde/robot_state.h:\x1b[m\x1b[K In member function \xe2\x80\x98\x1b[01m\x1b[Kuint16_t ur_rtde::RobotState::SizeVisitor::operator()(double) const\x1b[m\x1b[K\xe2\x80\x99:\n'}
[10.330882] (pico_kinova) StderrLine: {'line': b'\x1b[01m\x1b[K/home/rpp/Desktop/pico_kinova/pico_kinova/ur_rtde/include/ur_rtde/robot_state.h:169:32:\x1b[m\x1b[K \x1b[01;35m\x1b[Kwarning: \x1b[m\x1b[Kunused parameter \xe2\x80\x98\x1b[01m\x1b[Kdouble_val\x1b[m\x1b[K\xe2\x80\x99 [\x1b[01;35m\x1b[K\x1b]8;;https://gcc.gnu.org/onlinedocs/gcc/Warning-Options.html#index-Wunused-parameter\x07-Wunused-parameter\x1b]8;;\x07\x1b[m\x1b[K]\n'}
[10.330927] (pico_kinova) StderrLine: {'line': b'  169 |     uint16_t operator()(\x1b[01;35m\x1b[Kdouble double_val\x1b[m\x1b[K) const\n'}
[10.330966] (pico_kinova) StderrLine: {'line': b'      |                         \x1b[01;35m\x1b[K~~~~~~~^~~~~~~~~~\x1b[m\x1b[K\n'}
[10.424133] (-) TimerEvent: {}
[10.524398] (-) TimerEvent: {}
[10.624640] (-) TimerEvent: {}
[10.724900] (-) TimerEvent: {}
[10.825184] (-) TimerEvent: {}
[10.925443] (-) TimerEvent: {}
[11.025680] (-) TimerEvent: {}
[11.125949] (-) TimerEvent: {}
[11.226202] (-) TimerEvent: {}
[11.326434] (-) TimerEvent: {}
[11.426681] (-) TimerEvent: {}
[11.526928] (-) TimerEvent: {}
[11.627169] (-) TimerEvent: {}
[11.727418] (-) TimerEvent: {}
[11.827648] (-) TimerEvent: {}
[11.927899] (-) TimerEvent: {}
[12.028121] (-) TimerEvent: {}
[12.128369] (-) TimerEvent: {}
[12.228553] (-) TimerEvent: {}
[12.328776] (-) TimerEvent: {}
[12.429028] (-) TimerEvent: {}
[12.495219] (pico_kinova) StderrLine: {'line': b'In file included from \x1b[01m\x1b[K/home/rpp/Desktop/pico_kinova/pico_kinova/include/common/KError.h:9\x1b[m\x1b[K,\n'}
[12.495392] (pico_kinova) StderrLine: {'line': b'                 from \x1b[01m\x1b[K/home/rpp/Desktop/pico_kinova/pico_kinova/include/client/IRouterClient.h:13\x1b[m\x1b[K,\n'}
[12.495443] (pico_kinova) StderrLine: {'line': b'                 from \x1b[01m\x1b[K/home/rpp/Desktop/pico_kinova/pico_kinova/include/client_stubs/BaseClientRpc.h:13\x1b[m\x1b[K,\n'}
[12.495491] (pico_kinova) StderrLine: {'line': b'                 from \x1b[01m\x1b[K/home/rpp/Desktop/pico_kinova/pico_kinova/src/pico_kinova.cpp:32\x1b[m\x1b[K:\n'}
[12.495530] (pico_kinova) StderrLine: {'line': b'\x1b[01m\x1b[K/home/rpp/Desktop/pico_kinova/pico_kinova/include/common/HeaderInfo.h:\x1b[m\x1b[K At global scope:\n'}
[12.495567] (pico_kinova) StderrLine: {'line': b'\x1b[01m\x1b[K/home/rpp/Desktop/pico_kinova/pico_kinova/include/common/HeaderInfo.h:15:9:\x1b[m\x1b[K \x1b[01;35m\x1b[Kwarning: \x1b[m\x1b[KISO C++ prohibits anonymous structs [\x1b[01;35m\x1b[K\x1b]8;;https://gcc.gnu.org/onlinedocs/gcc/Warning-Options.html#index-Wpedantic\x07-Wpedantic\x1b]8;;\x07\x1b[m\x1b[K]\n'}
[12.495607] (pico_kinova) StderrLine: {'line': b'   15 |         \x1b[01;35m\x1b[K{\x1b[m\x1b[K\n'}
[12.495657] (pico_kinova) StderrLine: {'line': b'      |         \x1b[01;35m\x1b[K^\x1b[m\x1b[K\n'}
[12.495694] (pico_kinova) StderrLine: {'line': b'\x1b[01m\x1b[K/home/rpp/Desktop/pico_kinova/pico_kinova/include/common/HeaderInfo.h:29:9:\x1b[m\x1b[K \x1b[01;35m\x1b[Kwarning: \x1b[m\x1b[KISO C++ prohibits anonymous structs [\x1b[01;35m\x1b[K\x1b]8;;https://gcc.gnu.org/onlinedocs/gcc/Warning-Options.html#index-Wpedantic\x07-Wpedantic\x1b]8;;\x07\x1b[m\x1b[K]\n'}
[12.495736] (pico_kinova) StderrLine: {'line': b'   29 |         \x1b[01;35m\x1b[K{\x1b[m\x1b[K\n'}
[12.495778] (pico_kinova) StderrLine: {'line': b'      |         \x1b[01;35m\x1b[K^\x1b[m\x1b[K\n'}
[12.495812] (pico_kinova) StderrLine: {'line': b'\x1b[01m\x1b[K/home/rpp/Desktop/pico_kinova/pico_kinova/include/common/HeaderInfo.h:39:9:\x1b[m\x1b[K \x1b[01;35m\x1b[Kwarning: \x1b[m\x1b[KISO C++ prohibits anonymous structs [\x1b[01;35m\x1b[K\x1b]8;;https://gcc.gnu.org/onlinedocs/gcc/Warning-Options.html#index-Wpedantic\x07-Wpedantic\x1b]8;;\x07\x1b[m\x1b[K]\n'}
[12.495848] (pico_kinova) StderrLine: {'line': b'   39 |         \x1b[01;35m\x1b[K{\x1b[m\x1b[K\n'}
[12.495884] (pico_kinova) StderrLine: {'line': b'      |         \x1b[01;35m\x1b[K^\x1b[m\x1b[K\n'}
[12.495919] (pico_kinova) StderrLine: {'line': b'\x1b[01m\x1b[K/home/rpp/Desktop/pico_kinova/pico_kinova/include/common/HeaderInfo.h:46:9:\x1b[m\x1b[K \x1b[01;35m\x1b[Kwarning: \x1b[m\x1b[KISO C++ prohibits anonymous structs [\x1b[01;35m\x1b[K\x1b]8;;https://gcc.gnu.org/onlinedocs/gcc/Warning-Options.html#index-Wpedantic\x07-Wpedantic\x1b]8;;\x07\x1b[m\x1b[K]\n'}
[12.495959] (pico_kinova) StderrLine: {'line': b'   46 |         \x1b[01;35m\x1b[K{\x1b[m\x1b[K\n'}
[12.495999] (pico_kinova) StderrLine: {'line': b'      |         \x1b[01;35m\x1b[K^\x1b[m\x1b[K\n'}
[12.496037] (pico_kinova) StderrLine: {'line': b'\x1b[01m\x1b[K/home/rpp/Desktop/pico_kinova/pico_kinova/include/common/HeaderInfo.h:55:9:\x1b[m\x1b[K \x1b[01;35m\x1b[Kwarning: \x1b[m\x1b[KISO C++ prohibits anonymous structs [\x1b[01;35m\x1b[K\x1b]8;;https://gcc.gnu.org/onlinedocs/gcc/Warning-Options.html#index-Wpedantic\x07-Wpedantic\x1b]8;;\x07\x1b[m\x1b[K]\n'}
[12.496072] (pico_kinova) StderrLine: {'line': b'   55 |         \x1b[01;35m\x1b[K{\x1b[m\x1b[K\n'}
[12.496107] (pico_kinova) StderrLine: {'line': b'      |         \x1b[01;35m\x1b[K^\x1b[m\x1b[K\n'}
[12.524055] (pico_kinova) StderrLine: {'line': b'In file included from \x1b[01m\x1b[K/home/rpp/Desktop/pico_kinova/pico_kinova/src/pico_kinova.cpp:32\x1b[m\x1b[K:\n'}
[12.524221] (pico_kinova) StderrLine: {'line': b'\x1b[01m\x1b[K/home/rpp/Desktop/pico_kinova/pico_kinova/include/client_stubs/BaseClientRpc.h:\x1b[m\x1b[K In member function \xe2\x80\x98\x1b[01m\x1b[Kvoid Kinova::Api::Base::BaseClient::messageHeaderValidation(const Kinova::Api::Frame&)\x1b[m\x1b[K\xe2\x80\x99:\n'}
[12.524296] (pico_kinova) StderrLine: {'line': b'\x1b[01m\x1b[K/home/rpp/Desktop/pico_kinova/pico_kinova/include/client_stubs/BaseClientRpc.h:764:67:\x1b[m\x1b[K \x1b[01;35m\x1b[Kwarning: \x1b[m\x1b[Kunused parameter \xe2\x80\x98\x1b[01m\x1b[KmsgFrame\x1b[m\x1b[K\xe2\x80\x99 [\x1b[01;35m\x1b[K\x1b]8;;https://gcc.gnu.org/onlinedocs/gcc/Warning-Options.html#index-Wunused-parameter\x07-Wunused-parameter\x1b]8;;\x07\x1b[m\x1b[K]\n'}
[12.524362] (pico_kinova) StderrLine: {'line': b'  764 |                         void messageHeaderValidation(\x1b[01;35m\x1b[Kconst Frame& msgFrame\x1b[m\x1b[K){ /* todogr ... */ }\n'}
[12.524423] (pico_kinova) StderrLine: {'line': b'      |                                                      \x1b[01;35m\x1b[K~~~~~~~~~~~~~^~~~~~~~\x1b[m\x1b[K\n'}
[12.529039] (pico_kinova) StderrLine: {'line': b'In file included from \x1b[01m\x1b[K/home/rpp/Desktop/pico_kinova/pico_kinova/include/client/SessionManager.h:13\x1b[m\x1b[K,\n'}
[12.529159] (-) TimerEvent: {}
[12.529242] (pico_kinova) StderrLine: {'line': b'                 from \x1b[01m\x1b[K/home/rpp/Desktop/pico_kinova/pico_kinova/src/pico_kinova.cpp:33\x1b[m\x1b[K:\n'}
[12.529318] (pico_kinova) StderrLine: {'line': b'\x1b[01m\x1b[K/home/rpp/Desktop/pico_kinova/pico_kinova/include/client_stubs/SessionClientRpc.h:\x1b[m\x1b[K In member function \xe2\x80\x98\x1b[01m\x1b[Kvoid Kinova::Api::Session::SessionClient::messageHeaderValidation(const Kinova::Api::Frame&)\x1b[m\x1b[K\xe2\x80\x99:\n'}
[12.529395] (pico_kinova) StderrLine: {'line': b'\x1b[01m\x1b[K/home/rpp/Desktop/pico_kinova/pico_kinova/include/client_stubs/SessionClientRpc.h:77:67:\x1b[m\x1b[K \x1b[01;35m\x1b[Kwarning: \x1b[m\x1b[Kunused parameter \xe2\x80\x98\x1b[01m\x1b[KmsgFrame\x1b[m\x1b[K\xe2\x80\x99 [\x1b[01;35m\x1b[K\x1b]8;;https://gcc.gnu.org/onlinedocs/gcc/Warning-Options.html#index-Wunused-parameter\x07-Wunused-parameter\x1b]8;;\x07\x1b[m\x1b[K]\n'}
[12.529467] (pico_kinova) StderrLine: {'line': b'   77 |                         void messageHeaderValidation(\x1b[01;35m\x1b[Kconst Frame& msgFrame\x1b[m\x1b[K){ /* todogr ... */ }\n'}
[12.529612] (pico_kinova) StderrLine: {'line': b'      |                                                      \x1b[01;35m\x1b[K~~~~~~~~~~~~~^~~~~~~~\x1b[m\x1b[K\n'}
[12.629246] (-) TimerEvent: {}
[12.729491] (-) TimerEvent: {}
[12.829737] (-) TimerEvent: {}
[12.929978] (-) TimerEvent: {}
[13.030197] (-) TimerEvent: {}
[13.078425] (pico_kinova) StderrLine: {'line': b'\x1b[01m\x1b[K/home/rpp/Desktop/pico_kinova/pico_kinova/src/pico_kinova.cpp:\x1b[m\x1b[K In function \xe2\x80\x98\x1b[01m\x1b[Kvoid OnPXREAClientCallback(void*, PXREAClientCallbackType, int, void*)\x1b[m\x1b[K\xe2\x80\x99:\n'}
[13.078577] (pico_kinova) StderrLine: {'line': b'\x1b[01m\x1b[K/home/rpp/Desktop/pico_kinova/pico_kinova/src/pico_kinova.cpp:430:12:\x1b[m\x1b[K \x1b[01;35m\x1b[Kwarning: \x1b[m\x1b[Kenumeration value \xe2\x80\x98\x1b[01m\x1b[KPXREAFullMask\x1b[m\x1b[K\xe2\x80\x99 not handled in switch [\x1b[01;35m\x1b[K\x1b]8;;https://gcc.gnu.org/onlinedocs/gcc/Warning-Options.html#index-Wswitch\x07-Wswitch\x1b]8;;\x07\x1b[m\x1b[K]\n'}
[13.078646] (pico_kinova) StderrLine: {'line': b'  430 |     switch \x1b[01;35m\x1b[K(\x1b[m\x1b[Ktype)\n'}
[13.078686] (pico_kinova) StderrLine: {'line': b'      |            \x1b[01;35m\x1b[K^\x1b[m\x1b[K\n'}
[13.078723] (pico_kinova) StderrLine: {'line': b'\x1b[01m\x1b[K/home/rpp/Desktop/pico_kinova/pico_kinova/src/pico_kinova.cpp:428:34:\x1b[m\x1b[K \x1b[01;35m\x1b[Kwarning: \x1b[m\x1b[Kunused parameter \xe2\x80\x98\x1b[01m\x1b[Kcontext\x1b[m\x1b[K\xe2\x80\x99 [\x1b[01;35m\x1b[K\x1b]8;;https://gcc.gnu.org/onlinedocs/gcc/Warning-Options.html#index-Wunused-parameter\x07-Wunused-parameter\x1b]8;;\x07\x1b[m\x1b[K]\n'}
[13.078761] (pico_kinova) StderrLine: {'line': b'  428 | void OnPXREAClientCallback(\x1b[01;35m\x1b[Kvoid* context\x1b[m\x1b[K, PXREAClientCallbackType type, int status, void* userData)\n'}
[13.078800] (pico_kinova) StderrLine: {'line': b'      |                            \x1b[01;35m\x1b[K~~~~~~^~~~~~~\x1b[m\x1b[K\n'}
[13.130279] (-) TimerEvent: {}
[13.230516] (-) TimerEvent: {}
[13.330756] (-) TimerEvent: {}
[13.431000] (-) TimerEvent: {}
[13.531363] (-) TimerEvent: {}
[13.631696] (-) TimerEvent: {}
[13.731912] (-) TimerEvent: {}
[13.832124] (-) TimerEvent: {}
[13.932370] (-) TimerEvent: {}
[14.032618] (-) TimerEvent: {}
[14.132877] (-) TimerEvent: {}
[14.233159] (-) TimerEvent: {}
[14.333439] (-) TimerEvent: {}
[14.433723] (-) TimerEvent: {}
[14.534035] (-) TimerEvent: {}
[14.634328] (-) TimerEvent: {}
[14.734626] (-) TimerEvent: {}
[14.834911] (-) TimerEvent: {}
[14.935213] (-) TimerEvent: {}
[15.035508] (-) TimerEvent: {}
[15.135746] (-) TimerEvent: {}
[15.235961] (-) TimerEvent: {}
[15.336184] (-) TimerEvent: {}
[15.436439] (-) TimerEvent: {}
[15.536658] (-) TimerEvent: {}
[15.636888] (-) TimerEvent: {}
[15.737114] (-) TimerEvent: {}
[15.837324] (-) TimerEvent: {}
[15.937542] (-) TimerEvent: {}
[16.037779] (-) TimerEvent: {}
[16.138052] (-) TimerEvent: {}
[16.238367] (-) TimerEvent: {}
[16.338656] (-) TimerEvent: {}
[16.438960] (-) TimerEvent: {}
[16.539245] (-) TimerEvent: {}
[16.639543] (-) TimerEvent: {}
[16.739836] (-) TimerEvent: {}
[16.840122] (-) TimerEvent: {}
[16.883942] (pico_kinova) StdoutLine: {'line': b'[100%] \x1b[32m\x1b[1mLinking CXX executable pico_kinova\x1b[0m\n'}
[16.940219] (-) TimerEvent: {}
[17.040514] (-) TimerEvent: {}
[17.140810] (-) TimerEvent: {}
[17.241151] (-) TimerEvent: {}
[17.341486] (-) TimerEvent: {}
[17.441795] (-) TimerEvent: {}
[17.542105] (-) TimerEvent: {}
[17.642437] (-) TimerEvent: {}
[17.742743] (-) TimerEvent: {}
[17.843048] (-) TimerEvent: {}
[17.943287] (-) TimerEvent: {}
[18.043544] (-) TimerEvent: {}
[18.143776] (-) TimerEvent: {}
[18.230110] (pico_kinova) StdoutLine: {'line': b'[100%] Built target pico_kinova\n'}
[18.243029] (pico_kinova) CommandEnded: {'returncode': 0}
[18.243622] (pico_kinova) JobProgress: {'identifier': 'pico_kinova', 'progress': 'install'}
[18.243896] (-) TimerEvent: {}
[18.252783] (pico_kinova) Command: {'cmd': ['/usr/bin/cmake', '--install', '/home/rpp/Desktop/pico_kinova/pico_kinova/build/pico_kinova'], 'cwd': '/home/rpp/Desktop/pico_kinova/pico_kinova/build/pico_kinova', 'env': OrderedDict([('LESSOPEN', '| /usr/bin/lesspipe %s'), ('PYTHONWARNINGS', 'ignore:setup.py install is deprecated'), ('CONDA_PROMPT_MODIFIER', '(kinova)'), ('__EGL_VENDOR_LIBRARY_DIRS', '/home/rpp/anaconda3/envs/kinova/share/glvnd/egl_vendor.d'), ('LANGUAGE', 'zh_CN:en_US:en'), ('USER', 'rpp'), ('SSH_CLIENT', '172.18.5.171 55402 22'), ('LC_TIME', 'zh_CN.UTF-8'), ('XDG_SESSION_TYPE', 'tty'), ('GIT_ASKPASS', '/home/rpp/.vscode-server/cli/servers/Stable-2901c5ac6db8a986a5666c3af51ff804d05af0d4/server/extensions/git/dist/askpass.sh'), ('SHLVL', '2'), ('LD_LIBRARY_PATH', '/home/rpp/Desktop/pico_kinova/pico_kinova/install/pico_kinova/lib:/home/rpp/3rdparty//TensorRT-10.9.0.34/lib:/usr/local/cuda-12.8/lib64:/usr/local/lib/:/home/rpp/3rdparty//TensorRT-10.9.0.34/lib:/usr/local/cuda-12.8/lib64:/home/rpp/rpp_ws/install/xf_voice/lib:/home/rpp/rpp_ws/install/xf_voice_msgs/lib:/home/rpp/rpp_ws/install/wheeltec_mic_ros2/lib:/home/rpp/rpp_ws/install/wheeltec_mic_msg/lib:/home/rpp/rpp_ws/install/slam_toolbox/lib:/home/rpp/rpp_ws/install/serial/lib:/home/rpp/rpp_ws/install/rpp_msgs/lib:/home/rpp/rpp_ws/install/rpp_driver/lib:/home/rpp/rpp_ws/install/nav2_smoother/lib:/home/rpp/rpp_ws/install/nav2_graceful_controller/lib:/home/rpp/rpp_ws/install/nav2_controller/lib:/home/rpp/rpp_ws/install/dwb_plugins/lib:/home/rpp/rpp_ws/install/dwb_critics/lib:/home/rpp/rpp_ws/install/dwb_core/lib:/home/rpp/rpp_ws/install/nav_2d_utils/lib:/home/rpp/rpp_ws/install/dwb_msgs/lib:/home/rpp/rpp_ws/install/nav_2d_msgs/lib:/home/rpp/rpp_ws/install/nav2_waypoint_follower/lib:/home/rpp/rpp_ws/install/nav2_theta_star_planner/lib:/home/rpp/rpp_ws/install/nav2_smac_planner/lib:/home/rpp/rpp_ws/install/nav2_rotation_shim_controller/lib:/home/rpp/rpp_ws/install/nav2_regulated_pure_pursuit_controller/lib:/home/rpp/rpp_ws/install/nav2_planner/lib:/home/rpp/rpp_ws/install/nav2_navfn_planner/lib:/home/rpp/rpp_ws/install/nav2_mppi_controller/lib:/home/rpp/rpp_ws/install/nav2_constrained_smoother/lib:/home/rpp/rpp_ws/install/nav2_bt_navigator/lib:/home/rpp/rpp_ws/install/nav2_behaviors/lib:/home/rpp/rpp_ws/install/nav2_collision_monitor/lib:/home/rpp/rpp_ws/install/costmap_queue/lib:/home/rpp/rpp_ws/install/nav2_costmap_2d/lib:/home/rpp/rpp_ws/install/nav2_voxel_grid/lib:/home/rpp/rpp_ws/install/nav2_velocity_smoother/lib:/home/rpp/rpp_ws/install/nav2_rviz_plugins/lib:/home/rpp/rpp_ws/install/nav2_map_server/lib:/home/rpp/rpp_ws/install/nav2_lifecycle_manager/lib:/home/rpp/rpp_ws/install/nav2_behavior_tree/lib:/home/rpp/rpp_ws/install/nav2_amcl/lib:/home/rpp/rpp_ws/install/nav2_util/lib:/home/rpp/rpp_ws/install/nav2_msgs/lib:/home/rpp/rpp_ws/install/motor_pitch_sdk/lib:/home/rpp/rpp_ws/install/motor_lift_sdk/lib:/home/rpp/rpp_ws/install/livox_ros_driver2/lib:/home/rpp/rpp_ws/install/kortex_driver/lib:/home/rpp/rpp_ws/install/ira_laser_tools/lib:/home/rpp/rpp_ws/install/interface/lib:/usr/lib/x86_64-linux-gnu/gazebo-11/plugins:/opt/ros/humble/opt/rviz_ogre_vendor/lib:/opt/ros/humble/lib/x86_64-linux-gnu:/opt/ros/humble/opt/openvdb_vendor/lib:/opt/ros/humble/lib:/usr/local/lib/::/home/rpp/.mujoco/mujoco-3.3.6/bin:/usr/lib/nvidia:/home/rpp/.mujoco/mujoco-3.3.6/bin:/usr/lib/nvidia'), ('BROWSER', '/home/rpp/.vscode-server/cli/servers/Stable-2901c5ac6db8a986a5666c3af51ff804d05af0d4/server/bin/helpers/browser.sh'), ('MOTD_SHOWN', 'pam'), ('HOME', '/home/rpp'), ('CONDA_SHLVL', '2'), ('OLDPWD', '/home/rpp/anaconda3/envs/kinova/bin'), ('TERM_PROGRAM_VERSION', '1.101.2'), ('VSCODE_IPC_HOOK_CLI', '/run/user/1000/vscode-ipc-4c44c30a-895b-4f23-aee9-42d1fdebe76b.sock'), ('ROS_PYTHON_VERSION', '3'), ('VSCODE_GIT_ASKPASS_MAIN', '/home/rpp/.vscode-server/cli/servers/Stable-2901c5ac6db8a986a5666c3af51ff804d05af0d4/server/extensions/git/dist/askpass-main.js'), ('LC_MONETARY', 'zh_CN.UTF-8'), ('VSCODE_GIT_ASKPASS_NODE', '/home/rpp/.vscode-server/cli/servers/Stable-2901c5ac6db8a986a5666c3af51ff804d05af0d4/server/node'), ('SSL_CERT_FILE', '/usr/lib/ssl/certs/ca-certificates.crt'), ('ROS_LOG_DIR', '/home/rpp/rpp_logs'), ('DBUS_SESSION_BUS_ADDRESS', 'unix:path=/run/user/1000/bus'), ('COLORTERM', 'truecolor'), ('_colcon_cd_root', '/opt/ros/humble'), ('COLCON_PREFIX_PATH', '/home/rpp/Desktop/pico_kinova/pico_kinova/install:/home/rpp/rpp_ws/install'), ('ROS_DISTRO', 'humble'), ('LOGNAME', 'rpp'), ('_', '/usr/bin/colcon'), ('ROS_VERSION', '2'), ('PKG_CONFIG_PATH', '/home/rpp/rpp_ws/install/rpp_driver/lib/x86_64-linux-gnu/pkgconfig:/home/rpp/rpp_ws/install/rpp_driver/lib/pkgconfig:/home/rpp/rpp_ws/install/motor_pitch_sdk/lib/x86_64-linux-gnu/pkgconfig:/home/rpp/rpp_ws/install/motor_pitch_sdk/lib/pkgconfig:/home/rpp/rpp_ws/install/motor_lift_sdk/lib/x86_64-linux-gnu/pkgconfig:/home/rpp/rpp_ws/install/motor_lift_sdk/lib/pkgconfig'), ('XDG_SESSION_CLASS', 'user'), ('TERM', 'xterm-256color'), ('XDG_SESSION_ID', '7'), ('ROS_LOCALHOST_ONLY', '1'), ('PATH', '/home/rpp/anaconda3/envs/kinova/bin:/usr/local/cuda-12.8/bin:/home/rpp/rpp_tools/rpp_easy_tools/gen_bin:/home/rpp/.vscode-server/cli/servers/Stable-2901c5ac6db8a986a5666c3af51ff804d05af0d4/server/bin/remote-cli:/home/rpp/.local/bin:/home/rpp/anaconda3/condabin:/usr/local/cuda-12.8/bin:/home/rpp/rpp_ws/install/rpp_driver/bin:/home/rpp/rpp_ws/install/motor_pitch_sdk/bin:/home/rpp/rpp_ws/install/motor_lift_sdk/bin:/opt/ros/humble/bin:/home/rpp/rpp_tools/rpp_easy_tools/gen_bin:/home/rpp/.local/bin:/usr/local/sbin:/usr/local/bin:/usr/sbin:/usr/bin:/sbin:/bin:/usr/games:/usr/local/games:/snap/bin:/home/rpp/.vscode-server/data/User/globalStorage/github.copilot-chat/debugCommand'), ('PAPERSIZE', 'a4'), ('LC_ADDRESS', 'zh_CN.UTF-8'), ('XDG_RUNTIME_DIR', '/run/user/1000'), ('SSL_CERT_DIR', '/usr/lib/ssl/certs'), ('LANG', 'zh_CN.UTF-8'), ('LC_TELEPHONE', 'zh_CN.UTF-8'), ('CONDA_PREFIX_1', '/home/rpp/anaconda3'), ('LS_COLORS', 'rs=0:di=01;34:ln=01;36:mh=00:pi=40;33:so=01;35:do=01;35:bd=40;33;01:cd=40;33;01:or=40;31;01:mi=00:su=37;41:sg=30;43:ca=30;41:tw=30;42:ow=34;42:st=37;44:ex=01;32:*.tar=01;31:*.tgz=01;31:*.arc=01;31:*.arj=01;31:*.taz=01;31:*.lha=01;31:*.lz4=01;31:*.lzh=01;31:*.lzma=01;31:*.tlz=01;31:*.txz=01;31:*.tzo=01;31:*.t7z=01;31:*.zip=01;31:*.z=01;31:*.dz=01;31:*.gz=01;31:*.lrz=01;31:*.lz=01;31:*.lzo=01;31:*.xz=01;31:*.zst=01;31:*.tzst=01;31:*.bz2=01;31:*.bz=01;31:*.tbz=01;31:*.tbz2=01;31:*.tz=01;31:*.deb=01;31:*.rpm=01;31:*.jar=01;31:*.war=01;31:*.ear=01;31:*.sar=01;31:*.rar=01;31:*.alz=01;31:*.ace=01;31:*.zoo=01;31:*.cpio=01;31:*.7z=01;31:*.rz=01;31:*.cab=01;31:*.wim=01;31:*.swm=01;31:*.dwm=01;31:*.esd=01;31:*.jpg=01;35:*.jpeg=01;35:*.mjpg=01;35:*.mjpeg=01;35:*.gif=01;35:*.bmp=01;35:*.pbm=01;35:*.pgm=01;35:*.ppm=01;35:*.tga=01;35:*.xbm=01;35:*.xpm=01;35:*.tif=01;35:*.tiff=01;35:*.png=01;35:*.svg=01;35:*.svgz=01;35:*.mng=01;35:*.pcx=01;35:*.mov=01;35:*.mpg=01;35:*.mpeg=01;35:*.m2v=01;35:*.mkv=01;35:*.webm=01;35:*.webp=01;35:*.ogm=01;35:*.mp4=01;35:*.m4v=01;35:*.mp4v=01;35:*.vob=01;35:*.qt=01;35:*.nuv=01;35:*.wmv=01;35:*.asf=01;35:*.rm=01;35:*.rmvb=01;35:*.flc=01;35:*.avi=01;35:*.fli=01;35:*.flv=01;35:*.gl=01;35:*.dl=01;35:*.xcf=01;35:*.xwd=01;35:*.yuv=01;35:*.cgm=01;35:*.emf=01;35:*.ogv=01;35:*.ogx=01;35:*.aac=00;36:*.au=00;36:*.flac=00;36:*.m4a=00;36:*.mid=00;36:*.midi=00;36:*.mka=00;36:*.mp3=00;36:*.mpc=00;36:*.ogg=00;36:*.ra=00;36:*.wav=00;36:*.oga=00;36:*.opus=00;36:*.spx=00;36:*.xspf=00;36:'), ('VSCODE_GIT_IPC_HANDLE', '/run/user/1000/vscode-git-8a85f87516.sock'), ('TERM_PROGRAM', 'vscode'), ('GSETTINGS_SCHEMA_DIR', '/home/rpp/anaconda3/envs/kinova/share/glib-2.0/schemas'), ('ROS_DOMAIN_ID', '0'), ('AMENT_PREFIX_PATH', '/home/rpp/Desktop/pico_kinova/pico_kinova/install/pico_kinova:/home/rpp/rpp_ws/install/xf_voice:/home/rpp/rpp_ws/install/xf_voice_msgs:/home/rpp/rpp_ws/install/wheeltec_mic_ros2:/home/rpp/rpp_ws/install/wheeltec_mic_msg:/home/rpp/rpp_ws/install/nav2_system_tests:/home/rpp/rpp_ws/install/nav2_bringup:/home/rpp/rpp_ws/install/slam_toolbox:/home/rpp/rpp_ws/install/slam_3d:/home/rpp/rpp_ws/install/slam_2d:/home/rpp/rpp_ws/install/setting_info:/home/rpp/rpp_ws/install/serial:/home/rpp/rpp_ws/install/rpp_ros_driver:/home/rpp/rpp_ws/install/rpp_msgs:/home/rpp/rpp_ws/install/robot_bringup:/home/rpp/rpp_ws/install/pymoveit2:/home/rpp/rpp_ws/install/pgo:/home/rpp/rpp_ws/install/navigation_2d:/home/rpp/rpp_ws/install/navigation2:/home/rpp/rpp_ws/install/nav2_smoother:/home/rpp/rpp_ws/install/nav2_graceful_controller:/home/rpp/rpp_ws/install/nav2_dwb_controller:/home/rpp/rpp_ws/install/nav2_controller:/home/rpp/rpp_ws/install/dwb_plugins:/home/rpp/rpp_ws/install/dwb_critics:/home/rpp/rpp_ws/install/dwb_core:/home/rpp/rpp_ws/install/nav_2d_utils:/home/rpp/rpp_ws/install/dwb_msgs:/home/rpp/rpp_ws/install/nav_2d_msgs:/home/rpp/rpp_ws/install/nav2_waypoint_follower:/home/rpp/rpp_ws/install/nav2_theta_star_planner:/home/rpp/rpp_ws/install/nav2_smac_planner:/home/rpp/rpp_ws/install/nav2_rotation_shim_controller:/home/rpp/rpp_ws/install/nav2_regulated_pure_pursuit_controller:/home/rpp/rpp_ws/install/nav2_planner:/home/rpp/rpp_ws/install/nav2_navfn_planner:/home/rpp/rpp_ws/install/nav2_mppi_controller:/home/rpp/rpp_ws/install/nav2_constrained_smoother:/home/rpp/rpp_ws/install/nav2_bt_navigator:/home/rpp/rpp_ws/install/nav2_behaviors:/home/rpp/rpp_ws/install/nav2_core:/home/rpp/rpp_ws/install/nav2_collision_monitor:/home/rpp/rpp_ws/install/costmap_queue:/home/rpp/rpp_ws/install/nav2_costmap_2d:/home/rpp/rpp_ws/install/nav2_voxel_grid:/home/rpp/rpp_ws/install/nav2_velocity_smoother:/home/rpp/rpp_ws/install/nav2_rviz_plugins:/home/rpp/rpp_ws/install/nav2_map_server:/home/rpp/rpp_ws/install/nav2_lifecycle_manager:/home/rpp/rpp_ws/install/nav2_behavior_tree:/home/rpp/rpp_ws/install/nav2_amcl:/home/rpp/rpp_ws/install/nav2_util:/home/rpp/rpp_ws/install/nav2_simple_commander:/home/rpp/rpp_ws/install/nav2_msgs:/home/rpp/rpp_ws/install/nav2_common:/home/rpp/rpp_ws/install/my_moveit_control:/home/rpp/rpp_ws/install/moveit_control:/home/rpp/rpp_ws/install/moveit2_control_demo:/home/rpp/rpp_ws/install/motor_pitch_ros:/home/rpp/rpp_ws/install/motor_lift_ros:/home/rpp/rpp_ws/install/localizer:/home/rpp/rpp_ws/install/lidar_clipping:/home/rpp/rpp_ws/install/fastlio2:/home/rpp/rpp_ws/install/livox_ros_driver2:/home/rpp/rpp_ws/install/gui_control:/home/rpp/rpp_ws/install/graphic_display:/home/rpp/rpp_ws/install/linker_hand_ros2_sdk:/home/rpp/rpp_ws/install/lakibeam1:/home/rpp/rpp_ws/install/kortex_bringup:/home/rpp/rpp_ws/install/kortex_driver:/home/rpp/rpp_ws/install/kinova_gen3_lite_moveit_config:/home/rpp/rpp_ws/install/kinova_gen3_7dof_robotiq_2f_85_moveit_config:/home/rpp/rpp_ws/install/kinova_gen3_6dof_robotiq_2f_85_moveit_config:/home/rpp/rpp_ws/install/kortex_description:/home/rpp/rpp_ws/install/kortex_api:/home/rpp/rpp_ws/install/ira_laser_tools:/home/rpp/rpp_ws/install/hba:/home/rpp/rpp_ws/install/interface:/home/rpp/rpp_ws/install/ea200_moveit_config:/home/rpp/rpp_ws/install/ea200_description:/home/rpp/rpp_ws/install/dual_arm_cartesian_control:/home/rpp/rpp_ws/install/dual_arm_bt_control:/home/rpp/rpp_ws/install/cr100_description:/home/rpp/rpp_ws/install/bt_task_manager_ros2:/opt/ros/humble'), ('CONDA_PYTHON_EXE', '/home/rpp/anaconda3/bin/python'), ('SHELL', '/bin/bash'), ('LC_NAME', 'zh_CN.UTF-8'), ('LESSCLOSE', '/usr/bin/lesspipe %s %s'), ('CONDA_DEFAULT_ENV', 'kinova'), ('LC_MEASUREMENT', 'zh_CN.UTF-8'), ('LC_IDENTIFICATION', 'zh_CN.UTF-8'), ('VSCODE_GIT_ASKPASS_EXTRA_ARGS', ''), ('PWD', '/home/rpp/Desktop/pico_kinova/pico_kinova/build/pico_kinova'), ('LC_ALL', 'en_US.UTF-8'), ('CONDA_EXE', '/home/rpp/anaconda3/bin/conda'), ('SSH_CONNECTION', '172.18.5.171 55402 172.18.5.109 22'), ('XDG_DATA_DIRS', '/usr/share/gnome:/usr/local/share:/usr/share:/var/lib/snapd/desktop'), ('PYTHONPATH', '/home/rpp/rpp_ws/install/xf_voice_msgs/local/lib/python3.10/dist-packages:/home/rpp/rpp_ws/install/wheeltec_mic_msg/local/lib/python3.10/dist-packages:/home/rpp/rpp_ws/install/slam_toolbox/local/lib/python3.10/dist-packages:/home/rpp/rpp_ws/install/setting_info/lib/python3.10/site-packages:/home/rpp/rpp_ws/install/rpp_msgs/local/lib/python3.10/dist-packages:/home/rpp/rpp_ws/install/pymoveit2/local/lib/python3.10/dist-packages:/home/rpp/rpp_ws/install/dwb_msgs/local/lib/python3.10/dist-packages:/home/rpp/rpp_ws/install/nav_2d_msgs/local/lib/python3.10/dist-packages:/home/rpp/rpp_ws/install/nav2_simple_commander/lib/python3.10/site-packages:/home/rpp/rpp_ws/install/nav2_msgs/local/lib/python3.10/dist-packages:/home/rpp/rpp_ws/install/nav2_common/local/lib/python3.10/dist-packages:/home/rpp/rpp_ws/build/my_moveit_control:/home/rpp/rpp_ws/install/my_moveit_control/lib/python3.10/site-packages:/home/rpp/rpp_ws/build/moveit_control:/home/rpp/rpp_ws/install/moveit_control/lib/python3.10/site-packages:/home/rpp/rpp_ws/install/livox_ros_driver2/local/lib/python3.10/dist-packages:/home/rpp/rpp_ws/install/gui_control/lib/python3.10/site-packages:/home/rpp/rpp_ws/install/graphic_display/lib/python3.10/site-packages:/home/rpp/rpp_ws/install/linker_hand_ros2_sdk/lib/python3.10/site-packages:/home/rpp/rpp_ws/install/interface/local/lib/python3.10/dist-packages:/home/rpp/rpp_ws/install/dual_arm_cartesian_control/lib/python3.10/site-packages:/home/rpp/rpp_ws/install/dual_arm_bt_control/lib/python3.10/site-packages:/home/rpp/rpp_ws/install/bt_task_manager_ros2/lib/python3.10/site-packages:/opt/ros/humble/lib/python3.10/site-packages:/opt/ros/humble/local/lib/python3.10/dist-packages'), ('LC_NUMERIC', 'zh_CN.UTF-8'), ('CONDA_PREFIX', '/home/rpp/anaconda3/envs/kinova'), ('GSETTINGS_SCHEMA_DIR_CONDA_BACKUP', ''), ('LC_PAPER', 'zh_CN.UTF-8'), ('COLCON', '1'), ('SCRIPT_ROOT_PATH', '/home/rpp/rpp_tools/rpp_easy_tools/robotplusplus_deploy_tool'), ('CMAKE_PREFIX_PATH', '/home/rpp/Desktop/pico_kinova/pico_kinova/install/pico_kinova:/home/rpp/rpp_ws/install/xf_voice:/home/rpp/rpp_ws/install/xf_voice_msgs:/home/rpp/rpp_ws/install/wheeltec_mic_ros2:/home/rpp/rpp_ws/install/wheeltec_mic_msg:/home/rpp/rpp_ws/install/nav2_system_tests:/home/rpp/rpp_ws/install/nav2_bringup:/home/rpp/rpp_ws/install/slam_toolbox:/home/rpp/rpp_ws/install/slam_3d:/home/rpp/rpp_ws/install/slam_2d:/home/rpp/rpp_ws/install/serial:/home/rpp/rpp_ws/install/rpp_ros_driver:/home/rpp/rpp_ws/install/rpp_msgs:/home/rpp/rpp_ws/install/rpp_driver:/home/rpp/rpp_ws/install/robot_bringup:/home/rpp/rpp_ws/install/pymoveit2:/home/rpp/rpp_ws/install/pgo:/home/rpp/rpp_ws/install/navigation_2d:/home/rpp/rpp_ws/install/navigation2:/home/rpp/rpp_ws/install/nav2_smoother:/home/rpp/rpp_ws/install/nav2_graceful_controller:/home/rpp/rpp_ws/install/nav2_dwb_controller:/home/rpp/rpp_ws/install/nav2_controller:/home/rpp/rpp_ws/install/dwb_plugins:/home/rpp/rpp_ws/install/dwb_critics:/home/rpp/rpp_ws/install/dwb_core:/home/rpp/rpp_ws/install/nav_2d_utils:/home/rpp/rpp_ws/install/dwb_msgs:/home/rpp/rpp_ws/install/nav_2d_msgs:/home/rpp/rpp_ws/install/nav2_waypoint_follower:/home/rpp/rpp_ws/install/nav2_theta_star_planner:/home/rpp/rpp_ws/install/nav2_smac_planner:/home/rpp/rpp_ws/install/nav2_rotation_shim_controller:/home/rpp/rpp_ws/install/nav2_regulated_pure_pursuit_controller:/home/rpp/rpp_ws/install/nav2_planner:/home/rpp/rpp_ws/install/nav2_navfn_planner:/home/rpp/rpp_ws/install/nav2_mppi_controller:/home/rpp/rpp_ws/install/nav2_constrained_smoother:/home/rpp/rpp_ws/install/nav2_bt_navigator:/home/rpp/rpp_ws/install/nav2_behaviors:/home/rpp/rpp_ws/install/nav2_core:/home/rpp/rpp_ws/install/nav2_collision_monitor:/home/rpp/rpp_ws/install/costmap_queue:/home/rpp/rpp_ws/install/nav2_costmap_2d:/home/rpp/rpp_ws/install/nav2_voxel_grid:/home/rpp/rpp_ws/install/nav2_velocity_smoother:/home/rpp/rpp_ws/install/nav2_rviz_plugins:/home/rpp/rpp_ws/install/nav2_map_server:/home/rpp/rpp_ws/install/nav2_lifecycle_manager:/home/rpp/rpp_ws/install/nav2_behavior_tree:/home/rpp/rpp_ws/install/nav2_amcl:/home/rpp/rpp_ws/install/nav2_util:/home/rpp/rpp_ws/install/nav2_msgs:/home/rpp/rpp_ws/install/nav2_common:/home/rpp/rpp_ws/install/moveit2_control_demo:/home/rpp/rpp_ws/install/motor_pitch_ros:/home/rpp/rpp_ws/install/motor_pitch_sdk:/home/rpp/rpp_ws/install/motor_lift_ros:/home/rpp/rpp_ws/install/motor_lift_sdk:/home/rpp/rpp_ws/install/localizer:/home/rpp/rpp_ws/install/lidar_clipping:/home/rpp/rpp_ws/install/fastlio2:/home/rpp/rpp_ws/install/livox_ros_driver2:/home/rpp/rpp_ws/install/lakibeam1:/home/rpp/rpp_ws/install/kortex_bringup:/home/rpp/rpp_ws/install/kortex_driver:/home/rpp/rpp_ws/install/kinova_gen3_lite_moveit_config:/home/rpp/rpp_ws/install/kinova_gen3_7dof_robotiq_2f_85_moveit_config:/home/rpp/rpp_ws/install/kinova_gen3_6dof_robotiq_2f_85_moveit_config:/home/rpp/rpp_ws/install/kortex_description:/home/rpp/rpp_ws/install/kortex_api:/home/rpp/rpp_ws/install/ira_laser_tools:/home/rpp/rpp_ws/install/hba:/home/rpp/rpp_ws/install/interface:/home/rpp/rpp_ws/install/ea200_moveit_config:/home/rpp/rpp_ws/install/ea200_description:/home/rpp/rpp_ws/install/cr100_description:/home/rpp/rpp_ws/install/setting_info:/home/rpp/rpp_ws/install/nav2_simple_commander:/home/rpp/rpp_ws/install/my_moveit_control:/home/rpp/rpp_ws/install/moveit_control:/home/rpp/rpp_ws/install/gui_control:/home/rpp/rpp_ws/install/graphic_display:/home/rpp/rpp_ws/install/linker_hand_ros2_sdk:/home/rpp/rpp_ws/install/dual_arm_cartesian_control:/home/rpp/rpp_ws/install/dual_arm_bt_control:/home/rpp/rpp_ws/install/bt_task_manager_ros2:/opt/ros/humble'), ('MUJOCO_KEY_PATH', '/home/rpp/.mujoco/home/rpp/.mujoco')]), 'shell': False}
[18.260506] (pico_kinova) StdoutLine: {'line': b'-- Install configuration: ""\n'}
[18.261445] (pico_kinova) StdoutLine: {'line': b'-- Execute custom install script\n'}
[18.261716] (pico_kinova) StdoutLine: {'line': b'-- Up-to-date symlink: /home/rpp/Desktop/pico_kinova/pico_kinova/install/pico_kinova/lib/pico_kinova/pico_kinova\n'}
[18.261848] (pico_kinova) StdoutLine: {'line': b'-- Up-to-date symlink: /home/rpp/Desktop/pico_kinova/pico_kinova/install/pico_kinova/share/ament_index/resource_index/package_run_dependencies/pico_kinova\n'}
[18.261971] (pico_kinova) StdoutLine: {'line': b'-- Up-to-date symlink: /home/rpp/Desktop/pico_kinova/pico_kinova/install/pico_kinova/share/ament_index/resource_index/parent_prefix_path/pico_kinova\n'}
[18.262059] (pico_kinova) StdoutLine: {'line': b'-- Up-to-date symlink: /home/rpp/Desktop/pico_kinova/pico_kinova/install/pico_kinova/share/pico_kinova/environment/ament_prefix_path.sh\n'}
[18.262148] (pico_kinova) StdoutLine: {'line': b'-- Up-to-date symlink: /home/rpp/Desktop/pico_kinova/pico_kinova/install/pico_kinova/share/pico_kinova/environment/ament_prefix_path.dsv\n'}
[18.262229] (pico_kinova) StdoutLine: {'line': b'-- Up-to-date symlink: /home/rpp/Desktop/pico_kinova/pico_kinova/install/pico_kinova/share/pico_kinova/environment/path.sh\n'}
[18.262430] (pico_kinova) StdoutLine: {'line': b'-- Up-to-date symlink: /home/rpp/Desktop/pico_kinova/pico_kinova/install/pico_kinova/share/pico_kinova/environment/path.dsv\n'}
[18.262528] (pico_kinova) StdoutLine: {'line': b'-- Up-to-date symlink: /home/rpp/Desktop/pico_kinova/pico_kinova/install/pico_kinova/share/pico_kinova/local_setup.bash\n'}
[18.262609] (pico_kinova) StdoutLine: {'line': b'-- Up-to-date symlink: /home/rpp/Desktop/pico_kinova/pico_kinova/install/pico_kinova/share/pico_kinova/local_setup.sh\n'}
[18.262684] (pico_kinova) StdoutLine: {'line': b'-- Up-to-date symlink: /home/rpp/Desktop/pico_kinova/pico_kinova/install/pico_kinova/share/pico_kinova/local_setup.zsh\n'}
[18.262756] (pico_kinova) StdoutLine: {'line': b'-- Up-to-date symlink: /home/rpp/Desktop/pico_kinova/pico_kinova/install/pico_kinova/share/pico_kinova/local_setup.dsv\n'}
[18.262845] (pico_kinova) StdoutLine: {'line': b'-- Symlinking: /home/rpp/Desktop/pico_kinova/pico_kinova/install/pico_kinova/share/pico_kinova/package.dsv\n'}
[18.273723] (pico_kinova) StdoutLine: {'line': b'-- Up-to-date symlink: /home/rpp/Desktop/pico_kinova/pico_kinova/install/pico_kinova/share/ament_index/resource_index/packages/pico_kinova\n'}
[18.273950] (pico_kinova) StdoutLine: {'line': b'-- Up-to-date symlink: /home/rpp/Desktop/pico_kinova/pico_kinova/install/pico_kinova/share/pico_kinova/cmake/pico_kinovaConfig.cmake\n'}
[18.274063] (pico_kinova) StdoutLine: {'line': b'-- Up-to-date symlink: /home/rpp/Desktop/pico_kinova/pico_kinova/install/pico_kinova/share/pico_kinova/cmake/pico_kinovaConfig-version.cmake\n'}
[18.274166] (pico_kinova) StdoutLine: {'line': b'-- Up-to-date symlink: /home/rpp/Desktop/pico_kinova/pico_kinova/install/pico_kinova/share/pico_kinova/package.xml\n'}
[18.274278] (pico_kinova) StdoutLine: {'line': b'-- Installing: /home/rpp/Desktop/pico_kinova/pico_kinova/install/pico_kinova/lib/librtde.so.1.6.0\n'}
[18.286222] (pico_kinova) StdoutLine: {'line': b'-- Up-to-date: /home/rpp/Desktop/pico_kinova/pico_kinova/install/pico_kinova/lib/librtde.so.1.6\n'}
[18.286533] (pico_kinova) StdoutLine: {'line': b'-- Up-to-date: /home/rpp/Desktop/pico_kinova/pico_kinova/install/pico_kinova/lib/librtde.so\n'}
[18.286633] (pico_kinova) StdoutLine: {'line': b'-- Up-to-date: /home/rpp/Desktop/pico_kinova/pico_kinova/install/pico_kinova/include/ur_rtde/rtde.h\n'}
[18.286714] (pico_kinova) StdoutLine: {'line': b'-- Up-to-date: /home/rpp/Desktop/pico_kinova/pico_kinova/install/pico_kinova/include/ur_rtde/rtde_utility.h\n'}
[18.286779] (pico_kinova) StdoutLine: {'line': b'-- Up-to-date: /home/rpp/Desktop/pico_kinova/pico_kinova/install/pico_kinova/include/ur_rtde/dashboard_enums.h\n'}
[18.286968] (pico_kinova) StdoutLine: {'line': b'-- Up-to-date: /home/rpp/Desktop/pico_kinova/pico_kinova/install/pico_kinova/include/ur_rtde/dashboard_client.h\n'}
[18.287032] (pico_kinova) StdoutLine: {'line': b'-- Up-to-date: /home/rpp/Desktop/pico_kinova/pico_kinova/install/pico_kinova/include/ur_rtde/robot_state.h\n'}
[18.287079] (pico_kinova) StdoutLine: {'line': b'-- Up-to-date: /home/rpp/Desktop/pico_kinova/pico_kinova/install/pico_kinova/include/ur_rtde/script_client.h\n'}
[18.287119] (pico_kinova) StdoutLine: {'line': b'-- Up-to-date: /home/rpp/Desktop/pico_kinova/pico_kinova/install/pico_kinova/include/ur_rtde/rtde_control_interface.h\n'}
[18.287157] (pico_kinova) StdoutLine: {'line': b'-- Up-to-date: /home/rpp/Desktop/pico_kinova/pico_kinova/install/pico_kinova/include/ur_rtde/rtde_control_interface_doc.h\n'}
[18.287196] (pico_kinova) StdoutLine: {'line': b'-- Up-to-date: /home/rpp/Desktop/pico_kinova/pico_kinova/install/pico_kinova/include/ur_rtde/rtde_receive_interface.h\n'}
[18.287233] (pico_kinova) StdoutLine: {'line': b'-- Up-to-date: /home/rpp/Desktop/pico_kinova/pico_kinova/install/pico_kinova/include/ur_rtde/rtde_receive_interface_doc.h\n'}
[18.287270] (pico_kinova) StdoutLine: {'line': b'-- Up-to-date: /home/rpp/Desktop/pico_kinova/pico_kinova/install/pico_kinova/include/ur_rtde/rtde_io_interface.h\n'}
[18.287315] (pico_kinova) StdoutLine: {'line': b'-- Up-to-date: /home/rpp/Desktop/pico_kinova/pico_kinova/install/pico_kinova/include/ur_rtde/rtde_io_interface_doc.h\n'}
[18.287352] (pico_kinova) StdoutLine: {'line': b'-- Up-to-date: /home/rpp/Desktop/pico_kinova/pico_kinova/install/pico_kinova/include/ur_rtde/robotiq_gripper.h\n'}
[18.287395] (pico_kinova) StdoutLine: {'line': b'-- Up-to-date: /home/rpp/Desktop/pico_kinova/pico_kinova/install/pico_kinova/include/ur_rtde/rtde_export.h\n'}
[18.287441] (pico_kinova) StdoutLine: {'line': b'-- Up-to-date: /home/rpp/Desktop/pico_kinova/pico_kinova/install/pico_kinova/include/urcl/log.h\n'}
[18.287484] (pico_kinova) StdoutLine: {'line': b'-- Up-to-date: /home/rpp/Desktop/pico_kinova/pico_kinova/install/pico_kinova/include/urcl/default_log_handler.h\n'}
[18.287561] (pico_kinova) StdoutLine: {'line': b'-- Up-to-date: /home/rpp/Desktop/pico_kinova/pico_kinova/install/pico_kinova/include/urcl/script_sender.h\n'}
[18.287684] (pico_kinova) StdoutLine: {'line': b'-- Up-to-date: /home/rpp/Desktop/pico_kinova/pico_kinova/install/pico_kinova/include/urcl/tcp_server.h\n'}
[18.287901] (pico_kinova) StdoutLine: {'line': b'-- Up-to-date: /home/rpp/Desktop/pico_kinova/pico_kinova/install/pico_kinova/include/urcl/tcp_socket.h\n'}
[18.288369] (pico_kinova) StdoutLine: {'line': b'-- Up-to-date: /home/rpp/Desktop/pico_kinova/pico_kinova/install/pico_kinova/lib/cmake/ur_rtde/ur_rtdeTargets.cmake\n'}
[18.288638] (pico_kinova) StdoutLine: {'line': b'-- Up-to-date: /home/rpp/Desktop/pico_kinova/pico_kinova/install/pico_kinova/lib/cmake/ur_rtde/ur_rtdeTargets-noconfig.cmake\n'}
[18.288697] (pico_kinova) StdoutLine: {'line': b'-- Up-to-date: /home/rpp/Desktop/pico_kinova/pico_kinova/install/pico_kinova/lib/cmake/ur_rtde/ur_rtdeConfig.cmake\n'}
[18.288751] (pico_kinova) StdoutLine: {'line': b'-- Up-to-date: /home/rpp/Desktop/pico_kinova/pico_kinova/install/pico_kinova/lib/cmake/ur_rtde/ur_rtdeConfigVersion.cmake\n'}
[18.288883] (pico_kinova) StdoutLine: {'line': b'-- Up-to-date: /home/rpp/Desktop/pico_kinova/pico_kinova/install/pico_kinova/lib/cmake/ur_rtde/ur_rtdeBuildConfig.cmake\n'}
[18.288971] (pico_kinova) CommandEnded: {'returncode': 0}
[18.301947] (pico_kinova) JobEnded: {'identifier': 'pico_kinova', 'rc': 0}
[18.302874] (-) EventReactorShutdown: {}
