[0.000000] (-) TimerEvent: {}
[0.000357] (pico_kinova) JobQueued: {'identifier': 'pico_kinova', 'dependencies': OrderedDict()}
[0.000540] (pico_kinova) JobStarted: {'identifier': 'pico_kinova'}
[0.012382] (pico_kinova) JobProgress: {'identifier': 'pico_kinova', 'progress': 'cmake'}
[0.013087] (pico_kinova) JobProgress: {'identifier': 'pico_kinova', 'progress': 'build'}
[0.013844] (pico_kinova) Command: {'cmd': ['/usr/bin/cmake', '--build', '/home/rpp/Desktop/pico_kinova/pico_kinova/build/pico_kinova', '--', '-j24', '-l24'], 'cwd': '/home/rpp/Desktop/pico_kinova/pico_kinova/build/pico_kinova', 'env': OrderedDict([('LESSOPEN', '| /usr/bin/lesspipe %s'), ('PYTHONWARNINGS', 'ignore:setup.py install is deprecated'), ('CONDA_PROMPT_MODIFIER', '(base)'), ('LANGUAGE', 'zh_CN:en_US:en'), ('USER', 'rpp'), ('LC_TIME', 'zh_CN.UTF-8'), ('XDG_SESSION_TYPE', 'x11'), ('GIT_ASKPASS', '/usr/share/code/resources/app/extensions/git/dist/askpass.sh'), ('SHLVL', '2'), ('LD_LIBRARY_PATH', '/home/rpp/Desktop/pico_kinova/pico_kinova/install/pico_kinova/lib:/home/rpp/3rdparty//TensorRT-10.9.0.34/lib:/usr/local/cuda-12.8/lib64:/usr/local/lib/:/home/rpp/3rdparty//TensorRT-10.9.0.34/lib:/usr/local/cuda-12.8/lib64:/home/rpp/rpp_ws/install/xf_voice/lib:/home/rpp/rpp_ws/install/xf_voice_msgs/lib:/home/rpp/rpp_ws/install/wheeltec_mic_ros2/lib:/home/rpp/rpp_ws/install/wheeltec_mic_msg/lib:/home/rpp/rpp_ws/install/slam_toolbox/lib:/home/rpp/rpp_ws/install/serial/lib:/home/rpp/rpp_ws/install/rpp_msgs/lib:/home/rpp/rpp_ws/install/rpp_driver/lib:/home/rpp/rpp_ws/install/pico_kinova/lib:/home/rpp/rpp_ws/install/nav2_smoother/lib:/home/rpp/rpp_ws/install/nav2_graceful_controller/lib:/home/rpp/rpp_ws/install/nav2_controller/lib:/home/rpp/rpp_ws/install/dwb_plugins/lib:/home/rpp/rpp_ws/install/dwb_critics/lib:/home/rpp/rpp_ws/install/dwb_core/lib:/home/rpp/rpp_ws/install/nav_2d_utils/lib:/home/rpp/rpp_ws/install/dwb_msgs/lib:/home/rpp/rpp_ws/install/nav_2d_msgs/lib:/home/rpp/rpp_ws/install/nav2_waypoint_follower/lib:/home/rpp/rpp_ws/install/nav2_theta_star_planner/lib:/home/rpp/rpp_ws/install/nav2_smac_planner/lib:/home/rpp/rpp_ws/install/nav2_rotation_shim_controller/lib:/home/rpp/rpp_ws/install/nav2_regulated_pure_pursuit_controller/lib:/home/rpp/rpp_ws/install/nav2_planner/lib:/home/rpp/rpp_ws/install/nav2_navfn_planner/lib:/home/rpp/rpp_ws/install/nav2_mppi_controller/lib:/home/rpp/rpp_ws/install/nav2_constrained_smoother/lib:/home/rpp/rpp_ws/install/nav2_bt_navigator/lib:/home/rpp/rpp_ws/install/nav2_behaviors/lib:/home/rpp/rpp_ws/install/improved_dwa_planner/lib:/home/rpp/rpp_ws/install/nav2_collision_monitor/lib:/home/rpp/rpp_ws/install/costmap_queue/lib:/home/rpp/rpp_ws/install/nav2_costmap_2d/lib:/home/rpp/rpp_ws/install/nav2_voxel_grid/lib:/home/rpp/rpp_ws/install/nav2_velocity_smoother/lib:/home/rpp/rpp_ws/install/nav2_rviz_plugins/lib:/home/rpp/rpp_ws/install/nav2_map_server/lib:/home/rpp/rpp_ws/install/nav2_lifecycle_manager/lib:/home/rpp/rpp_ws/install/nav2_behavior_tree/lib:/home/rpp/rpp_ws/install/nav2_amcl/lib:/home/rpp/rpp_ws/install/nav2_util/lib:/home/rpp/rpp_ws/install/nav2_msgs/lib:/home/rpp/rpp_ws/install/motor_pitch_sdk/lib:/home/rpp/rpp_ws/install/motor_lift_sdk/lib:/home/rpp/rpp_ws/install/livox_ros_driver2/lib:/home/rpp/rpp_ws/install/kortex_driver/lib:/home/rpp/rpp_ws/install/ira_laser_tools/lib:/home/rpp/rpp_ws/install/interface/lib:/usr/lib/x86_64-linux-gnu/gazebo-11/plugins:/opt/ros/humble/opt/rviz_ogre_vendor/lib:/opt/ros/humble/lib/x86_64-linux-gnu:/opt/ros/humble/opt/openvdb_vendor/lib:/opt/ros/humble/lib:/usr/local/lib/::/home/rpp/.mujoco/mujoco-3.3.6/bin:/usr/lib/nvidia:/opt/apps/roboticsservice/SDK/x64:/home/rpp/.mujoco/mujoco-3.3.6/bin:/usr/lib/nvidia:/opt/apps/roboticsservice/SDK/x64'), ('CONDA_BACKUP_QT_XCB_GL_INTEGRATION', ''), ('HOME', '/home/rpp'), ('CHROME_DESKTOP', 'code.desktop'), ('CONDA_SHLVL', '1'), ('TERM_PROGRAM_VERSION', '1.103.2'), ('DESKTOP_SESSION', 'ubuntu'), ('ROS_PYTHON_VERSION', '3'), ('GNOME_SHELL_SESSION_MODE', 'ubuntu'), ('GTK_MODULES', 'gail:atk-bridge'), ('VSCODE_GIT_ASKPASS_MAIN', '/usr/share/code/resources/app/extensions/git/dist/askpass-main.js'), ('LC_MONETARY', 'zh_CN.UTF-8'), ('VSCODE_GIT_ASKPASS_NODE', '/usr/share/code/code'), ('DBUS_STARTER_BUS_TYPE', 'session'), ('SYSTEMD_EXEC_PID', '2000'), ('ROS_LOG_DIR', '/home/rpp/rpp_logs'), ('DBUS_SESSION_BUS_ADDRESS', 'unix:path=/run/user/1000/bus,guid=6b674c94cdf0d3c29da282ea68f19bdb'), ('COLORTERM', 'truecolor'), ('_colcon_cd_root', '/opt/ros/humble'), ('MANDATORY_PATH', '/usr/share/gconf/ubuntu.mandatory.path'), ('IM_CONFIG_PHASE', '1'), ('COLCON_PREFIX_PATH', '/home/rpp/Desktop/pico_kinova/pico_kinova/install:/home/rpp/rpp_ws/install'), ('ROS_DISTRO', 'humble'), ('GTK_IM_MODULE', 'fcitx'), ('LOGNAME', 'rpp'), ('_', '/usr/bin/colcon'), ('ROS_VERSION', '2'), ('PKG_CONFIG_PATH', '/home/rpp/rpp_ws/install/rpp_driver/lib/x86_64-linux-gnu/pkgconfig:/home/rpp/rpp_ws/install/rpp_driver/lib/pkgconfig:/home/rpp/rpp_ws/install/motor_pitch_sdk/lib/x86_64-linux-gnu/pkgconfig:/home/rpp/rpp_ws/install/motor_pitch_sdk/lib/pkgconfig:/home/rpp/rpp_ws/install/motor_lift_sdk/lib/x86_64-linux-gnu/pkgconfig:/home/rpp/rpp_ws/install/motor_lift_sdk/lib/pkgconfig'), ('XDG_SESSION_CLASS', 'user'), ('DEFAULTS_PATH', '/usr/share/gconf/ubuntu.default.path'), ('USERNAME', 'rpp'), ('TERM', 'xterm-256color'), ('GNOME_DESKTOP_SESSION_ID', 'this-is-deprecated'), ('ROS_LOCALHOST_ONLY', '1'), ('WINDOWPATH', '2'), ('PATH', '/usr/local/cuda-12.8/bin:/home/rpp/rpp_tools/rpp_easy_tools/gen_bin:/home/rpp/anaconda3/bin:/home/rpp/anaconda3/condabin:/usr/local/cuda-12.8/bin:/home/rpp/rpp_ws/install/rpp_driver/bin:/home/rpp/rpp_ws/install/motor_pitch_sdk/bin:/home/rpp/rpp_ws/install/motor_lift_sdk/bin:/opt/ros/humble/bin:/home/rpp/rpp_tools/rpp_easy_tools/gen_bin:/home/rpp/.local/bin:/usr/local/sbin:/usr/local/bin:/usr/sbin:/usr/bin:/sbin:/bin:/usr/games:/usr/local/games:/snap/bin:/snap/bin'), ('SESSION_MANAGER', 'local/rpp-Default-string:@/tmp/.ICE-unix/2000,unix/rpp-Default-string:/tmp/.ICE-unix/2000'), ('PAPERSIZE', 'a4'), ('XDG_MENU_PREFIX', 'gnome-'), ('LC_ADDRESS', 'zh_CN.UTF-8'), ('GNOME_TERMINAL_SCREEN', '/org/gnome/Terminal/screen/183a53ae_54d5_4d42_8bc5_b0ed6edd45c8'), ('XDG_RUNTIME_DIR', '/run/user/1000'), ('GDK_BACKEND', 'x11'), ('DISPLAY', ':0'), ('LANG', 'zh_CN.UTF-8'), ('XDG_CURRENT_DESKTOP', 'Unity'), ('LC_TELEPHONE', 'zh_CN.UTF-8'), ('XMODIFIERS', '@im=fcitx'), ('XDG_SESSION_DESKTOP', 'ubuntu'), ('XAUTHORITY', '/run/user/1000/gdm/Xauthority'), ('LS_COLORS', 'rs=0:di=01;34:ln=01;36:mh=00:pi=40;33:so=01;35:do=01;35:bd=40;33;01:cd=40;33;01:or=40;31;01:mi=00:su=37;41:sg=30;43:ca=30;41:tw=30;42:ow=34;42:st=37;44:ex=01;32:*.tar=01;31:*.tgz=01;31:*.arc=01;31:*.arj=01;31:*.taz=01;31:*.lha=01;31:*.lz4=01;31:*.lzh=01;31:*.lzma=01;31:*.tlz=01;31:*.txz=01;31:*.tzo=01;31:*.t7z=01;31:*.zip=01;31:*.z=01;31:*.dz=01;31:*.gz=01;31:*.lrz=01;31:*.lz=01;31:*.lzo=01;31:*.xz=01;31:*.zst=01;31:*.tzst=01;31:*.bz2=01;31:*.bz=01;31:*.tbz=01;31:*.tbz2=01;31:*.tz=01;31:*.deb=01;31:*.rpm=01;31:*.jar=01;31:*.war=01;31:*.ear=01;31:*.sar=01;31:*.rar=01;31:*.alz=01;31:*.ace=01;31:*.zoo=01;31:*.cpio=01;31:*.7z=01;31:*.rz=01;31:*.cab=01;31:*.wim=01;31:*.swm=01;31:*.dwm=01;31:*.esd=01;31:*.jpg=01;35:*.jpeg=01;35:*.mjpg=01;35:*.mjpeg=01;35:*.gif=01;35:*.bmp=01;35:*.pbm=01;35:*.pgm=01;35:*.ppm=01;35:*.tga=01;35:*.xbm=01;35:*.xpm=01;35:*.tif=01;35:*.tiff=01;35:*.png=01;35:*.svg=01;35:*.svgz=01;35:*.mng=01;35:*.pcx=01;35:*.mov=01;35:*.mpg=01;35:*.mpeg=01;35:*.m2v=01;35:*.mkv=01;35:*.webm=01;35:*.webp=01;35:*.ogm=01;35:*.mp4=01;35:*.m4v=01;35:*.mp4v=01;35:*.vob=01;35:*.qt=01;35:*.nuv=01;35:*.wmv=01;35:*.asf=01;35:*.rm=01;35:*.rmvb=01;35:*.flc=01;35:*.avi=01;35:*.fli=01;35:*.flv=01;35:*.gl=01;35:*.dl=01;35:*.xcf=01;35:*.xwd=01;35:*.yuv=01;35:*.cgm=01;35:*.emf=01;35:*.ogv=01;35:*.ogx=01;35:*.aac=00;36:*.au=00;36:*.flac=00;36:*.m4a=00;36:*.mid=00;36:*.midi=00;36:*.mka=00;36:*.mp3=00;36:*.mpc=00;36:*.ogg=00;36:*.ra=00;36:*.wav=00;36:*.oga=00;36:*.opus=00;36:*.spx=00;36:*.xspf=00;36:'), ('QT_XCB_GL_INTEGRATION', 'none'), ('VSCODE_GIT_IPC_HANDLE', '/run/user/1000/vscode-git-df44507d44.sock'), ('GNOME_TERMINAL_SERVICE', ':1.116'), ('TERM_PROGRAM', 'vscode'), ('SSH_AGENT_LAUNCHER', 'gnome-keyring'), ('SSH_AUTH_SOCK', '/run/user/1000/keyring/ssh'), ('GSETTINGS_SCHEMA_DIR', '/home/rpp/anaconda3/share/glib-2.0/schemas'), ('ROS_DOMAIN_ID', '0'), ('AMENT_PREFIX_PATH', '/home/rpp/Desktop/pico_kinova/pico_kinova/install/pico_kinova:/home/rpp/rpp_ws/install/xf_voice:/home/rpp/rpp_ws/install/xf_voice_msgs:/home/rpp/rpp_ws/install/wheeltec_mic_ros2:/home/rpp/rpp_ws/install/wheeltec_mic_msg:/home/rpp/rpp_ws/install/teleop_init_202510:/home/rpp/rpp_ws/install/nav2_system_tests:/home/rpp/rpp_ws/install/nav2_bringup:/home/rpp/rpp_ws/install/slam_toolbox:/home/rpp/rpp_ws/install/slam_3d:/home/rpp/rpp_ws/install/slam_2d:/home/rpp/rpp_ws/install/setting_info:/home/rpp/rpp_ws/install/serial:/home/rpp/rpp_ws/install/rpp_ros_driver:/home/rpp/rpp_ws/install/rpp_msgs:/home/rpp/rpp_ws/install/robot_bringup:/home/rpp/rpp_ws/install/pymoveit2:/home/rpp/rpp_ws/install/pico_kinova:/home/rpp/rpp_ws/install/pgo:/home/rpp/rpp_ws/install/navigation_2d:/home/rpp/rpp_ws/install/navigation2:/home/rpp/rpp_ws/install/nav2_smoother:/home/rpp/rpp_ws/install/nav2_graceful_controller:/home/rpp/rpp_ws/install/nav2_dwb_controller:/home/rpp/rpp_ws/install/nav2_controller:/home/rpp/rpp_ws/install/dwb_plugins:/home/rpp/rpp_ws/install/dwb_critics:/home/rpp/rpp_ws/install/dwb_core:/home/rpp/rpp_ws/install/nav_2d_utils:/home/rpp/rpp_ws/install/dwb_msgs:/home/rpp/rpp_ws/install/nav_2d_msgs:/home/rpp/rpp_ws/install/nav2_waypoint_follower:/home/rpp/rpp_ws/install/nav2_theta_star_planner:/home/rpp/rpp_ws/install/nav2_smac_planner:/home/rpp/rpp_ws/install/nav2_rotation_shim_controller:/home/rpp/rpp_ws/install/nav2_regulated_pure_pursuit_controller:/home/rpp/rpp_ws/install/nav2_planner:/home/rpp/rpp_ws/install/nav2_navfn_planner:/home/rpp/rpp_ws/install/nav2_mppi_controller:/home/rpp/rpp_ws/install/nav2_constrained_smoother:/home/rpp/rpp_ws/install/nav2_bt_navigator:/home/rpp/rpp_ws/install/nav2_behaviors:/home/rpp/rpp_ws/install/improved_dwa_planner:/home/rpp/rpp_ws/install/nav2_core:/home/rpp/rpp_ws/install/nav2_collision_monitor:/home/rpp/rpp_ws/install/costmap_queue:/home/rpp/rpp_ws/install/nav2_costmap_2d:/home/rpp/rpp_ws/install/nav2_voxel_grid:/home/rpp/rpp_ws/install/nav2_velocity_smoother:/home/rpp/rpp_ws/install/nav2_rviz_plugins:/home/rpp/rpp_ws/install/nav2_map_server:/home/rpp/rpp_ws/install/nav2_lifecycle_manager:/home/rpp/rpp_ws/install/nav2_behavior_tree:/home/rpp/rpp_ws/install/nav2_amcl:/home/rpp/rpp_ws/install/nav2_util:/home/rpp/rpp_ws/install/nav2_simple_commander:/home/rpp/rpp_ws/install/nav2_msgs:/home/rpp/rpp_ws/install/nav2_common:/home/rpp/rpp_ws/install/my_moveit_control:/home/rpp/rpp_ws/install/moveit_control:/home/rpp/rpp_ws/install/moveit2_control_demo:/home/rpp/rpp_ws/install/motor_pitch_ros:/home/rpp/rpp_ws/install/motor_lift_ros:/home/rpp/rpp_ws/install/localizer:/home/rpp/rpp_ws/install/lidar_clipping:/home/rpp/rpp_ws/install/fastlio2:/home/rpp/rpp_ws/install/livox_ros_driver2:/home/rpp/rpp_ws/install/gui_control:/home/rpp/rpp_ws/install/graphic_display:/home/rpp/rpp_ws/install/linker_hand_ros2_sdk:/home/rpp/rpp_ws/install/lakibeam1:/home/rpp/rpp_ws/install/kortex_bringup:/home/rpp/rpp_ws/install/kortex_driver:/home/rpp/rpp_ws/install/kinova_gen3_lite_moveit_config:/home/rpp/rpp_ws/install/kinova_gen3_7dof_robotiq_2f_85_moveit_config:/home/rpp/rpp_ws/install/kinova_gen3_6dof_robotiq_2f_85_moveit_config:/home/rpp/rpp_ws/install/kortex_description:/home/rpp/rpp_ws/install/kortex_api:/home/rpp/rpp_ws/install/ira_laser_tools:/home/rpp/rpp_ws/install/hba:/home/rpp/rpp_ws/install/interface:/home/rpp/rpp_ws/install/ea200_moveit_config:/home/rpp/rpp_ws/install/ea200_description:/home/rpp/rpp_ws/install/dual_arm_cartesian_control:/home/rpp/rpp_ws/install/dual_arm_bt_control:/home/rpp/rpp_ws/install/cr100_description:/home/rpp/rpp_ws/install/bt_task_manager_ros2:/opt/ros/humble'), ('CONDA_PYTHON_EXE', '/home/rpp/anaconda3/bin/python'), ('ORIGINAL_XDG_CURRENT_DESKTOP', 'ubuntu:GNOME'), ('SHELL', '/bin/bash'), ('LC_NAME', 'zh_CN.UTF-8'), ('QT_ACCESSIBILITY', '1'), ('GDMSESSION', 'ubuntu'), ('LESSCLOSE', '/usr/bin/lesspipe %s %s'), ('CONDA_DEFAULT_ENV', 'base'), ('LC_MEASUREMENT', 'zh_CN.UTF-8'), ('GPG_AGENT_INFO', '/run/user/1000/gnupg/S.gpg-agent:0:1'), ('LC_IDENTIFICATION', 'zh_CN.UTF-8'), ('VSCODE_GIT_ASKPASS_EXTRA_ARGS', ''), ('QT_IM_MODULE', 'fcitx'), ('PWD', '/home/rpp/Desktop/pico_kinova/pico_kinova/build/pico_kinova'), ('LC_ALL', 'en_US.UTF-8'), ('XDG_CONFIG_DIRS', '/etc/xdg/xdg-ubuntu:/etc/xdg'), ('CONDA_EXE', '/home/rpp/anaconda3/bin/conda'), ('CLUTTER_IM_MODULE', 'fcitx'), ('DBUS_STARTER_ADDRESS', 'unix:path=/run/user/1000/bus,guid=6b674c94cdf0d3c29da282ea68f19bdb'), ('XDG_DATA_DIRS', '/usr/share/ubuntu:/usr/share/gnome:/usr/local/share/:/usr/share/:/var/lib/snapd/desktop'), ('PYTHONPATH', '/home/rpp/rpp_ws/install/xf_voice_msgs/local/lib/python3.10/dist-packages:/home/rpp/rpp_ws/install/wheeltec_mic_msg/local/lib/python3.10/dist-packages:/home/rpp/rpp_ws/install/teleop_init_202510/lib/python3.10/site-packages:/home/rpp/rpp_ws/install/slam_toolbox/local/lib/python3.10/dist-packages:/home/rpp/rpp_ws/install/setting_info/lib/python3.10/site-packages:/home/rpp/rpp_ws/install/rpp_msgs/local/lib/python3.10/dist-packages:/home/rpp/rpp_ws/install/pymoveit2/local/lib/python3.10/dist-packages:/home/rpp/rpp_ws/install/dwb_msgs/local/lib/python3.10/dist-packages:/home/rpp/rpp_ws/install/nav_2d_msgs/local/lib/python3.10/dist-packages:/home/rpp/rpp_ws/install/nav2_simple_commander/lib/python3.10/site-packages:/home/rpp/rpp_ws/install/nav2_msgs/local/lib/python3.10/dist-packages:/home/rpp/rpp_ws/install/nav2_common/local/lib/python3.10/dist-packages:/home/rpp/rpp_ws/build/my_moveit_control:/home/rpp/rpp_ws/install/my_moveit_control/lib/python3.10/site-packages:/home/rpp/rpp_ws/build/moveit_control:/home/rpp/rpp_ws/install/moveit_control/lib/python3.10/site-packages:/home/rpp/rpp_ws/install/livox_ros_driver2/local/lib/python3.10/dist-packages:/home/rpp/rpp_ws/install/gui_control/lib/python3.10/site-packages:/home/rpp/rpp_ws/install/graphic_display/lib/python3.10/site-packages:/home/rpp/rpp_ws/install/linker_hand_ros2_sdk/lib/python3.10/site-packages:/home/rpp/rpp_ws/install/interface/local/lib/python3.10/dist-packages:/home/rpp/rpp_ws/install/dual_arm_cartesian_control/lib/python3.10/site-packages:/home/rpp/rpp_ws/install/dual_arm_bt_control/lib/python3.10/site-packages:/home/rpp/rpp_ws/install/bt_task_manager_ros2/lib/python3.10/site-packages:/opt/ros/humble/lib/python3.10/site-packages:/opt/ros/humble/local/lib/python3.10/dist-packages'), ('LC_NUMERIC', 'zh_CN.UTF-8'), ('CONDA_PREFIX', '/home/rpp/anaconda3'), ('GSETTINGS_SCHEMA_DIR_CONDA_BACKUP', ''), ('LC_PAPER', 'zh_CN.UTF-8'), ('COLCON', '1'), ('VTE_VERSION', '6800'), ('SCRIPT_ROOT_PATH', '/home/rpp/rpp_tools/rpp_easy_tools/robotplusplus_deploy_tool'), ('CMAKE_PREFIX_PATH', '/home/rpp/Desktop/pico_kinova/pico_kinova/install/pico_kinova:/home/rpp/rpp_ws/install/xf_voice:/home/rpp/rpp_ws/install/xf_voice_msgs:/home/rpp/rpp_ws/install/wheeltec_mic_ros2:/home/rpp/rpp_ws/install/wheeltec_mic_msg:/home/rpp/rpp_ws/install/nav2_system_tests:/home/rpp/rpp_ws/install/nav2_bringup:/home/rpp/rpp_ws/install/slam_toolbox:/home/rpp/rpp_ws/install/slam_3d:/home/rpp/rpp_ws/install/slam_2d:/home/rpp/rpp_ws/install/serial:/home/rpp/rpp_ws/install/rpp_ros_driver:/home/rpp/rpp_ws/install/rpp_msgs:/home/rpp/rpp_ws/install/rpp_driver:/home/rpp/rpp_ws/install/robot_bringup:/home/rpp/rpp_ws/install/pymoveit2:/home/rpp/rpp_ws/install/pico_kinova:/home/rpp/rpp_ws/install/pgo:/home/rpp/rpp_ws/install/navigation_2d:/home/rpp/rpp_ws/install/navigation2:/home/rpp/rpp_ws/install/nav2_smoother:/home/rpp/rpp_ws/install/nav2_graceful_controller:/home/rpp/rpp_ws/install/nav2_dwb_controller:/home/rpp/rpp_ws/install/nav2_controller:/home/rpp/rpp_ws/install/dwb_plugins:/home/rpp/rpp_ws/install/dwb_critics:/home/rpp/rpp_ws/install/dwb_core:/home/rpp/rpp_ws/install/nav_2d_utils:/home/rpp/rpp_ws/install/dwb_msgs:/home/rpp/rpp_ws/install/nav_2d_msgs:/home/rpp/rpp_ws/install/nav2_waypoint_follower:/home/rpp/rpp_ws/install/nav2_theta_star_planner:/home/rpp/rpp_ws/install/nav2_smac_planner:/home/rpp/rpp_ws/install/nav2_rotation_shim_controller:/home/rpp/rpp_ws/install/nav2_regulated_pure_pursuit_controller:/home/rpp/rpp_ws/install/nav2_planner:/home/rpp/rpp_ws/install/nav2_navfn_planner:/home/rpp/rpp_ws/install/nav2_mppi_controller:/home/rpp/rpp_ws/install/nav2_constrained_smoother:/home/rpp/rpp_ws/install/nav2_bt_navigator:/home/rpp/rpp_ws/install/nav2_behaviors:/home/rpp/rpp_ws/install/improved_dwa_planner:/home/rpp/rpp_ws/install/nav2_core:/home/rpp/rpp_ws/install/nav2_collision_monitor:/home/rpp/rpp_ws/install/costmap_queue:/home/rpp/rpp_ws/install/nav2_costmap_2d:/home/rpp/rpp_ws/install/nav2_voxel_grid:/home/rpp/rpp_ws/install/nav2_velocity_smoother:/home/rpp/rpp_ws/install/nav2_rviz_plugins:/home/rpp/rpp_ws/install/nav2_map_server:/home/rpp/rpp_ws/install/nav2_lifecycle_manager:/home/rpp/rpp_ws/install/nav2_behavior_tree:/home/rpp/rpp_ws/install/nav2_amcl:/home/rpp/rpp_ws/install/nav2_util:/home/rpp/rpp_ws/install/nav2_msgs:/home/rpp/rpp_ws/install/nav2_common:/home/rpp/rpp_ws/install/moveit2_control_demo:/home/rpp/rpp_ws/install/motor_pitch_ros:/home/rpp/rpp_ws/install/motor_pitch_sdk:/home/rpp/rpp_ws/install/motor_lift_ros:/home/rpp/rpp_ws/install/motor_lift_sdk:/home/rpp/rpp_ws/install/localizer:/home/rpp/rpp_ws/install/lidar_clipping:/home/rpp/rpp_ws/install/fastlio2:/home/rpp/rpp_ws/install/livox_ros_driver2:/home/rpp/rpp_ws/install/lakibeam1:/home/rpp/rpp_ws/install/kortex_bringup:/home/rpp/rpp_ws/install/kortex_driver:/home/rpp/rpp_ws/install/kinova_gen3_lite_moveit_config:/home/rpp/rpp_ws/install/kinova_gen3_7dof_robotiq_2f_85_moveit_config:/home/rpp/rpp_ws/install/kinova_gen3_6dof_robotiq_2f_85_moveit_config:/home/rpp/rpp_ws/install/kortex_description:/home/rpp/rpp_ws/install/kortex_api:/home/rpp/rpp_ws/install/ira_laser_tools:/home/rpp/rpp_ws/install/hba:/home/rpp/rpp_ws/install/interface:/home/rpp/rpp_ws/install/ea200_moveit_config:/home/rpp/rpp_ws/install/ea200_description:/home/rpp/rpp_ws/install/cr100_description:/home/rpp/rpp_ws/install/teleop_init_202510:/home/rpp/rpp_ws/install/setting_info:/home/rpp/rpp_ws/install/nav2_simple_commander:/home/rpp/rpp_ws/install/my_moveit_control:/home/rpp/rpp_ws/install/moveit_control:/home/rpp/rpp_ws/install/gui_control:/home/rpp/rpp_ws/install/graphic_display:/home/rpp/rpp_ws/install/linker_hand_ros2_sdk:/home/rpp/rpp_ws/install/dual_arm_cartesian_control:/home/rpp/rpp_ws/install/dual_arm_bt_control:/home/rpp/rpp_ws/install/bt_task_manager_ros2:/opt/ros/humble'), ('MUJOCO_KEY_PATH', '/home/rpp/.mujoco/home/rpp/.mujoco')]), 'shell': False}
[0.090319] (pico_kinova) StdoutLine: {'line': b'[ 32%] Built target rtde\n'}
[0.099869] (-) TimerEvent: {}
[0.115354] (pico_kinova) StdoutLine: {'line': b'\x1b[35m\x1b[1mConsolidate compiler generated dependencies of target pico_kinova\x1b[0m\n'}
[0.122140] (pico_kinova) StdoutLine: {'line': b'[ 37%] Built target movej_path_with_blend_example\n'}
[0.122350] (pico_kinova) StdoutLine: {'line': b'[ 41%] Built target realtime_control_example\n'}
[0.123339] (pico_kinova) StdoutLine: {'line': b'[ 46%] Built target move_path_async_example\n'}
[0.124366] (pico_kinova) StdoutLine: {'line': b'[ 51%] Built target move_async_example\n'}
[0.124730] (pico_kinova) StdoutLine: {'line': b'[ 55%] Built target servoj_example\n'}
[0.125136] (pico_kinova) StdoutLine: {'line': b'[ 67%] Built target move_until_contact_example\n'}
[0.125399] (pico_kinova) StdoutLine: {'line': b'[ 67%] Built target io_example\n'}
[0.125550] (pico_kinova) StdoutLine: {'line': b'[ 69%] Built target robotiq_gripper_example\n'}
[0.126708] (pico_kinova) StdoutLine: {'line': b'[ 74%] Built target record_data_example\n'}
[0.127368] (pico_kinova) StdoutLine: {'line': b'[ 79%] Built target jog_example\n'}
[0.127588] (pico_kinova) StdoutLine: {'line': b'[ 83%] Built target speedj_example\n'}
[0.129250] (pico_kinova) StdoutLine: {'line': b'[ 88%] Built target forcemode_example\n'}
[0.133228] (pico_kinova) StdoutLine: {'line': b'[ 93%] Built target contact_detection_example\n'}
[0.161765] (pico_kinova) StdoutLine: {'line': b'[ 95%] \x1b[32mBuilding CXX object CMakeFiles/pico_kinova.dir/src/pico_kinova.cpp.o\x1b[0m\n'}
[0.199943] (-) TimerEvent: {}
[0.300300] (-) TimerEvent: {}
[0.400558] (-) TimerEvent: {}
[0.500826] (-) TimerEvent: {}
[0.601067] (-) TimerEvent: {}
[0.701321] (-) TimerEvent: {}
[0.801716] (-) TimerEvent: {}
[0.902073] (-) TimerEvent: {}
[1.002292] (-) TimerEvent: {}
[1.102531] (-) TimerEvent: {}
[1.202899] (-) TimerEvent: {}
[1.292106] (pico_kinova) StderrLine: {'line': b'In file included from \x1b[01m\x1b[K/home/rpp/Desktop/pico_kinova/pico_kinova/src/pico_kinova.cpp:36\x1b[m\x1b[K:\n'}
[1.292262] (pico_kinova) StderrLine: {'line': b'\x1b[01m\x1b[K/home/rpp/Desktop/pico_kinova/pico_kinova/include/client/TransportClientTcp.h:34:2:\x1b[m\x1b[K \x1b[01;35m\x1b[Kwarning: \x1b[m\x1b[K#warning is a GCC extension\n'}
[1.292328] (pico_kinova) StderrLine: {'line': b'   34 | #\x1b[01;35m\x1b[Kwarning\x1b[m\x1b[K Unknown OS type!\n'}
[1.292370] (pico_kinova) StderrLine: {'line': b'      |  \x1b[01;35m\x1b[K^~~~~~~\x1b[m\x1b[K\n'}
[1.292408] (pico_kinova) StderrLine: {'line': b'\x1b[01m\x1b[K/home/rpp/Desktop/pico_kinova/pico_kinova/include/client/TransportClientTcp.h:34:2:\x1b[m\x1b[K \x1b[01;35m\x1b[Kwarning: \x1b[m\x1b[K#warning Unknown OS type! [\x1b[01;35m\x1b[K\x1b]8;;https://gcc.gnu.org/onlinedocs/gcc/Warning-Options.html#index-Wcpp\x07-Wcpp\x1b]8;;\x07\x1b[m\x1b[K]\n'}
[1.302981] (-) TimerEvent: {}
[1.403302] (-) TimerEvent: {}
[1.503593] (-) TimerEvent: {}
[1.603805] (-) TimerEvent: {}
[1.704022] (-) TimerEvent: {}
[1.804252] (-) TimerEvent: {}
[1.904501] (-) TimerEvent: {}
[2.004817] (-) TimerEvent: {}
[2.105082] (-) TimerEvent: {}
[2.205331] (-) TimerEvent: {}
[2.305570] (-) TimerEvent: {}
[2.331049] (pico_kinova) StderrLine: {'line': b'In file included from \x1b[01m\x1b[K/home/rpp/Desktop/pico_kinova/pico_kinova/ur_rtde/include/ur_rtde/rtde_receive_interface.h:6\x1b[m\x1b[K,\n'}
[2.331273] (pico_kinova) StderrLine: {'line': b'                 from \x1b[01m\x1b[K/home/rpp/Desktop/pico_kinova/pico_kinova/src/pico_kinova.cpp:18\x1b[m\x1b[K:\n'}
[2.331380] (pico_kinova) StderrLine: {'line': b'\x1b[01m\x1b[K/home/rpp/Desktop/pico_kinova/pico_kinova/ur_rtde/include/ur_rtde/robot_state.h:93:4:\x1b[m\x1b[K \x1b[01;35m\x1b[Kwarning: \x1b[m\x1b[Kextra \xe2\x80\x98\x1b[01m\x1b[K;\x1b[m\x1b[K\xe2\x80\x99 [\x1b[01;35m\x1b[K\x1b]8;;https://gcc.gnu.org/onlinedocs/gcc/Warning-Options.html#index-Wpedantic\x07-Wpedantic\x1b]8;;\x07\x1b[m\x1b[K]\n'}
[2.331482] (pico_kinova) StderrLine: {'line': b'   93 |   }\x1b[01;35m\x1b[K;\x1b[m\x1b[K\n'}
[2.331576] (pico_kinova) StderrLine: {'line': b'      |    \x1b[01;35m\x1b[K^\x1b[m\x1b[K\n'}
[2.331670] (pico_kinova) StderrLine: {'line': b'      |    \x1b[31m\x1b[K-\x1b[m\x1b[K\n'}
[2.331760] (pico_kinova) StderrLine: {'line': b'\x1b[01m\x1b[K/home/rpp/Desktop/pico_kinova/pico_kinova/ur_rtde/include/ur_rtde/robot_state.h:107:4:\x1b[m\x1b[K \x1b[01;35m\x1b[Kwarning: \x1b[m\x1b[Kextra \xe2\x80\x98\x1b[01m\x1b[K;\x1b[m\x1b[K\xe2\x80\x99 [\x1b[01;35m\x1b[K\x1b]8;;https://gcc.gnu.org/onlinedocs/gcc/Warning-Options.html#index-Wpedantic\x07-Wpedantic\x1b]8;;\x07\x1b[m\x1b[K]\n'}
[2.331866] (pico_kinova) StderrLine: {'line': b'  107 |   }\x1b[01;35m\x1b[K;\x1b[m\x1b[K\n'}
[2.331954] (pico_kinova) StderrLine: {'line': b'      |    \x1b[01;35m\x1b[K^\x1b[m\x1b[K\n'}
[2.332040] (pico_kinova) StderrLine: {'line': b'      |    \x1b[31m\x1b[K-\x1b[m\x1b[K\n'}
[2.361942] (pico_kinova) StderrLine: {'line': b'\x1b[01m\x1b[K/home/rpp/Desktop/pico_kinova/pico_kinova/ur_rtde/include/ur_rtde/robot_state.h:\x1b[m\x1b[K In member function \xe2\x80\x98\x1b[01m\x1b[Kuint16_t ur_rtde::RobotState::SizeVisitor::operator()(uint32_t) const\x1b[m\x1b[K\xe2\x80\x99:\n'}
[2.362161] (pico_kinova) StderrLine: {'line': b'\x1b[01m\x1b[K/home/rpp/Desktop/pico_kinova/pico_kinova/ur_rtde/include/ur_rtde/robot_state.h:154:34:\x1b[m\x1b[K \x1b[01;35m\x1b[Kwarning: \x1b[m\x1b[Kunused parameter \xe2\x80\x98\x1b[01m\x1b[Kint_val\x1b[m\x1b[K\xe2\x80\x99 [\x1b[01;35m\x1b[K\x1b]8;;https://gcc.gnu.org/onlinedocs/gcc/Warning-Options.html#index-Wunused-parameter\x07-Wunused-parameter\x1b]8;;\x07\x1b[m\x1b[K]\n'}
[2.362271] (pico_kinova) StderrLine: {'line': b'  154 |     uint16_t operator()(\x1b[01;35m\x1b[Kuint32_t int_val\x1b[m\x1b[K) const\n'}
[2.362358] (pico_kinova) StderrLine: {'line': b'      |                         \x1b[01;35m\x1b[K~~~~~~~~~^~~~~~~\x1b[m\x1b[K\n'}
[2.362445] (pico_kinova) StderrLine: {'line': b'\x1b[01m\x1b[K/home/rpp/Desktop/pico_kinova/pico_kinova/ur_rtde/include/ur_rtde/robot_state.h:\x1b[m\x1b[K In member function \xe2\x80\x98\x1b[01m\x1b[Kuint16_t ur_rtde::RobotState::SizeVisitor::operator()(uint64_t) const\x1b[m\x1b[K\xe2\x80\x99:\n'}
[2.362540] (pico_kinova) StderrLine: {'line': b'\x1b[01m\x1b[K/home/rpp/Desktop/pico_kinova/pico_kinova/ur_rtde/include/ur_rtde/robot_state.h:159:34:\x1b[m\x1b[K \x1b[01;35m\x1b[Kwarning: \x1b[m\x1b[Kunused parameter \xe2\x80\x98\x1b[01m\x1b[Kint_val\x1b[m\x1b[K\xe2\x80\x99 [\x1b[01;35m\x1b[K\x1b]8;;https://gcc.gnu.org/onlinedocs/gcc/Warning-Options.html#index-Wunused-parameter\x07-Wunused-parameter\x1b]8;;\x07\x1b[m\x1b[K]\n'}
[2.362628] (pico_kinova) StderrLine: {'line': b'  159 |     uint16_t operator()(\x1b[01;35m\x1b[Kuint64_t int_val\x1b[m\x1b[K) const\n'}
[2.362712] (pico_kinova) StderrLine: {'line': b'      |                         \x1b[01;35m\x1b[K~~~~~~~~~^~~~~~~\x1b[m\x1b[K\n'}
[2.362794] (pico_kinova) StderrLine: {'line': b'\x1b[01m\x1b[K/home/rpp/Desktop/pico_kinova/pico_kinova/ur_rtde/include/ur_rtde/robot_state.h:\x1b[m\x1b[K In member function \xe2\x80\x98\x1b[01m\x1b[Kuint16_t ur_rtde::RobotState::SizeVisitor::operator()(int32_t) const\x1b[m\x1b[K\xe2\x80\x99:\n'}
[2.362886] (pico_kinova) StderrLine: {'line': b'\x1b[01m\x1b[K/home/rpp/Desktop/pico_kinova/pico_kinova/ur_rtde/include/ur_rtde/robot_state.h:164:33:\x1b[m\x1b[K \x1b[01;35m\x1b[Kwarning: \x1b[m\x1b[Kunused parameter \xe2\x80\x98\x1b[01m\x1b[Kint_val\x1b[m\x1b[K\xe2\x80\x99 [\x1b[01;35m\x1b[K\x1b]8;;https://gcc.gnu.org/onlinedocs/gcc/Warning-Options.html#index-Wunused-parameter\x07-Wunused-parameter\x1b]8;;\x07\x1b[m\x1b[K]\n'}
[2.362972] (pico_kinova) StderrLine: {'line': b'  164 |     uint16_t operator()(\x1b[01;35m\x1b[Kint32_t int_val\x1b[m\x1b[K) const\n'}
[2.363063] (pico_kinova) StderrLine: {'line': b'      |                         \x1b[01;35m\x1b[K~~~~~~~~^~~~~~~\x1b[m\x1b[K\n'}
[2.363147] (pico_kinova) StderrLine: {'line': b'\x1b[01m\x1b[K/home/rpp/Desktop/pico_kinova/pico_kinova/ur_rtde/include/ur_rtde/robot_state.h:\x1b[m\x1b[K In member function \xe2\x80\x98\x1b[01m\x1b[Kuint16_t ur_rtde::RobotState::SizeVisitor::operator()(double) const\x1b[m\x1b[K\xe2\x80\x99:\n'}
[2.363230] (pico_kinova) StderrLine: {'line': b'\x1b[01m\x1b[K/home/rpp/Desktop/pico_kinova/pico_kinova/ur_rtde/include/ur_rtde/robot_state.h:169:32:\x1b[m\x1b[K \x1b[01;35m\x1b[Kwarning: \x1b[m\x1b[Kunused parameter \xe2\x80\x98\x1b[01m\x1b[Kdouble_val\x1b[m\x1b[K\xe2\x80\x99 [\x1b[01;35m\x1b[K\x1b]8;;https://gcc.gnu.org/onlinedocs/gcc/Warning-Options.html#index-Wunused-parameter\x07-Wunused-parameter\x1b]8;;\x07\x1b[m\x1b[K]\n'}
[2.363316] (pico_kinova) StderrLine: {'line': b'  169 |     uint16_t operator()(\x1b[01;35m\x1b[Kdouble double_val\x1b[m\x1b[K) const\n'}
[2.363397] (pico_kinova) StderrLine: {'line': b'      |                         \x1b[01;35m\x1b[K~~~~~~~^~~~~~~~~~\x1b[m\x1b[K\n'}
[2.405673] (-) TimerEvent: {}
[2.505965] (-) TimerEvent: {}
[2.606245] (-) TimerEvent: {}
[2.706511] (-) TimerEvent: {}
[2.806826] (-) TimerEvent: {}
[2.907060] (-) TimerEvent: {}
[3.007337] (-) TimerEvent: {}
[3.107587] (-) TimerEvent: {}
[3.207849] (-) TimerEvent: {}
[3.308107] (-) TimerEvent: {}
[3.408361] (-) TimerEvent: {}
[3.508671] (-) TimerEvent: {}
[3.608982] (-) TimerEvent: {}
[3.709242] (-) TimerEvent: {}
[3.809533] (-) TimerEvent: {}
[3.909830] (-) TimerEvent: {}
[4.010136] (-) TimerEvent: {}
[4.110429] (-) TimerEvent: {}
[4.210678] (-) TimerEvent: {}
[4.310941] (-) TimerEvent: {}
[4.411176] (-) TimerEvent: {}
[4.511417] (-) TimerEvent: {}
[4.611638] (-) TimerEvent: {}
[4.678409] (pico_kinova) StderrLine: {'line': b'In file included from \x1b[01m\x1b[K/home/rpp/Desktop/pico_kinova/pico_kinova/include/common/KError.h:9\x1b[m\x1b[K,\n'}
[4.678599] (pico_kinova) StderrLine: {'line': b'                 from \x1b[01m\x1b[K/home/rpp/Desktop/pico_kinova/pico_kinova/include/client/IRouterClient.h:13\x1b[m\x1b[K,\n'}
[4.678650] (pico_kinova) StderrLine: {'line': b'                 from \x1b[01m\x1b[K/home/rpp/Desktop/pico_kinova/pico_kinova/include/client_stubs/BaseClientRpc.h:13\x1b[m\x1b[K,\n'}
[4.678693] (pico_kinova) StderrLine: {'line': b'                 from \x1b[01m\x1b[K/home/rpp/Desktop/pico_kinova/pico_kinova/src/pico_kinova.cpp:32\x1b[m\x1b[K:\n'}
[4.678733] (pico_kinova) StderrLine: {'line': b'\x1b[01m\x1b[K/home/rpp/Desktop/pico_kinova/pico_kinova/include/common/HeaderInfo.h:\x1b[m\x1b[K At global scope:\n'}
[4.678773] (pico_kinova) StderrLine: {'line': b'\x1b[01m\x1b[K/home/rpp/Desktop/pico_kinova/pico_kinova/include/common/HeaderInfo.h:15:9:\x1b[m\x1b[K \x1b[01;35m\x1b[Kwarning: \x1b[m\x1b[KISO C++ prohibits anonymous structs [\x1b[01;35m\x1b[K\x1b]8;;https://gcc.gnu.org/onlinedocs/gcc/Warning-Options.html#index-Wpedantic\x07-Wpedantic\x1b]8;;\x07\x1b[m\x1b[K]\n'}
[4.678825] (pico_kinova) StderrLine: {'line': b'   15 |         \x1b[01;35m\x1b[K{\x1b[m\x1b[K\n'}
[4.678867] (pico_kinova) StderrLine: {'line': b'      |         \x1b[01;35m\x1b[K^\x1b[m\x1b[K\n'}
[4.678904] (pico_kinova) StderrLine: {'line': b'\x1b[01m\x1b[K/home/rpp/Desktop/pico_kinova/pico_kinova/include/common/HeaderInfo.h:29:9:\x1b[m\x1b[K \x1b[01;35m\x1b[Kwarning: \x1b[m\x1b[KISO C++ prohibits anonymous structs [\x1b[01;35m\x1b[K\x1b]8;;https://gcc.gnu.org/onlinedocs/gcc/Warning-Options.html#index-Wpedantic\x07-Wpedantic\x1b]8;;\x07\x1b[m\x1b[K]\n'}
[4.678943] (pico_kinova) StderrLine: {'line': b'   29 |         \x1b[01;35m\x1b[K{\x1b[m\x1b[K\n'}
[4.679002] (pico_kinova) StderrLine: {'line': b'      |         \x1b[01;35m\x1b[K^\x1b[m\x1b[K\n'}
[4.679041] (pico_kinova) StderrLine: {'line': b'\x1b[01m\x1b[K/home/rpp/Desktop/pico_kinova/pico_kinova/include/common/HeaderInfo.h:39:9:\x1b[m\x1b[K \x1b[01;35m\x1b[Kwarning: \x1b[m\x1b[KISO C++ prohibits anonymous structs [\x1b[01;35m\x1b[K\x1b]8;;https://gcc.gnu.org/onlinedocs/gcc/Warning-Options.html#index-Wpedantic\x07-Wpedantic\x1b]8;;\x07\x1b[m\x1b[K]\n'}
[4.679079] (pico_kinova) StderrLine: {'line': b'   39 |         \x1b[01;35m\x1b[K{\x1b[m\x1b[K\n'}
[4.679116] (pico_kinova) StderrLine: {'line': b'      |         \x1b[01;35m\x1b[K^\x1b[m\x1b[K\n'}
[4.679151] (pico_kinova) StderrLine: {'line': b'\x1b[01m\x1b[K/home/rpp/Desktop/pico_kinova/pico_kinova/include/common/HeaderInfo.h:46:9:\x1b[m\x1b[K \x1b[01;35m\x1b[Kwarning: \x1b[m\x1b[KISO C++ prohibits anonymous structs [\x1b[01;35m\x1b[K\x1b]8;;https://gcc.gnu.org/onlinedocs/gcc/Warning-Options.html#index-Wpedantic\x07-Wpedantic\x1b]8;;\x07\x1b[m\x1b[K]\n'}
[4.679188] (pico_kinova) StderrLine: {'line': b'   46 |         \x1b[01;35m\x1b[K{\x1b[m\x1b[K\n'}
[4.679224] (pico_kinova) StderrLine: {'line': b'      |         \x1b[01;35m\x1b[K^\x1b[m\x1b[K\n'}
[4.679260] (pico_kinova) StderrLine: {'line': b'\x1b[01m\x1b[K/home/rpp/Desktop/pico_kinova/pico_kinova/include/common/HeaderInfo.h:55:9:\x1b[m\x1b[K \x1b[01;35m\x1b[Kwarning: \x1b[m\x1b[KISO C++ prohibits anonymous structs [\x1b[01;35m\x1b[K\x1b]8;;https://gcc.gnu.org/onlinedocs/gcc/Warning-Options.html#index-Wpedantic\x07-Wpedantic\x1b]8;;\x07\x1b[m\x1b[K]\n'}
[4.679304] (pico_kinova) StderrLine: {'line': b'   55 |         \x1b[01;35m\x1b[K{\x1b[m\x1b[K\n'}
[4.679342] (pico_kinova) StderrLine: {'line': b'      |         \x1b[01;35m\x1b[K^\x1b[m\x1b[K\n'}
[4.702915] (pico_kinova) StderrLine: {'line': b'In file included from \x1b[01m\x1b[K/home/rpp/Desktop/pico_kinova/pico_kinova/src/pico_kinova.cpp:32\x1b[m\x1b[K:\n'}
[4.703075] (pico_kinova) StderrLine: {'line': b'\x1b[01m\x1b[K/home/rpp/Desktop/pico_kinova/pico_kinova/include/client_stubs/BaseClientRpc.h:\x1b[m\x1b[K In member function \xe2\x80\x98\x1b[01m\x1b[Kvoid Kinova::Api::Base::BaseClient::messageHeaderValidation(const Kinova::Api::Frame&)\x1b[m\x1b[K\xe2\x80\x99:\n'}
[4.703151] (pico_kinova) StderrLine: {'line': b'\x1b[01m\x1b[K/home/rpp/Desktop/pico_kinova/pico_kinova/include/client_stubs/BaseClientRpc.h:764:67:\x1b[m\x1b[K \x1b[01;35m\x1b[Kwarning: \x1b[m\x1b[Kunused parameter \xe2\x80\x98\x1b[01m\x1b[KmsgFrame\x1b[m\x1b[K\xe2\x80\x99 [\x1b[01;35m\x1b[K\x1b]8;;https://gcc.gnu.org/onlinedocs/gcc/Warning-Options.html#index-Wunused-parameter\x07-Wunused-parameter\x1b]8;;\x07\x1b[m\x1b[K]\n'}
[4.703217] (pico_kinova) StderrLine: {'line': b'  764 |                       void messageHeaderValidation(\x1b[01;35m\x1b[Kconst Frame& msgFrame\x1b[m\x1b[K){ /* todogr ... */ }\n'}
[4.703259] (pico_kinova) StderrLine: {'line': b'      |                                                    \x1b[01;35m\x1b[K~~~~~~~~~~~~~^~~~~~~~\x1b[m\x1b[K\n'}
[4.703298] (pico_kinova) StderrLine: {'line': b'\n'}
[4.706889] (pico_kinova) StderrLine: {'line': b'In file included from \x1b[01m\x1b[K/home/rpp/Desktop/pico_kinova/pico_kinova/include/client/SessionManager.h:13\x1b[m\x1b[K,\n'}
[4.706961] (pico_kinova) StderrLine: {'line': b'                 from \x1b[01m\x1b[K/home/rpp/Desktop/pico_kinova/pico_kinova/src/pico_kinova.cpp:33\x1b[m\x1b[K:\n'}
[4.707004] (pico_kinova) StderrLine: {'line': b'\x1b[01m\x1b[K/home/rpp/Desktop/pico_kinova/pico_kinova/include/client_stubs/SessionClientRpc.h:\x1b[m\x1b[K In member function \xe2\x80\x98\x1b[01m\x1b[Kvoid Kinova::Api::Session::SessionClient::messageHeaderValidation(const Kinova::Api::Frame&)\x1b[m\x1b[K\xe2\x80\x99:\n'}
[4.707053] (pico_kinova) StderrLine: {'line': b'\x1b[01m\x1b[K/home/rpp/Desktop/pico_kinova/pico_kinova/include/client_stubs/SessionClientRpc.h:77:67:\x1b[m\x1b[K \x1b[01;35m\x1b[Kwarning: \x1b[m\x1b[Kunused parameter \xe2\x80\x98\x1b[01m\x1b[KmsgFrame\x1b[m\x1b[K\xe2\x80\x99 [\x1b[01;35m\x1b[K\x1b]8;;https://gcc.gnu.org/onlinedocs/gcc/Warning-Options.html#index-Wunused-parameter\x07-Wunused-parameter\x1b]8;;\x07\x1b[m\x1b[K]\n'}
[4.707094] (pico_kinova) StderrLine: {'line': b'   77 |                       void messageHeaderValidation(\x1b[01;35m\x1b[Kconst Frame& msgFrame\x1b[m\x1b[K){ /* todogr ... */ }\n'}
[4.707147] (pico_kinova) StderrLine: {'line': b'      |                                                    \x1b[01;35m\x1b[K~~~~~~~~~~~~~^~~~~~~~\x1b[m\x1b[K\n'}
[4.707197] (pico_kinova) StderrLine: {'line': b'\n'}
[4.711709] (-) TimerEvent: {}
[4.811917] (-) TimerEvent: {}
[4.912133] (-) TimerEvent: {}
[5.012372] (-) TimerEvent: {}
[5.112654] (-) TimerEvent: {}
[5.212846] (-) TimerEvent: {}
[5.300600] (pico_kinova) StderrLine: {'line': b'\x1b[01m\x1b[K/home/rpp/Desktop/pico_kinova/pico_kinova/src/pico_kinova.cpp:\x1b[m\x1b[K In function \xe2\x80\x98\x1b[01m\x1b[Kvoid initialize_matplotlib()\x1b[m\x1b[K\xe2\x80\x99:\n'}
[5.300761] (pico_kinova) StderrLine: {'line': b'\x1b[01m\x1b[K/home/rpp/Desktop/pico_kinova/pico_kinova/src/pico_kinova.cpp:287:14:\x1b[m\x1b[K \x1b[01;31m\x1b[Kerror: \x1b[m\x1b[K\xe2\x80\x98\x1b[01m\x1b[KrcParams\x1b[m\x1b[K\xe2\x80\x99 is not a member of \xe2\x80\x98\x1b[01m\x1b[Kplt\x1b[m\x1b[K\xe2\x80\x99; did you mean \xe2\x80\x98\x1b[01m\x1b[Krcparams\x1b[m\x1b[K\xe2\x80\x99?\n'}
[5.300827] (pico_kinova) StderrLine: {'line': b'  287 |         plt::\x1b[01;31m\x1b[KrcParams\x1b[m\x1b[K["font.sans-serif"] = {"DejaVu Sans", "Arial", "Liberation Sans", "sans-serif"};\n'}
[5.300873] (pico_kinova) StderrLine: {'line': b'      |              \x1b[01;31m\x1b[K^~~~~~~~\x1b[m\x1b[K\n'}
[5.300914] (pico_kinova) StderrLine: {'line': b'      |              \x1b[32m\x1b[Krcparams\x1b[m\x1b[K\n'}
[5.301068] (pico_kinova) StderrLine: {'line': b'\x1b[01m\x1b[K/home/rpp/Desktop/pico_kinova/pico_kinova/src/pico_kinova.cpp:288:14:\x1b[m\x1b[K \x1b[01;31m\x1b[Kerror: \x1b[m\x1b[K\xe2\x80\x98\x1b[01m\x1b[KrcParams\x1b[m\x1b[K\xe2\x80\x99 is not a member of \xe2\x80\x98\x1b[01m\x1b[Kplt\x1b[m\x1b[K\xe2\x80\x99; did you mean \xe2\x80\x98\x1b[01m\x1b[Krcparams\x1b[m\x1b[K\xe2\x80\x99?\n'}
[5.301112] (pico_kinova) StderrLine: {'line': b'  288 |         plt::\x1b[01;31m\x1b[KrcParams\x1b[m\x1b[K["axes.unicode_minus"] = false;  // \xe8\xa7\xa3\xe5\x86\xb3\xe8\xb4\x9f\xe5\x8f\xb7\xe6\x98\xbe\xe7\xa4\xba\xe9\x97\xae\xe9\xa2\x98\n'}
[5.301157] (pico_kinova) StderrLine: {'line': b'      |              \x1b[01;31m\x1b[K^~~~~~~~\x1b[m\x1b[K\n'}
[5.301197] (pico_kinova) StderrLine: {'line': b'      |              \x1b[32m\x1b[Krcparams\x1b[m\x1b[K\n'}
[5.301374] (pico_kinova) StderrLine: {'line': b'\x1b[01m\x1b[K/home/rpp/Desktop/pico_kinova/pico_kinova/src/pico_kinova.cpp:\x1b[m\x1b[K In function \xe2\x80\x98\x1b[01m\x1b[Kvoid draw_plot()\x1b[m\x1b[K\xe2\x80\x99:\n'}
[5.301498] (pico_kinova) StderrLine: {'line': b'\x1b[01m\x1b[K/home/rpp/Desktop/pico_kinova/pico_kinova/src/pico_kinova.cpp:305:22:\x1b[m\x1b[K \x1b[01;31m\x1b[Kerror: \x1b[m\x1b[Kno matching function for call to \xe2\x80\x98\x1b[01m\x1b[Kplot(std::vector<double>&, std::vector<double>&, const char [3], <brace-enclosed initializer list>)\x1b[m\x1b[K\xe2\x80\x99\n'}
[5.301684] (pico_kinova) StderrLine: {'line': b'  305 |             \x1b[01;31m\x1b[Kplt::plot(left_data, left_data_x, "r-", {{"label", "left_x"}})\x1b[m\x1b[K;\n'}
[5.301833] (pico_kinova) StderrLine: {'line': b'      |             \x1b[01;31m\x1b[K~~~~~~~~~^~~~~~~~~~~~~~~~~~~~~~~~~~~~~~~~~~~~~~~~~~~~~~~~~~~~~\x1b[m\x1b[K\n'}
[5.301989] (pico_kinova) StderrLine: {'line': b'In file included from \x1b[01m\x1b[K/home/rpp/Desktop/pico_kinova/pico_kinova/src/pico_kinova.cpp:42\x1b[m\x1b[K:\n'}
[5.302211] (pico_kinova) StderrLine: {'line': b'\x1b[01m\x1b[K/home/rpp/Desktop/pico_kinova/pico_kinova/matplotlib/matplotlibcpp.h:442:6:\x1b[m\x1b[K \x1b[01;36m\x1b[Knote: \x1b[m\x1b[Kcandidate: \xe2\x80\x98\x1b[01m\x1b[Ktemplate<class Numeric> bool matplotlibcpp::plot(const std::vector<BufferT>&, const std::vector<BufferT>&, const std::map<std::__cxx11::basic_string<char>, std::__cxx11::basic_string<char> >&)\x1b[m\x1b[K\xe2\x80\x99\n'}
[5.302540] (pico_kinova) StderrLine: {'line': b'  442 | bool \x1b[01;36m\x1b[Kplot\x1b[m\x1b[K(const std::vector<Numeric> &x, const std::vector<Numeric> &y, const std::map<std::string, std::string>& keywords)\n'}
[5.302584] (pico_kinova) StderrLine: {'line': b'      |      \x1b[01;36m\x1b[K^~~~\x1b[m\x1b[K\n'}
[5.302739] (pico_kinova) StderrLine: {'line': b'\x1b[01m\x1b[K/home/rpp/Desktop/pico_kinova/pico_kinova/matplotlib/matplotlibcpp.h:442:6:\x1b[m\x1b[K \x1b[01;36m\x1b[Knote: \x1b[m\x1b[K  template argument deduction/substitution failed:\n'}
[5.302948] (pico_kinova) StderrLine: {'line': b'\x1b[01m\x1b[K/home/rpp/Desktop/pico_kinova/pico_kinova/src/pico_kinova.cpp:305:22:\x1b[m\x1b[K \x1b[01;36m\x1b[Knote: \x1b[m\x1b[K  candidate expects 3 arguments, 4 provided\n'}
[5.303030] (pico_kinova) StderrLine: {'line': b'  305 |             \x1b[01;36m\x1b[Kplt::plot(left_data, left_data_x, "r-", {{"label", "left_x"}})\x1b[m\x1b[K;\n'}
[5.303071] (pico_kinova) StderrLine: {'line': b'      |             \x1b[01;36m\x1b[K~~~~~~~~~^~~~~~~~~~~~~~~~~~~~~~~~~~~~~~~~~~~~~~~~~~~~~~~~~~~~~\x1b[m\x1b[K\n'}
[5.303109] (pico_kinova) StderrLine: {'line': b'In file included from \x1b[01m\x1b[K/home/rpp/Desktop/pico_kinova/pico_kinova/src/pico_kinova.cpp:42\x1b[m\x1b[K:\n'}
[5.303147] (pico_kinova) StderrLine: {'line': b'\x1b[01m\x1b[K/home/rpp/Desktop/pico_kinova/pico_kinova/matplotlib/matplotlibcpp.h:1358:6:\x1b[m\x1b[K \x1b[01;36m\x1b[Knote: \x1b[m\x1b[Kcandidate: \xe2\x80\x98\x1b[01m\x1b[Ktemplate<class NumericX, class NumericY> bool matplotlibcpp::plot(const std::vector<BufferT>&, const std::vector<_ValT>&, const string&)\x1b[m\x1b[K\xe2\x80\x99\n'}
[5.303185] (pico_kinova) StderrLine: {'line': b' 1358 | bool \x1b[01;36m\x1b[Kplot\x1b[m\x1b[K(const std::vector<NumericX>& x, const std::vector<NumericY>& y, const std::string& s = "")\n'}
[5.303222] (pico_kinova) StderrLine: {'line': b'      |      \x1b[01;36m\x1b[K^~~~\x1b[m\x1b[K\n'}
[5.303258] (pico_kinova) StderrLine: {'line': b'\x1b[01m\x1b[K/home/rpp/Desktop/pico_kinova/pico_kinova/matplotlib/matplotlibcpp.h:1358:6:\x1b[m\x1b[K \x1b[01;36m\x1b[Knote: \x1b[m\x1b[K  template argument deduction/substitution failed:\n'}
[5.303299] (pico_kinova) StderrLine: {'line': b'\x1b[01m\x1b[K/home/rpp/Desktop/pico_kinova/pico_kinova/src/pico_kinova.cpp:305:22:\x1b[m\x1b[K \x1b[01;36m\x1b[Knote: \x1b[m\x1b[K  candidate expects 3 arguments, 4 provided\n'}
[5.303339] (pico_kinova) StderrLine: {'line': b'  305 |             \x1b[01;36m\x1b[Kplt::plot(left_data, left_data_x, "r-", {{"label", "left_x"}})\x1b[m\x1b[K;\n'}
[5.303376] (pico_kinova) StderrLine: {'line': b'      |             \x1b[01;36m\x1b[K~~~~~~~~~^~~~~~~~~~~~~~~~~~~~~~~~~~~~~~~~~~~~~~~~~~~~~~~~~~~~~\x1b[m\x1b[K\n'}
[5.303413] (pico_kinova) StderrLine: {'line': b'In file included from \x1b[01m\x1b[K/home/rpp/Desktop/pico_kinova/pico_kinova/src/pico_kinova.cpp:42\x1b[m\x1b[K:\n'}
[5.303449] (pico_kinova) StderrLine: {'line': b'\x1b[01m\x1b[K/home/rpp/Desktop/pico_kinova/pico_kinova/matplotlib/matplotlibcpp.h:1810:6:\x1b[m\x1b[K \x1b[01;36m\x1b[Knote: \x1b[m\x1b[Kcandidate: \xe2\x80\x98\x1b[01m\x1b[Ktemplate<class Numeric> bool matplotlibcpp::plot(const std::vector<BufferT>&, const string&)\x1b[m\x1b[K\xe2\x80\x99\n'}
[5.303487] (pico_kinova) StderrLine: {'line': b' 1810 | bool \x1b[01;36m\x1b[Kplot\x1b[m\x1b[K(const std::vector<Numeric>& y, const std::string& format = "")\n'}
[5.303525] (pico_kinova) StderrLine: {'line': b'      |      \x1b[01;36m\x1b[K^~~~\x1b[m\x1b[K\n'}
[5.303561] (pico_kinova) StderrLine: {'line': b'\x1b[01m\x1b[K/home/rpp/Desktop/pico_kinova/pico_kinova/matplotlib/matplotlibcpp.h:1810:6:\x1b[m\x1b[K \x1b[01;36m\x1b[Knote: \x1b[m\x1b[K  template argument deduction/substitution failed:\n'}
[5.303597] (pico_kinova) StderrLine: {'line': b'\x1b[01m\x1b[K/home/rpp/Desktop/pico_kinova/pico_kinova/src/pico_kinova.cpp:305:22:\x1b[m\x1b[K \x1b[01;36m\x1b[Knote: \x1b[m\x1b[K  candidate expects 2 arguments, 4 provided\n'}
[5.303633] (pico_kinova) StderrLine: {'line': b'  305 |             \x1b[01;36m\x1b[Kplt::plot(left_data, left_data_x, "r-", {{"label", "left_x"}})\x1b[m\x1b[K;\n'}
[5.303669] (pico_kinova) StderrLine: {'line': b'      |             \x1b[01;36m\x1b[K~~~~~~~~~^~~~~~~~~~~~~~~~~~~~~~~~~~~~~~~~~~~~~~~~~~~~~~~~~~~~~\x1b[m\x1b[K\n'}
[5.303706] (pico_kinova) StderrLine: {'line': b'In file included from \x1b[01m\x1b[K/home/rpp/Desktop/pico_kinova/pico_kinova/src/pico_kinova.cpp:42\x1b[m\x1b[K:\n'}
[5.303743] (pico_kinova) StderrLine: {'line': b'\x1b[01m\x1b[K/home/rpp/Desktop/pico_kinova/pico_kinova/matplotlib/matplotlibcpp.h:1818:6:\x1b[m\x1b[K \x1b[01;36m\x1b[Knote: \x1b[m\x1b[Kcandidate: \xe2\x80\x98\x1b[01m\x1b[Ktemplate<class Numeric> bool matplotlibcpp::plot(const std::vector<BufferT>&, const std::map<std::__cxx11::basic_string<char>, std::__cxx11::basic_string<char> >&)\x1b[m\x1b[K\xe2\x80\x99\n'}
[5.303781] (pico_kinova) StderrLine: {'line': b' 1818 | bool \x1b[01;36m\x1b[Kplot\x1b[m\x1b[K(const std::vector<Numeric>& y, const std::map<std::string, std::string>& keywords)\n'}
[5.303821] (pico_kinova) StderrLine: {'line': b'      |      \x1b[01;36m\x1b[K^~~~\x1b[m\x1b[K\n'}
[5.303857] (pico_kinova) StderrLine: {'line': b'\x1b[01m\x1b[K/home/rpp/Desktop/pico_kinova/pico_kinova/matplotlib/matplotlibcpp.h:1818:6:\x1b[m\x1b[K \x1b[01;36m\x1b[Knote: \x1b[m\x1b[K  template argument deduction/substitution failed:\n'}
[5.303893] (pico_kinova) StderrLine: {'line': b'\x1b[01m\x1b[K/home/rpp/Desktop/pico_kinova/pico_kinova/src/pico_kinova.cpp:305:22:\x1b[m\x1b[K \x1b[01;36m\x1b[Knote: \x1b[m\x1b[K  candidate expects 2 arguments, 4 provided\n'}
[5.303929] (pico_kinova) StderrLine: {'line': b'  305 |             \x1b[01;36m\x1b[Kplt::plot(left_data, left_data_x, "r-", {{"label", "left_x"}})\x1b[m\x1b[K;\n'}
[5.303967] (pico_kinova) StderrLine: {'line': b'      |             \x1b[01;36m\x1b[K~~~~~~~~~^~~~~~~~~~~~~~~~~~~~~~~~~~~~~~~~~~~~~~~~~~~~~~~~~~~~~\x1b[m\x1b[K\n'}
[5.304004] (pico_kinova) StderrLine: {'line': b'In file included from \x1b[01m\x1b[K/home/rpp/Desktop/pico_kinova/pico_kinova/src/pico_kinova.cpp:42\x1b[m\x1b[K:\n'}
[5.304040] (pico_kinova) StderrLine: {'line': b'\x1b[01m\x1b[K/home/rpp/Desktop/pico_kinova/pico_kinova/matplotlib/matplotlibcpp.h:2860:6:\x1b[m\x1b[K \x1b[01;36m\x1b[Knote: \x1b[m\x1b[Kcandidate: \xe2\x80\x98\x1b[01m\x1b[Ktemplate<class ... Args> bool matplotlibcpp::plot()\x1b[m\x1b[K\xe2\x80\x99\n'}
[5.304080] (pico_kinova) StderrLine: {'line': b' 2860 | bool \x1b[01;36m\x1b[Kplot\x1b[m\x1b[K() { return true; }\n'}
[5.304117] (pico_kinova) StderrLine: {'line': b'      |      \x1b[01;36m\x1b[K^~~~\x1b[m\x1b[K\n'}
[5.304154] (pico_kinova) StderrLine: {'line': b'\x1b[01m\x1b[K/home/rpp/Desktop/pico_kinova/pico_kinova/matplotlib/matplotlibcpp.h:2860:6:\x1b[m\x1b[K \x1b[01;36m\x1b[Knote: \x1b[m\x1b[K  template argument deduction/substitution failed:\n'}
[5.304189] (pico_kinova) StderrLine: {'line': b'\x1b[01m\x1b[K/home/rpp/Desktop/pico_kinova/pico_kinova/src/pico_kinova.cpp:305:22:\x1b[m\x1b[K \x1b[01;36m\x1b[Knote: \x1b[m\x1b[K  candidate expects 0 arguments, 4 provided\n'}
[5.304225] (pico_kinova) StderrLine: {'line': b'  305 |             \x1b[01;36m\x1b[Kplt::plot(left_data, left_data_x, "r-", {{"label", "left_x"}})\x1b[m\x1b[K;\n'}
[5.304262] (pico_kinova) StderrLine: {'line': b'      |             \x1b[01;36m\x1b[K~~~~~~~~~^~~~~~~~~~~~~~~~~~~~~~~~~~~~~~~~~~~~~~~~~~~~~~~~~~~~~\x1b[m\x1b[K\n'}
[5.304298] (pico_kinova) StderrLine: {'line': b'In file included from \x1b[01m\x1b[K/home/rpp/Desktop/pico_kinova/pico_kinova/src/pico_kinova.cpp:42\x1b[m\x1b[K:\n'}
[5.304336] (pico_kinova) StderrLine: {'line': b'\x1b[01m\x1b[K/home/rpp/Desktop/pico_kinova/pico_kinova/matplotlib/matplotlibcpp.h:2863:6:\x1b[m\x1b[K \x1b[01;36m\x1b[Knote: \x1b[m\x1b[Kcandidate: \xe2\x80\x98\x1b[01m\x1b[Kbool matplotlibcpp::plot(const A&, const B&, const string&, Args ...) [with A = std::vector<double>; B = std::vector<double>; Args = {}; std::string = std::__cxx11::basic_string<char>]\x1b[m\x1b[K\xe2\x80\x99\n'}
[5.304377] (pico_kinova) StderrLine: {'line': b' 2863 | bool \x1b[01;36m\x1b[Kplot\x1b[m\x1b[K(const A& a, const B& b, const std::string& format, Args... args)\n'}
[5.304421] (pico_kinova) StderrLine: {'line': b'      |      \x1b[01;36m\x1b[K^~~~\x1b[m\x1b[K\n'}
[5.304457] (pico_kinova) StderrLine: {'line': b'\x1b[01m\x1b[K/home/rpp/Desktop/pico_kinova/pico_kinova/matplotlib/matplotlibcpp.h:2863:6:\x1b[m\x1b[K \x1b[01;36m\x1b[Knote: \x1b[m\x1b[K  candidate expects 3 arguments, 4 provided\n'}
[5.304493] (pico_kinova) StderrLine: {'line': b'\x1b[01m\x1b[K/home/rpp/Desktop/pico_kinova/pico_kinova/matplotlib/matplotlibcpp.h:2872:13:\x1b[m\x1b[K \x1b[01;36m\x1b[Knote: \x1b[m\x1b[Kcandidate: \xe2\x80\x98\x1b[01m\x1b[Kbool matplotlibcpp::plot(const std::vector<double>&, const std::vector<double>&, const string&)\x1b[m\x1b[K\xe2\x80\x99\n'}
[5.304534] (pico_kinova) StderrLine: {'line': b' 2872 | inline bool \x1b[01;36m\x1b[Kplot\x1b[m\x1b[K(const std::vector<double>& x, const std::vector<double>& y, const std::string& format = "") {\n'}
[5.304573] (pico_kinova) StderrLine: {'line': b'      |             \x1b[01;36m\x1b[K^~~~\x1b[m\x1b[K\n'}
[5.304610] (pico_kinova) StderrLine: {'line': b'\x1b[01m\x1b[K/home/rpp/Desktop/pico_kinova/pico_kinova/matplotlib/matplotlibcpp.h:2872:13:\x1b[m\x1b[K \x1b[01;36m\x1b[Knote: \x1b[m\x1b[K  candidate expects 3 arguments, 4 provided\n'}
[5.304648] (pico_kinova) StderrLine: {'line': b'\x1b[01m\x1b[K/home/rpp/Desktop/pico_kinova/pico_kinova/matplotlib/matplotlibcpp.h:2876:13:\x1b[m\x1b[K \x1b[01;36m\x1b[Knote: \x1b[m\x1b[Kcandidate: \xe2\x80\x98\x1b[01m\x1b[Kbool matplotlibcpp::plot(const std::vector<double>&, const string&)\x1b[m\x1b[K\xe2\x80\x99\n'}
[5.304690] (pico_kinova) StderrLine: {'line': b' 2876 | inline bool \x1b[01;36m\x1b[Kplot\x1b[m\x1b[K(const std::vector<double>& y, const std::string& format = "") {\n'}
[5.304726] (pico_kinova) StderrLine: {'line': b'      |             \x1b[01;36m\x1b[K^~~~\x1b[m\x1b[K\n'}
[5.304763] (pico_kinova) StderrLine: {'line': b'\x1b[01m\x1b[K/home/rpp/Desktop/pico_kinova/pico_kinova/matplotlib/matplotlibcpp.h:2876:13:\x1b[m\x1b[K \x1b[01;36m\x1b[Knote: \x1b[m\x1b[K  candidate expects 2 arguments, 4 provided\n'}
[5.304800] (pico_kinova) StderrLine: {'line': b'\x1b[01m\x1b[K/home/rpp/Desktop/pico_kinova/pico_kinova/matplotlib/matplotlibcpp.h:2880:13:\x1b[m\x1b[K \x1b[01;36m\x1b[Knote: \x1b[m\x1b[Kcandidate: \xe2\x80\x98\x1b[01m\x1b[Kbool matplotlibcpp::plot(const std::vector<double>&, const std::vector<double>&, const std::map<std::__cxx11::basic_string<char>, std::__cxx11::basic_string<char> >&)\x1b[m\x1b[K\xe2\x80\x99\n'}
[5.304846] (pico_kinova) StderrLine: {'line': b' 2880 | inline bool \x1b[01;36m\x1b[Kplot\x1b[m\x1b[K(const std::vector<double>& x, const std::vector<double>& y, const std::map<std::string, std::string>& keywords) {\n'}
[5.304883] (pico_kinova) StderrLine: {'line': b'      |             \x1b[01;36m\x1b[K^~~~\x1b[m\x1b[K\n'}
[5.304919] (pico_kinova) StderrLine: {'line': b'\x1b[01m\x1b[K/home/rpp/Desktop/pico_kinova/pico_kinova/matplotlib/matplotlibcpp.h:2880:13:\x1b[m\x1b[K \x1b[01;36m\x1b[Knote: \x1b[m\x1b[K  candidate expects 3 arguments, 4 provided\n'}
[5.304955] (pico_kinova) StderrLine: {'line': b'\x1b[01m\x1b[K/home/rpp/Desktop/pico_kinova/pico_kinova/src/pico_kinova.cpp:306:22:\x1b[m\x1b[K \x1b[01;31m\x1b[Kerror: \x1b[m\x1b[Kno matching function for call to \xe2\x80\x98\x1b[01m\x1b[Kplot(std::vector<double>&, std::vector<double>&, const char [3], <brace-enclosed initializer list>)\x1b[m\x1b[K\xe2\x80\x99\n'}
[5.304995] (pico_kinova) StderrLine: {'line': b'  306 |             \x1b[01;31m\x1b[Kplt::plot(left_data, left_data_y, "g-", {{"label", "left_y"}})\x1b[m\x1b[K;\n'}
[5.305033] (pico_kinova) StderrLine: {'line': b'      |             \x1b[01;31m\x1b[K~~~~~~~~~^~~~~~~~~~~~~~~~~~~~~~~~~~~~~~~~~~~~~~~~~~~~~~~~~~~~~\x1b[m\x1b[K\n'}
[5.305071] (pico_kinova) StderrLine: {'line': b'In file included from \x1b[01m\x1b[K/home/rpp/Desktop/pico_kinova/pico_kinova/src/pico_kinova.cpp:42\x1b[m\x1b[K:\n'}
[5.305107] (pico_kinova) StderrLine: {'line': b'\x1b[01m\x1b[K/home/rpp/Desktop/pico_kinova/pico_kinova/matplotlib/matplotlibcpp.h:442:6:\x1b[m\x1b[K \x1b[01;36m\x1b[Knote: \x1b[m\x1b[Kcandidate: \xe2\x80\x98\x1b[01m\x1b[Ktemplate<class Numeric> bool matplotlibcpp::plot(const std::vector<BufferT>&, const std::vector<BufferT>&, const std::map<std::__cxx11::basic_string<char>, std::__cxx11::basic_string<char> >&)\x1b[m\x1b[K\xe2\x80\x99\n'}
[5.305145] (pico_kinova) StderrLine: {'line': b'  442 | bool \x1b[01;36m\x1b[Kplot\x1b[m\x1b[K(const std::vector<Numeric> &x, const std::vector<Numeric> &y, const std::map<std::string, std::string>& keywords)\n'}
[5.305182] (pico_kinova) StderrLine: {'line': b'      |      \x1b[01;36m\x1b[K^~~~\x1b[m\x1b[K\n'}
[5.305218] (pico_kinova) StderrLine: {'line': b'\x1b[01m\x1b[K/home/rpp/Desktop/pico_kinova/pico_kinova/matplotlib/matplotlibcpp.h:442:6:\x1b[m\x1b[K \x1b[01;36m\x1b[Knote: \x1b[m\x1b[K  template argument deduction/substitution failed:\n'}
[5.305255] (pico_kinova) StderrLine: {'line': b'\x1b[01m\x1b[K/home/rpp/Desktop/pico_kinova/pico_kinova/src/pico_kinova.cpp:306:22:\x1b[m\x1b[K \x1b[01;36m\x1b[Knote: \x1b[m\x1b[K  candidate expects 3 arguments, 4 provided\n'}
[5.305294] (pico_kinova) StderrLine: {'line': b'  306 |             \x1b[01;36m\x1b[Kplt::plot(left_data, left_data_y, "g-", {{"label", "left_y"}})\x1b[m\x1b[K;\n'}
[5.305332] (pico_kinova) StderrLine: {'line': b'      |             \x1b[01;36m\x1b[K~~~~~~~~~^~~~~~~~~~~~~~~~~~~~~~~~~~~~~~~~~~~~~~~~~~~~~~~~~~~~~\x1b[m\x1b[K\n'}
[5.305368] (pico_kinova) StderrLine: {'line': b'In file included from \x1b[01m\x1b[K/home/rpp/Desktop/pico_kinova/pico_kinova/src/pico_kinova.cpp:42\x1b[m\x1b[K:\n'}
[5.305405] (pico_kinova) StderrLine: {'line': b'\x1b[01m\x1b[K/home/rpp/Desktop/pico_kinova/pico_kinova/matplotlib/matplotlibcpp.h:1358:6:\x1b[m\x1b[K \x1b[01;36m\x1b[Knote: \x1b[m\x1b[Kcandidate: \xe2\x80\x98\x1b[01m\x1b[Ktemplate<class NumericX, class NumericY> bool matplotlibcpp::plot(const std::vector<BufferT>&, const std::vector<_ValT>&, const string&)\x1b[m\x1b[K\xe2\x80\x99\n'}
[5.305443] (pico_kinova) StderrLine: {'line': b' 1358 | bool \x1b[01;36m\x1b[Kplot\x1b[m\x1b[K(const std::vector<NumericX>& x, const std::vector<NumericY>& y, const std::string& s = "")\n'}
[5.305479] (pico_kinova) StderrLine: {'line': b'      |      \x1b[01;36m\x1b[K^~~~\x1b[m\x1b[K\n'}
[5.305516] (pico_kinova) StderrLine: {'line': b'\x1b[01m\x1b[K/home/rpp/Desktop/pico_kinova/pico_kinova/matplotlib/matplotlibcpp.h:1358:6:\x1b[m\x1b[K \x1b[01;36m\x1b[Knote: \x1b[m\x1b[K  template argument deduction/substitution failed:\n'}
[5.305568] (pico_kinova) StderrLine: {'line': b'\x1b[01m\x1b[K/home/rpp/Desktop/pico_kinova/pico_kinova/src/pico_kinova.cpp:306:22:\x1b[m\x1b[K \x1b[01;36m\x1b[Knote: \x1b[m\x1b[K  candidate expects 3 arguments, 4 provided\n'}
[5.305607] (pico_kinova) StderrLine: {'line': b'  306 |             \x1b[01;36m\x1b[Kplt::plot(left_data, left_data_y, "g-", {{"label", "left_y"}})\x1b[m\x1b[K;\n'}
[5.305643] (pico_kinova) StderrLine: {'line': b'      |             \x1b[01;36m\x1b[K~~~~~~~~~^~~~~~~~~~~~~~~~~~~~~~~~~~~~~~~~~~~~~~~~~~~~~~~~~~~~~\x1b[m\x1b[K\n'}
[5.305678] (pico_kinova) StderrLine: {'line': b'In file included from \x1b[01m\x1b[K/home/rpp/Desktop/pico_kinova/pico_kinova/src/pico_kinova.cpp:42\x1b[m\x1b[K:\n'}
[5.305716] (pico_kinova) StderrLine: {'line': b'\x1b[01m\x1b[K/home/rpp/Desktop/pico_kinova/pico_kinova/matplotlib/matplotlibcpp.h:1810:6:\x1b[m\x1b[K \x1b[01;36m\x1b[Knote: \x1b[m\x1b[Kcandidate: \xe2\x80\x98\x1b[01m\x1b[Ktemplate<class Numeric> bool matplotlibcpp::plot(const std::vector<BufferT>&, const string&)\x1b[m\x1b[K\xe2\x80\x99\n'}
[5.305754] (pico_kinova) StderrLine: {'line': b' 1810 | bool \x1b[01;36m\x1b[Kplot\x1b[m\x1b[K(const std::vector<Numeric>& y, const std::string& format = "")\n'}
[5.305795] (pico_kinova) StderrLine: {'line': b'      |      \x1b[01;36m\x1b[K^~~~\x1b[m\x1b[K\n'}
[5.305834] (pico_kinova) StderrLine: {'line': b'\x1b[01m\x1b[K/home/rpp/Desktop/pico_kinova/pico_kinova/matplotlib/matplotlibcpp.h:1810:6:\x1b[m\x1b[K \x1b[01;36m\x1b[Knote: \x1b[m\x1b[K  template argument deduction/substitution failed:\n'}
[5.305870] (pico_kinova) StderrLine: {'line': b'\x1b[01m\x1b[K/home/rpp/Desktop/pico_kinova/pico_kinova/src/pico_kinova.cpp:306:22:\x1b[m\x1b[K \x1b[01;36m\x1b[Knote: \x1b[m\x1b[K  candidate expects 2 arguments, 4 provided\n'}
[5.305907] (pico_kinova) StderrLine: {'line': b'  306 |             \x1b[01;36m\x1b[Kplt::plot(left_data, left_data_y, "g-", {{"label", "left_y"}})\x1b[m\x1b[K;\n'}
[5.305943] (pico_kinova) StderrLine: {'line': b'      |             \x1b[01;36m\x1b[K~~~~~~~~~^~~~~~~~~~~~~~~~~~~~~~~~~~~~~~~~~~~~~~~~~~~~~~~~~~~~~\x1b[m\x1b[K\n'}
[5.305978] (pico_kinova) StderrLine: {'line': b'In file included from \x1b[01m\x1b[K/home/rpp/Desktop/pico_kinova/pico_kinova/src/pico_kinova.cpp:42\x1b[m\x1b[K:\n'}
[5.306014] (pico_kinova) StderrLine: {'line': b'\x1b[01m\x1b[K/home/rpp/Desktop/pico_kinova/pico_kinova/matplotlib/matplotlibcpp.h:1818:6:\x1b[m\x1b[K \x1b[01;36m\x1b[Knote: \x1b[m\x1b[Kcandidate: \xe2\x80\x98\x1b[01m\x1b[Ktemplate<class Numeric> bool matplotlibcpp::plot(const std::vector<BufferT>&, const std::map<std::__cxx11::basic_string<char>, std::__cxx11::basic_string<char> >&)\x1b[m\x1b[K\xe2\x80\x99\n'}
[5.306053] (pico_kinova) StderrLine: {'line': b' 1818 | bool \x1b[01;36m\x1b[Kplot\x1b[m\x1b[K(const std::vector<Numeric>& y, const std::map<std::string, std::string>& keywords)\n'}
[5.306094] (pico_kinova) StderrLine: {'line': b'      |      \x1b[01;36m\x1b[K^~~~\x1b[m\x1b[K\n'}
[5.306130] (pico_kinova) StderrLine: {'line': b'\x1b[01m\x1b[K/home/rpp/Desktop/pico_kinova/pico_kinova/matplotlib/matplotlibcpp.h:1818:6:\x1b[m\x1b[K \x1b[01;36m\x1b[Knote: \x1b[m\x1b[K  template argument deduction/substitution failed:\n'}
[5.306168] (pico_kinova) StderrLine: {'line': b'\x1b[01m\x1b[K/home/rpp/Desktop/pico_kinova/pico_kinova/src/pico_kinova.cpp:306:22:\x1b[m\x1b[K \x1b[01;36m\x1b[Knote: \x1b[m\x1b[K  candidate expects 2 arguments, 4 provided\n'}
[5.306206] (pico_kinova) StderrLine: {'line': b'  306 |             \x1b[01;36m\x1b[Kplt::plot(left_data, left_data_y, "g-", {{"label", "left_y"}})\x1b[m\x1b[K;\n'}
[5.306241] (pico_kinova) StderrLine: {'line': b'      |             \x1b[01;36m\x1b[K~~~~~~~~~^~~~~~~~~~~~~~~~~~~~~~~~~~~~~~~~~~~~~~~~~~~~~~~~~~~~~\x1b[m\x1b[K\n'}
[5.306277] (pico_kinova) StderrLine: {'line': b'In file included from \x1b[01m\x1b[K/home/rpp/Desktop/pico_kinova/pico_kinova/src/pico_kinova.cpp:42\x1b[m\x1b[K:\n'}
[5.306316] (pico_kinova) StderrLine: {'line': b'\x1b[01m\x1b[K/home/rpp/Desktop/pico_kinova/pico_kinova/matplotlib/matplotlibcpp.h:2860:6:\x1b[m\x1b[K \x1b[01;36m\x1b[Knote: \x1b[m\x1b[Kcandidate: \xe2\x80\x98\x1b[01m\x1b[Ktemplate<class ... Args> bool matplotlibcpp::plot()\x1b[m\x1b[K\xe2\x80\x99\n'}
[5.306363] (pico_kinova) StderrLine: {'line': b' 2860 | bool \x1b[01;36m\x1b[Kplot\x1b[m\x1b[K() { return true; }\n'}
[5.306402] (pico_kinova) StderrLine: {'line': b'      |      \x1b[01;36m\x1b[K^~~~\x1b[m\x1b[K\n'}
[5.306442] (pico_kinova) StderrLine: {'line': b'\x1b[01m\x1b[K/home/rpp/Desktop/pico_kinova/pico_kinova/matplotlib/matplotlibcpp.h:2860:6:\x1b[m\x1b[K \x1b[01;36m\x1b[Knote: \x1b[m\x1b[K  template argument deduction/substitution failed:\n'}
[5.306482] (pico_kinova) StderrLine: {'line': b'\x1b[01m\x1b[K/home/rpp/Desktop/pico_kinova/pico_kinova/src/pico_kinova.cpp:306:22:\x1b[m\x1b[K \x1b[01;36m\x1b[Knote: \x1b[m\x1b[K  candidate expects 0 arguments, 4 provided\n'}
[5.306521] (pico_kinova) StderrLine: {'line': b'  306 |             \x1b[01;36m\x1b[Kplt::plot(left_data, left_data_y, "g-", {{"label", "left_y"}})\x1b[m\x1b[K;\n'}
[5.306560] (pico_kinova) StderrLine: {'line': b'      |             \x1b[01;36m\x1b[K~~~~~~~~~^~~~~~~~~~~~~~~~~~~~~~~~~~~~~~~~~~~~~~~~~~~~~~~~~~~~~\x1b[m\x1b[K\n'}
[5.306597] (pico_kinova) StderrLine: {'line': b'In file included from \x1b[01m\x1b[K/home/rpp/Desktop/pico_kinova/pico_kinova/src/pico_kinova.cpp:42\x1b[m\x1b[K:\n'}
[5.306640] (pico_kinova) StderrLine: {'line': b'\x1b[01m\x1b[K/home/rpp/Desktop/pico_kinova/pico_kinova/matplotlib/matplotlibcpp.h:2863:6:\x1b[m\x1b[K \x1b[01;36m\x1b[Knote: \x1b[m\x1b[Kcandidate: \xe2\x80\x98\x1b[01m\x1b[Kbool matplotlibcpp::plot(const A&, const B&, const string&, Args ...) [with A = std::vector<double>; B = std::vector<double>; Args = {}; std::string = std::__cxx11::basic_string<char>]\x1b[m\x1b[K\xe2\x80\x99\n'}
[5.306686] (pico_kinova) StderrLine: {'line': b' 2863 | bool \x1b[01;36m\x1b[Kplot\x1b[m\x1b[K(const A& a, const B& b, const std::string& format, Args... args)\n'}
[5.306724] (pico_kinova) StderrLine: {'line': b'      |      \x1b[01;36m\x1b[K^~~~\x1b[m\x1b[K\n'}
[5.306761] (pico_kinova) StderrLine: {'line': b'\x1b[01m\x1b[K/home/rpp/Desktop/pico_kinova/pico_kinova/matplotlib/matplotlibcpp.h:2863:6:\x1b[m\x1b[K \x1b[01;36m\x1b[Knote: \x1b[m\x1b[K  candidate expects 3 arguments, 4 provided\n'}
[5.306799] (pico_kinova) StderrLine: {'line': b'\x1b[01m\x1b[K/home/rpp/Desktop/pico_kinova/pico_kinova/matplotlib/matplotlibcpp.h:2872:13:\x1b[m\x1b[K \x1b[01;36m\x1b[Knote: \x1b[m\x1b[Kcandidate: \xe2\x80\x98\x1b[01m\x1b[Kbool matplotlibcpp::plot(const std::vector<double>&, const std::vector<double>&, const string&)\x1b[m\x1b[K\xe2\x80\x99\n'}
[5.306860] (pico_kinova) StderrLine: {'line': b' 2872 | inline bool \x1b[01;36m\x1b[Kplot\x1b[m\x1b[K(const std::vector<double>& x, const std::vector<double>& y, const std::string& format = "") {\n'}
[5.306903] (pico_kinova) StderrLine: {'line': b'      |             \x1b[01;36m\x1b[K^~~~\x1b[m\x1b[K\n'}
[5.306939] (pico_kinova) StderrLine: {'line': b'\x1b[01m\x1b[K/home/rpp/Desktop/pico_kinova/pico_kinova/matplotlib/matplotlibcpp.h:2872:13:\x1b[m\x1b[K \x1b[01;36m\x1b[Knote: \x1b[m\x1b[K  candidate expects 3 arguments, 4 provided\n'}
[5.306976] (pico_kinova) StderrLine: {'line': b'\x1b[01m\x1b[K/home/rpp/Desktop/pico_kinova/pico_kinova/matplotlib/matplotlibcpp.h:2876:13:\x1b[m\x1b[K \x1b[01;36m\x1b[Knote: \x1b[m\x1b[Kcandidate: \xe2\x80\x98\x1b[01m\x1b[Kbool matplotlibcpp::plot(const std::vector<double>&, const string&)\x1b[m\x1b[K\xe2\x80\x99\n'}
[5.307013] (pico_kinova) StderrLine: {'line': b' 2876 | inline bool \x1b[01;36m\x1b[Kplot\x1b[m\x1b[K(const std::vector<double>& y, const std::string& format = "") {\n'}
[5.307052] (pico_kinova) StderrLine: {'line': b'      |             \x1b[01;36m\x1b[K^~~~\x1b[m\x1b[K\n'}
[5.307087] (pico_kinova) StderrLine: {'line': b'\x1b[01m\x1b[K/home/rpp/Desktop/pico_kinova/pico_kinova/matplotlib/matplotlibcpp.h:2876:13:\x1b[m\x1b[K \x1b[01;36m\x1b[Knote: \x1b[m\x1b[K  candidate expects 2 arguments, 4 provided\n'}
[5.307126] (pico_kinova) StderrLine: {'line': b'\x1b[01m\x1b[K/home/rpp/Desktop/pico_kinova/pico_kinova/matplotlib/matplotlibcpp.h:2880:13:\x1b[m\x1b[K \x1b[01;36m\x1b[Knote: \x1b[m\x1b[Kcandidate: \xe2\x80\x98\x1b[01m\x1b[Kbool matplotlibcpp::plot(const std::vector<double>&, const std::vector<double>&, const std::map<std::__cxx11::basic_string<char>, std::__cxx11::basic_string<char> >&)\x1b[m\x1b[K\xe2\x80\x99\n'}
[5.307164] (pico_kinova) StderrLine: {'line': b' 2880 | inline bool \x1b[01;36m\x1b[Kplot\x1b[m\x1b[K(const std::vector<double>& x, const std::vector<double>& y, const std::map<std::string, std::string>& keywords) {\n'}
[5.307202] (pico_kinova) StderrLine: {'line': b'      |             \x1b[01;36m\x1b[K^~~~\x1b[m\x1b[K\n'}
[5.307239] (pico_kinova) StderrLine: {'line': b'\x1b[01m\x1b[K/home/rpp/Desktop/pico_kinova/pico_kinova/matplotlib/matplotlibcpp.h:2880:13:\x1b[m\x1b[K \x1b[01;36m\x1b[Knote: \x1b[m\x1b[K  candidate expects 3 arguments, 4 provided\n'}
[5.307277] (pico_kinova) StderrLine: {'line': b'\x1b[01m\x1b[K/home/rpp/Desktop/pico_kinova/pico_kinova/src/pico_kinova.cpp:307:22:\x1b[m\x1b[K \x1b[01;31m\x1b[Kerror: \x1b[m\x1b[Kno matching function for call to \xe2\x80\x98\x1b[01m\x1b[Kplot(std::vector<double>&, std::vector<double>&, const char [3], <brace-enclosed initializer list>)\x1b[m\x1b[K\xe2\x80\x99\n'}
[5.307315] (pico_kinova) StderrLine: {'line': b'  307 |             \x1b[01;31m\x1b[Kplt::plot(left_data, left_data_z, "b-", {{"label", "left_z"}})\x1b[m\x1b[K;\n'}
[5.307351] (pico_kinova) StderrLine: {'line': b'      |             \x1b[01;31m\x1b[K~~~~~~~~~^~~~~~~~~~~~~~~~~~~~~~~~~~~~~~~~~~~~~~~~~~~~~~~~~~~~~\x1b[m\x1b[K\n'}
[5.307387] (pico_kinova) StderrLine: {'line': b'In file included from \x1b[01m\x1b[K/home/rpp/Desktop/pico_kinova/pico_kinova/src/pico_kinova.cpp:42\x1b[m\x1b[K:\n'}
[5.307425] (pico_kinova) StderrLine: {'line': b'\x1b[01m\x1b[K/home/rpp/Desktop/pico_kinova/pico_kinova/matplotlib/matplotlibcpp.h:442:6:\x1b[m\x1b[K \x1b[01;36m\x1b[Knote: \x1b[m\x1b[Kcandidate: \xe2\x80\x98\x1b[01m\x1b[Ktemplate<class Numeric> bool matplotlibcpp::plot(const std::vector<BufferT>&, const std::vector<BufferT>&, const std::map<std::__cxx11::basic_string<char>, std::__cxx11::basic_string<char> >&)\x1b[m\x1b[K\xe2\x80\x99\n'}
[5.307463] (pico_kinova) StderrLine: {'line': b'  442 | bool \x1b[01;36m\x1b[Kplot\x1b[m\x1b[K(const std::vector<Numeric> &x, const std::vector<Numeric> &y, const std::map<std::string, std::string>& keywords)\n'}
[5.307504] (pico_kinova) StderrLine: {'line': b'      |      \x1b[01;36m\x1b[K^~~~\x1b[m\x1b[K\n'}
[5.307541] (pico_kinova) StderrLine: {'line': b'\x1b[01m\x1b[K/home/rpp/Desktop/pico_kinova/pico_kinova/matplotlib/matplotlibcpp.h:442:6:\x1b[m\x1b[K \x1b[01;36m\x1b[Knote: \x1b[m\x1b[K  template argument deduction/substitution failed:\n'}
[5.307580] (pico_kinova) StderrLine: {'line': b'\x1b[01m\x1b[K/home/rpp/Desktop/pico_kinova/pico_kinova/src/pico_kinova.cpp:307:22:\x1b[m\x1b[K \x1b[01;36m\x1b[Knote: \x1b[m\x1b[K  candidate expects 3 arguments, 4 provided\n'}
[5.307617] (pico_kinova) StderrLine: {'line': b'  307 |             \x1b[01;36m\x1b[Kplt::plot(left_data, left_data_z, "b-", {{"label", "left_z"}})\x1b[m\x1b[K;\n'}
[5.307653] (pico_kinova) StderrLine: {'line': b'      |             \x1b[01;36m\x1b[K~~~~~~~~~^~~~~~~~~~~~~~~~~~~~~~~~~~~~~~~~~~~~~~~~~~~~~~~~~~~~~\x1b[m\x1b[K\n'}
[5.307689] (pico_kinova) StderrLine: {'line': b'In file included from \x1b[01m\x1b[K/home/rpp/Desktop/pico_kinova/pico_kinova/src/pico_kinova.cpp:42\x1b[m\x1b[K:\n'}
[5.307727] (pico_kinova) StderrLine: {'line': b'\x1b[01m\x1b[K/home/rpp/Desktop/pico_kinova/pico_kinova/matplotlib/matplotlibcpp.h:1358:6:\x1b[m\x1b[K \x1b[01;36m\x1b[Knote: \x1b[m\x1b[Kcandidate: \xe2\x80\x98\x1b[01m\x1b[Ktemplate<class NumericX, class NumericY> bool matplotlibcpp::plot(const std::vector<BufferT>&, const std::vector<_ValT>&, const string&)\x1b[m\x1b[K\xe2\x80\x99\n'}
[5.307767] (pico_kinova) StderrLine: {'line': b' 1358 | bool \x1b[01;36m\x1b[Kplot\x1b[m\x1b[K(const std::vector<NumericX>& x, const std::vector<NumericY>& y, const std::string& s = "")\n'}
[5.307813] (pico_kinova) StderrLine: {'line': b'      |      \x1b[01;36m\x1b[K^~~~\x1b[m\x1b[K\n'}
[5.307855] (pico_kinova) StderrLine: {'line': b'\x1b[01m\x1b[K/home/rpp/Desktop/pico_kinova/pico_kinova/matplotlib/matplotlibcpp.h:1358:6:\x1b[m\x1b[K \x1b[01;36m\x1b[Knote: \x1b[m\x1b[K  template argument deduction/substitution failed:\n'}
[5.307897] (pico_kinova) StderrLine: {'line': b'\x1b[01m\x1b[K/home/rpp/Desktop/pico_kinova/pico_kinova/src/pico_kinova.cpp:307:22:\x1b[m\x1b[K \x1b[01;36m\x1b[Knote: \x1b[m\x1b[K  candidate expects 3 arguments, 4 provided\n'}
[5.307946] (pico_kinova) StderrLine: {'line': b'  307 |             \x1b[01;36m\x1b[Kplt::plot(left_data, left_data_z, "b-", {{"label", "left_z"}})\x1b[m\x1b[K;\n'}
[5.308003] (pico_kinova) StderrLine: {'line': b'      |             \x1b[01;36m\x1b[K~~~~~~~~~^~~~~~~~~~~~~~~~~~~~~~~~~~~~~~~~~~~~~~~~~~~~~~~~~~~~~\x1b[m\x1b[K\n'}
[5.308069] (pico_kinova) StderrLine: {'line': b'In file included from \x1b[01m\x1b[K/home/rpp/Desktop/pico_kinova/pico_kinova/src/pico_kinova.cpp:42\x1b[m\x1b[K:\n'}
[5.308131] (pico_kinova) StderrLine: {'line': b'\x1b[01m\x1b[K/home/rpp/Desktop/pico_kinova/pico_kinova/matplotlib/matplotlibcpp.h:1810:6:\x1b[m\x1b[K \x1b[01;36m\x1b[Knote: \x1b[m\x1b[Kcandidate: \xe2\x80\x98\x1b[01m\x1b[Ktemplate<class Numeric> bool matplotlibcpp::plot(const std::vector<BufferT>&, const string&)\x1b[m\x1b[K\xe2\x80\x99\n'}
[5.308198] (pico_kinova) StderrLine: {'line': b' 1810 | bool \x1b[01;36m\x1b[Kplot\x1b[m\x1b[K(const std::vector<Numeric>& y, const std::string& format = "")\n'}
[5.308267] (pico_kinova) StderrLine: {'line': b'      |      \x1b[01;36m\x1b[K^~~~\x1b[m\x1b[K\n'}
[5.308337] (pico_kinova) StderrLine: {'line': b'\x1b[01m\x1b[K/home/rpp/Desktop/pico_kinova/pico_kinova/matplotlib/matplotlibcpp.h:1810:6:\x1b[m\x1b[K \x1b[01;36m\x1b[Knote: \x1b[m\x1b[K  template argument deduction/substitution failed:\n'}
[5.308407] (pico_kinova) StderrLine: {'line': b'\x1b[01m\x1b[K/home/rpp/Desktop/pico_kinova/pico_kinova/src/pico_kinova.cpp:307:22:\x1b[m\x1b[K \x1b[01;36m\x1b[Knote: \x1b[m\x1b[K  candidate expects 2 arguments, 4 provided\n'}
[5.308474] (pico_kinova) StderrLine: {'line': b'  307 |             \x1b[01;36m\x1b[Kplt::plot(left_data, left_data_z, "b-", {{"label", "left_z"}})\x1b[m\x1b[K;\n'}
[5.308545] (pico_kinova) StderrLine: {'line': b'      |             \x1b[01;36m\x1b[K~~~~~~~~~^~~~~~~~~~~~~~~~~~~~~~~~~~~~~~~~~~~~~~~~~~~~~~~~~~~~~\x1b[m\x1b[K\n'}
[5.308604] (pico_kinova) StderrLine: {'line': b'In file included from \x1b[01m\x1b[K/home/rpp/Desktop/pico_kinova/pico_kinova/src/pico_kinova.cpp:42\x1b[m\x1b[K:\n'}
[5.308644] (pico_kinova) StderrLine: {'line': b'\x1b[01m\x1b[K/home/rpp/Desktop/pico_kinova/pico_kinova/matplotlib/matplotlibcpp.h:1818:6:\x1b[m\x1b[K \x1b[01;36m\x1b[Knote: \x1b[m\x1b[Kcandidate: \xe2\x80\x98\x1b[01m\x1b[Ktemplate<class Numeric> bool matplotlibcpp::plot(const std::vector<BufferT>&, const std::map<std::__cxx11::basic_string<char>, std::__cxx11::basic_string<char> >&)\x1b[m\x1b[K\xe2\x80\x99\n'}
[5.308685] (pico_kinova) StderrLine: {'line': b' 1818 | bool \x1b[01;36m\x1b[Kplot\x1b[m\x1b[K(const std::vector<Numeric>& y, const std::map<std::string, std::string>& keywords)\n'}
[5.308722] (pico_kinova) StderrLine: {'line': b'      |      \x1b[01;36m\x1b[K^~~~\x1b[m\x1b[K\n'}
[5.308760] (pico_kinova) StderrLine: {'line': b'\x1b[01m\x1b[K/home/rpp/Desktop/pico_kinova/pico_kinova/matplotlib/matplotlibcpp.h:1818:6:\x1b[m\x1b[K \x1b[01;36m\x1b[Knote: \x1b[m\x1b[K  template argument deduction/substitution failed:\n'}
[5.308798] (pico_kinova) StderrLine: {'line': b'\x1b[01m\x1b[K/home/rpp/Desktop/pico_kinova/pico_kinova/src/pico_kinova.cpp:307:22:\x1b[m\x1b[K \x1b[01;36m\x1b[Knote: \x1b[m\x1b[K  candidate expects 2 arguments, 4 provided\n'}
[5.308842] (pico_kinova) StderrLine: {'line': b'  307 |             \x1b[01;36m\x1b[Kplt::plot(left_data, left_data_z, "b-", {{"label", "left_z"}})\x1b[m\x1b[K;\n'}
[5.308879] (pico_kinova) StderrLine: {'line': b'      |             \x1b[01;36m\x1b[K~~~~~~~~~^~~~~~~~~~~~~~~~~~~~~~~~~~~~~~~~~~~~~~~~~~~~~~~~~~~~~\x1b[m\x1b[K\n'}
[5.308921] (pico_kinova) StderrLine: {'line': b'In file included from \x1b[01m\x1b[K/home/rpp/Desktop/pico_kinova/pico_kinova/src/pico_kinova.cpp:42\x1b[m\x1b[K:\n'}
[5.308961] (pico_kinova) StderrLine: {'line': b'\x1b[01m\x1b[K/home/rpp/Desktop/pico_kinova/pico_kinova/matplotlib/matplotlibcpp.h:2860:6:\x1b[m\x1b[K \x1b[01;36m\x1b[Knote: \x1b[m\x1b[Kcandidate: \xe2\x80\x98\x1b[01m\x1b[Ktemplate<class ... Args> bool matplotlibcpp::plot()\x1b[m\x1b[K\xe2\x80\x99\n'}
[5.309002] (pico_kinova) StderrLine: {'line': b' 2860 | bool \x1b[01;36m\x1b[Kplot\x1b[m\x1b[K() { return true; }\n'}
[5.309040] (pico_kinova) StderrLine: {'line': b'      |      \x1b[01;36m\x1b[K^~~~\x1b[m\x1b[K\n'}
[5.309078] (pico_kinova) StderrLine: {'line': b'\x1b[01m\x1b[K/home/rpp/Desktop/pico_kinova/pico_kinova/matplotlib/matplotlibcpp.h:2860:6:\x1b[m\x1b[K \x1b[01;36m\x1b[Knote: \x1b[m\x1b[K  template argument deduction/substitution failed:\n'}
[5.309115] (pico_kinova) StderrLine: {'line': b'\x1b[01m\x1b[K/home/rpp/Desktop/pico_kinova/pico_kinova/src/pico_kinova.cpp:307:22:\x1b[m\x1b[K \x1b[01;36m\x1b[Knote: \x1b[m\x1b[K  candidate expects 0 arguments, 4 provided\n'}
[5.309153] (pico_kinova) StderrLine: {'line': b'  307 |             \x1b[01;36m\x1b[Kplt::plot(left_data, left_data_z, "b-", {{"label", "left_z"}})\x1b[m\x1b[K;\n'}
[5.309190] (pico_kinova) StderrLine: {'line': b'      |             \x1b[01;36m\x1b[K~~~~~~~~~^~~~~~~~~~~~~~~~~~~~~~~~~~~~~~~~~~~~~~~~~~~~~~~~~~~~~\x1b[m\x1b[K\n'}
[5.309226] (pico_kinova) StderrLine: {'line': b'In file included from \x1b[01m\x1b[K/home/rpp/Desktop/pico_kinova/pico_kinova/src/pico_kinova.cpp:42\x1b[m\x1b[K:\n'}
[5.309264] (pico_kinova) StderrLine: {'line': b'\x1b[01m\x1b[K/home/rpp/Desktop/pico_kinova/pico_kinova/matplotlib/matplotlibcpp.h:2863:6:\x1b[m\x1b[K \x1b[01;36m\x1b[Knote: \x1b[m\x1b[Kcandidate: \xe2\x80\x98\x1b[01m\x1b[Kbool matplotlibcpp::plot(const A&, const B&, const string&, Args ...) [with A = std::vector<double>; B = std::vector<double>; Args = {}; std::string = std::__cxx11::basic_string<char>]\x1b[m\x1b[K\xe2\x80\x99\n'}
[5.309304] (pico_kinova) StderrLine: {'line': b' 2863 | bool \x1b[01;36m\x1b[Kplot\x1b[m\x1b[K(const A& a, const B& b, const std::string& format, Args... args)\n'}
[5.309341] (pico_kinova) StderrLine: {'line': b'      |      \x1b[01;36m\x1b[K^~~~\x1b[m\x1b[K\n'}
[5.309378] (pico_kinova) StderrLine: {'line': b'\x1b[01m\x1b[K/home/rpp/Desktop/pico_kinova/pico_kinova/matplotlib/matplotlibcpp.h:2863:6:\x1b[m\x1b[K \x1b[01;36m\x1b[Knote: \x1b[m\x1b[K  candidate expects 3 arguments, 4 provided\n'}
[5.309415] (pico_kinova) StderrLine: {'line': b'\x1b[01m\x1b[K/home/rpp/Desktop/pico_kinova/pico_kinova/matplotlib/matplotlibcpp.h:2872:13:\x1b[m\x1b[K \x1b[01;36m\x1b[Knote: \x1b[m\x1b[Kcandidate: \xe2\x80\x98\x1b[01m\x1b[Kbool matplotlibcpp::plot(const std::vector<double>&, const std::vector<double>&, const string&)\x1b[m\x1b[K\xe2\x80\x99\n'}
[5.309455] (pico_kinova) StderrLine: {'line': b' 2872 | inline bool \x1b[01;36m\x1b[Kplot\x1b[m\x1b[K(const std::vector<double>& x, const std::vector<double>& y, const std::string& format = "") {\n'}
[5.309492] (pico_kinova) StderrLine: {'line': b'      |             \x1b[01;36m\x1b[K^~~~\x1b[m\x1b[K\n'}
[5.309528] (pico_kinova) StderrLine: {'line': b'\x1b[01m\x1b[K/home/rpp/Desktop/pico_kinova/pico_kinova/matplotlib/matplotlibcpp.h:2872:13:\x1b[m\x1b[K \x1b[01;36m\x1b[Knote: \x1b[m\x1b[K  candidate expects 3 arguments, 4 provided\n'}
[5.309564] (pico_kinova) StderrLine: {'line': b'\x1b[01m\x1b[K/home/rpp/Desktop/pico_kinova/pico_kinova/matplotlib/matplotlibcpp.h:2876:13:\x1b[m\x1b[K \x1b[01;36m\x1b[Knote: \x1b[m\x1b[Kcandidate: \xe2\x80\x98\x1b[01m\x1b[Kbool matplotlibcpp::plot(const std::vector<double>&, const string&)\x1b[m\x1b[K\xe2\x80\x99\n'}
[5.309600] (pico_kinova) StderrLine: {'line': b' 2876 | inline bool \x1b[01;36m\x1b[Kplot\x1b[m\x1b[K(const std::vector<double>& y, const std::string& format = "") {\n'}
[5.309639] (pico_kinova) StderrLine: {'line': b'      |             \x1b[01;36m\x1b[K^~~~\x1b[m\x1b[K\n'}
[5.309677] (pico_kinova) StderrLine: {'line': b'\x1b[01m\x1b[K/home/rpp/Desktop/pico_kinova/pico_kinova/matplotlib/matplotlibcpp.h:2876:13:\x1b[m\x1b[K \x1b[01;36m\x1b[Knote: \x1b[m\x1b[K  candidate expects 2 arguments, 4 provided\n'}
[5.309717] (pico_kinova) StderrLine: {'line': b'\x1b[01m\x1b[K/home/rpp/Desktop/pico_kinova/pico_kinova/matplotlib/matplotlibcpp.h:2880:13:\x1b[m\x1b[K \x1b[01;36m\x1b[Knote: \x1b[m\x1b[Kcandidate: \xe2\x80\x98\x1b[01m\x1b[Kbool matplotlibcpp::plot(const std::vector<double>&, const std::vector<double>&, const std::map<std::__cxx11::basic_string<char>, std::__cxx11::basic_string<char> >&)\x1b[m\x1b[K\xe2\x80\x99\n'}
[5.309757] (pico_kinova) StderrLine: {'line': b' 2880 | inline bool \x1b[01;36m\x1b[Kplot\x1b[m\x1b[K(const std::vector<double>& x, const std::vector<double>& y, const std::map<std::string, std::string>& keywords) {\n'}
[5.309793] (pico_kinova) StderrLine: {'line': b'      |             \x1b[01;36m\x1b[K^~~~\x1b[m\x1b[K\n'}
[5.309834] (pico_kinova) StderrLine: {'line': b'\x1b[01m\x1b[K/home/rpp/Desktop/pico_kinova/pico_kinova/matplotlib/matplotlibcpp.h:2880:13:\x1b[m\x1b[K \x1b[01;36m\x1b[Knote: \x1b[m\x1b[K  candidate expects 3 arguments, 4 provided\n'}
[5.309870] (pico_kinova) StderrLine: {'line': b'\x1b[01m\x1b[K/home/rpp/Desktop/pico_kinova/pico_kinova/src/pico_kinova.cpp:311:22:\x1b[m\x1b[K \x1b[01;31m\x1b[Kerror: \x1b[m\x1b[Kno matching function for call to \xe2\x80\x98\x1b[01m\x1b[Kplot(std::vector<double>&, std::vector<double>&, const char [4], <brace-enclosed initializer list>)\x1b[m\x1b[K\xe2\x80\x99\n'}
[5.309907] (pico_kinova) StderrLine: {'line': b'  311 |             \x1b[01;31m\x1b[Kplt::plot(right_data, right_data_x, "r--", {{"label", "right_x"}})\x1b[m\x1b[K;\n'}
[5.309945] (pico_kinova) StderrLine: {'line': b'      |             \x1b[01;31m\x1b[K~~~~~~~~~^~~~~~~~~~~~~~~~~~~~~~~~~~~~~~~~~~~~~~~~~~~~~~~~~~~~~~~~~\x1b[m\x1b[K\n'}
[5.309981] (pico_kinova) StderrLine: {'line': b'In file included from \x1b[01m\x1b[K/home/rpp/Desktop/pico_kinova/pico_kinova/src/pico_kinova.cpp:42\x1b[m\x1b[K:\n'}
[5.310017] (pico_kinova) StderrLine: {'line': b'\x1b[01m\x1b[K/home/rpp/Desktop/pico_kinova/pico_kinova/matplotlib/matplotlibcpp.h:442:6:\x1b[m\x1b[K \x1b[01;36m\x1b[Knote: \x1b[m\x1b[Kcandidate: \xe2\x80\x98\x1b[01m\x1b[Ktemplate<class Numeric> bool matplotlibcpp::plot(const std::vector<BufferT>&, const std::vector<BufferT>&, const std::map<std::__cxx11::basic_string<char>, std::__cxx11::basic_string<char> >&)\x1b[m\x1b[K\xe2\x80\x99\n'}
[5.310056] (pico_kinova) StderrLine: {'line': b'  442 | bool \x1b[01;36m\x1b[Kplot\x1b[m\x1b[K(const std::vector<Numeric> &x, const std::vector<Numeric> &y, const std::map<std::string, std::string>& keywords)\n'}
[5.310094] (pico_kinova) StderrLine: {'line': b'      |      \x1b[01;36m\x1b[K^~~~\x1b[m\x1b[K\n'}
[5.310131] (pico_kinova) StderrLine: {'line': b'\x1b[01m\x1b[K/home/rpp/Desktop/pico_kinova/pico_kinova/matplotlib/matplotlibcpp.h:442:6:\x1b[m\x1b[K \x1b[01;36m\x1b[Knote: \x1b[m\x1b[K  template argument deduction/substitution failed:\n'}
[5.310168] (pico_kinova) StderrLine: {'line': b'\x1b[01m\x1b[K/home/rpp/Desktop/pico_kinova/pico_kinova/src/pico_kinova.cpp:311:22:\x1b[m\x1b[K \x1b[01;36m\x1b[Knote: \x1b[m\x1b[K  candidate expects 3 arguments, 4 provided\n'}
[5.310206] (pico_kinova) StderrLine: {'line': b'  311 |             \x1b[01;36m\x1b[Kplt::plot(right_data, right_data_x, "r--", {{"label", "right_x"}})\x1b[m\x1b[K;\n'}
[5.310243] (pico_kinova) StderrLine: {'line': b'      |             \x1b[01;36m\x1b[K~~~~~~~~~^~~~~~~~~~~~~~~~~~~~~~~~~~~~~~~~~~~~~~~~~~~~~~~~~~~~~~~~~\x1b[m\x1b[K\n'}
[5.310280] (pico_kinova) StderrLine: {'line': b'In file included from \x1b[01m\x1b[K/home/rpp/Desktop/pico_kinova/pico_kinova/src/pico_kinova.cpp:42\x1b[m\x1b[K:\n'}
[5.310316] (pico_kinova) StderrLine: {'line': b'\x1b[01m\x1b[K/home/rpp/Desktop/pico_kinova/pico_kinova/matplotlib/matplotlibcpp.h:1358:6:\x1b[m\x1b[K \x1b[01;36m\x1b[Knote: \x1b[m\x1b[Kcandidate: \xe2\x80\x98\x1b[01m\x1b[Ktemplate<class NumericX, class NumericY> bool matplotlibcpp::plot(const std::vector<BufferT>&, const std::vector<_ValT>&, const string&)\x1b[m\x1b[K\xe2\x80\x99\n'}
[5.310357] (pico_kinova) StderrLine: {'line': b' 1358 | bool \x1b[01;36m\x1b[Kplot\x1b[m\x1b[K(const std::vector<NumericX>& x, const std::vector<NumericY>& y, const std::string& s = "")\n'}
[5.310394] (pico_kinova) StderrLine: {'line': b'      |      \x1b[01;36m\x1b[K^~~~\x1b[m\x1b[K\n'}
[5.310430] (pico_kinova) StderrLine: {'line': b'\x1b[01m\x1b[K/home/rpp/Desktop/pico_kinova/pico_kinova/matplotlib/matplotlibcpp.h:1358:6:\x1b[m\x1b[K \x1b[01;36m\x1b[Knote: \x1b[m\x1b[K  template argument deduction/substitution failed:\n'}
[5.310469] (pico_kinova) StderrLine: {'line': b'\x1b[01m\x1b[K/home/rpp/Desktop/pico_kinova/pico_kinova/src/pico_kinova.cpp:311:22:\x1b[m\x1b[K \x1b[01;36m\x1b[Knote: \x1b[m\x1b[K  candidate expects 3 arguments, 4 provided\n'}
[5.310509] (pico_kinova) StderrLine: {'line': b'  311 |             \x1b[01;36m\x1b[Kplt::plot(right_data, right_data_x, "r--", {{"label", "right_x"}})\x1b[m\x1b[K;\n'}
[5.310546] (pico_kinova) StderrLine: {'line': b'      |             \x1b[01;36m\x1b[K~~~~~~~~~^~~~~~~~~~~~~~~~~~~~~~~~~~~~~~~~~~~~~~~~~~~~~~~~~~~~~~~~~\x1b[m\x1b[K\n'}
[5.310584] (pico_kinova) StderrLine: {'line': b'In file included from \x1b[01m\x1b[K/home/rpp/Desktop/pico_kinova/pico_kinova/src/pico_kinova.cpp:42\x1b[m\x1b[K:\n'}
[5.310620] (pico_kinova) StderrLine: {'line': b'\x1b[01m\x1b[K/home/rpp/Desktop/pico_kinova/pico_kinova/matplotlib/matplotlibcpp.h:1810:6:\x1b[m\x1b[K \x1b[01;36m\x1b[Knote: \x1b[m\x1b[Kcandidate: \xe2\x80\x98\x1b[01m\x1b[Ktemplate<class Numeric> bool matplotlibcpp::plot(const std::vector<BufferT>&, const string&)\x1b[m\x1b[K\xe2\x80\x99\n'}
[5.310658] (pico_kinova) StderrLine: {'line': b' 1810 | bool \x1b[01;36m\x1b[Kplot\x1b[m\x1b[K(const std::vector<Numeric>& y, const std::string& format = "")\n'}
[5.310696] (pico_kinova) StderrLine: {'line': b'      |      \x1b[01;36m\x1b[K^~~~\x1b[m\x1b[K\n'}
[5.310732] (pico_kinova) StderrLine: {'line': b'\x1b[01m\x1b[K/home/rpp/Desktop/pico_kinova/pico_kinova/matplotlib/matplotlibcpp.h:1810:6:\x1b[m\x1b[K \x1b[01;36m\x1b[Knote: \x1b[m\x1b[K  template argument deduction/substitution failed:\n'}
[5.310775] (pico_kinova) StderrLine: {'line': b'\x1b[01m\x1b[K/home/rpp/Desktop/pico_kinova/pico_kinova/src/pico_kinova.cpp:311:22:\x1b[m\x1b[K \x1b[01;36m\x1b[Knote: \x1b[m\x1b[K  candidate expects 2 arguments, 4 provided\n'}
[5.310931] (pico_kinova) StderrLine: {'line': b'  311 |             \x1b[01;36m\x1b[Kplt::plot(right_data, right_data_x, "r--", {{"label", "right_x"}})\x1b[m\x1b[K;\n'}
[5.310968] (pico_kinova) StderrLine: {'line': b'      |             \x1b[01;36m\x1b[K~~~~~~~~~^~~~~~~~~~~~~~~~~~~~~~~~~~~~~~~~~~~~~~~~~~~~~~~~~~~~~~~~~\x1b[m\x1b[K\n'}
[5.311004] (pico_kinova) StderrLine: {'line': b'In file included from \x1b[01m\x1b[K/home/rpp/Desktop/pico_kinova/pico_kinova/src/pico_kinova.cpp:42\x1b[m\x1b[K:\n'}
[5.311040] (pico_kinova) StderrLine: {'line': b'\x1b[01m\x1b[K/home/rpp/Desktop/pico_kinova/pico_kinova/matplotlib/matplotlibcpp.h:1818:6:\x1b[m\x1b[K \x1b[01;36m\x1b[Knote: \x1b[m\x1b[Kcandidate: \xe2\x80\x98\x1b[01m\x1b[Ktemplate<class Numeric> bool matplotlibcpp::plot(const std::vector<BufferT>&, const std::map<std::__cxx11::basic_string<char>, std::__cxx11::basic_string<char> >&)\x1b[m\x1b[K\xe2\x80\x99\n'}
[5.311079] (pico_kinova) StderrLine: {'line': b' 1818 | bool \x1b[01;36m\x1b[Kplot\x1b[m\x1b[K(const std::vector<Numeric>& y, const std::map<std::string, std::string>& keywords)\n'}
[5.311116] (pico_kinova) StderrLine: {'line': b'      |      \x1b[01;36m\x1b[K^~~~\x1b[m\x1b[K\n'}
[5.311152] (pico_kinova) StderrLine: {'line': b'\x1b[01m\x1b[K/home/rpp/Desktop/pico_kinova/pico_kinova/matplotlib/matplotlibcpp.h:1818:6:\x1b[m\x1b[K \x1b[01;36m\x1b[Knote: \x1b[m\x1b[K  template argument deduction/substitution failed:\n'}
[5.311189] (pico_kinova) StderrLine: {'line': b'\x1b[01m\x1b[K/home/rpp/Desktop/pico_kinova/pico_kinova/src/pico_kinova.cpp:311:22:\x1b[m\x1b[K \x1b[01;36m\x1b[Knote: \x1b[m\x1b[K  candidate expects 2 arguments, 4 provided\n'}
[5.311228] (pico_kinova) StderrLine: {'line': b'  311 |             \x1b[01;36m\x1b[Kplt::plot(right_data, right_data_x, "r--", {{"label", "right_x"}})\x1b[m\x1b[K;\n'}
[5.311265] (pico_kinova) StderrLine: {'line': b'      |             \x1b[01;36m\x1b[K~~~~~~~~~^~~~~~~~~~~~~~~~~~~~~~~~~~~~~~~~~~~~~~~~~~~~~~~~~~~~~~~~~\x1b[m\x1b[K\n'}
[5.311300] (pico_kinova) StderrLine: {'line': b'In file included from \x1b[01m\x1b[K/home/rpp/Desktop/pico_kinova/pico_kinova/src/pico_kinova.cpp:42\x1b[m\x1b[K:\n'}
[5.311336] (pico_kinova) StderrLine: {'line': b'\x1b[01m\x1b[K/home/rpp/Desktop/pico_kinova/pico_kinova/matplotlib/matplotlibcpp.h:2860:6:\x1b[m\x1b[K \x1b[01;36m\x1b[Knote: \x1b[m\x1b[Kcandidate: \xe2\x80\x98\x1b[01m\x1b[Ktemplate<class ... Args> bool matplotlibcpp::plot()\x1b[m\x1b[K\xe2\x80\x99\n'}
[5.311374] (pico_kinova) StderrLine: {'line': b' 2860 | bool \x1b[01;36m\x1b[Kplot\x1b[m\x1b[K() { return true; }\n'}
[5.311411] (pico_kinova) StderrLine: {'line': b'      |      \x1b[01;36m\x1b[K^~~~\x1b[m\x1b[K\n'}
[5.311447] (pico_kinova) StderrLine: {'line': b'\x1b[01m\x1b[K/home/rpp/Desktop/pico_kinova/pico_kinova/matplotlib/matplotlibcpp.h:2860:6:\x1b[m\x1b[K \x1b[01;36m\x1b[Knote: \x1b[m\x1b[K  template argument deduction/substitution failed:\n'}
[5.311483] (pico_kinova) StderrLine: {'line': b'\x1b[01m\x1b[K/home/rpp/Desktop/pico_kinova/pico_kinova/src/pico_kinova.cpp:311:22:\x1b[m\x1b[K \x1b[01;36m\x1b[Knote: \x1b[m\x1b[K  candidate expects 0 arguments, 4 provided\n'}
[5.311519] (pico_kinova) StderrLine: {'line': b'  311 |             \x1b[01;36m\x1b[Kplt::plot(right_data, right_data_x, "r--", {{"label", "right_x"}})\x1b[m\x1b[K;\n'}
[5.311556] (pico_kinova) StderrLine: {'line': b'      |             \x1b[01;36m\x1b[K~~~~~~~~~^~~~~~~~~~~~~~~~~~~~~~~~~~~~~~~~~~~~~~~~~~~~~~~~~~~~~~~~~\x1b[m\x1b[K\n'}
[5.311593] (pico_kinova) StderrLine: {'line': b'In file included from \x1b[01m\x1b[K/home/rpp/Desktop/pico_kinova/pico_kinova/src/pico_kinova.cpp:42\x1b[m\x1b[K:\n'}
[5.311630] (pico_kinova) StderrLine: {'line': b'\x1b[01m\x1b[K/home/rpp/Desktop/pico_kinova/pico_kinova/matplotlib/matplotlibcpp.h:2863:6:\x1b[m\x1b[K \x1b[01;36m\x1b[Knote: \x1b[m\x1b[Kcandidate: \xe2\x80\x98\x1b[01m\x1b[Kbool matplotlibcpp::plot(const A&, const B&, const string&, Args ...) [with A = std::vector<double>; B = std::vector<double>; Args = {}; std::string = std::__cxx11::basic_string<char>]\x1b[m\x1b[K\xe2\x80\x99\n'}
[5.311671] (pico_kinova) StderrLine: {'line': b' 2863 | bool \x1b[01;36m\x1b[Kplot\x1b[m\x1b[K(const A& a, const B& b, const std::string& format, Args... args)\n'}
[5.311710] (pico_kinova) StderrLine: {'line': b'      |      \x1b[01;36m\x1b[K^~~~\x1b[m\x1b[K\n'}
[5.311747] (pico_kinova) StderrLine: {'line': b'\x1b[01m\x1b[K/home/rpp/Desktop/pico_kinova/pico_kinova/matplotlib/matplotlibcpp.h:2863:6:\x1b[m\x1b[K \x1b[01;36m\x1b[Knote: \x1b[m\x1b[K  candidate expects 3 arguments, 4 provided\n'}
[5.311784] (pico_kinova) StderrLine: {'line': b'\x1b[01m\x1b[K/home/rpp/Desktop/pico_kinova/pico_kinova/matplotlib/matplotlibcpp.h:2872:13:\x1b[m\x1b[K \x1b[01;36m\x1b[Knote: \x1b[m\x1b[Kcandidate: \xe2\x80\x98\x1b[01m\x1b[Kbool matplotlibcpp::plot(const std::vector<double>&, const std::vector<double>&, const string&)\x1b[m\x1b[K\xe2\x80\x99\n'}
[5.311827] (pico_kinova) StderrLine: {'line': b' 2872 | inline bool \x1b[01;36m\x1b[Kplot\x1b[m\x1b[K(const std::vector<double>& x, const std::vector<double>& y, const std::string& format = "") {\n'}
[5.311865] (pico_kinova) StderrLine: {'line': b'      |             \x1b[01;36m\x1b[K^~~~\x1b[m\x1b[K\n'}
[5.311901] (pico_kinova) StderrLine: {'line': b'\x1b[01m\x1b[K/home/rpp/Desktop/pico_kinova/pico_kinova/matplotlib/matplotlibcpp.h:2872:13:\x1b[m\x1b[K \x1b[01;36m\x1b[Knote: \x1b[m\x1b[K  candidate expects 3 arguments, 4 provided\n'}
[5.311938] (pico_kinova) StderrLine: {'line': b'\x1b[01m\x1b[K/home/rpp/Desktop/pico_kinova/pico_kinova/matplotlib/matplotlibcpp.h:2876:13:\x1b[m\x1b[K \x1b[01;36m\x1b[Knote: \x1b[m\x1b[Kcandidate: \xe2\x80\x98\x1b[01m\x1b[Kbool matplotlibcpp::plot(const std::vector<double>&, const string&)\x1b[m\x1b[K\xe2\x80\x99\n'}
[5.311980] (pico_kinova) StderrLine: {'line': b' 2876 | inline bool \x1b[01;36m\x1b[Kplot\x1b[m\x1b[K(const std::vector<double>& y, const std::string& format = "") {\n'}
[5.312019] (pico_kinova) StderrLine: {'line': b'      |             \x1b[01;36m\x1b[K^~~~\x1b[m\x1b[K\n'}
[5.312056] (pico_kinova) StderrLine: {'line': b'\x1b[01m\x1b[K/home/rpp/Desktop/pico_kinova/pico_kinova/matplotlib/matplotlibcpp.h:2876:13:\x1b[m\x1b[K \x1b[01;36m\x1b[Knote: \x1b[m\x1b[K  candidate expects 2 arguments, 4 provided\n'}
[5.312092] (pico_kinova) StderrLine: {'line': b'\x1b[01m\x1b[K/home/rpp/Desktop/pico_kinova/pico_kinova/matplotlib/matplotlibcpp.h:2880:13:\x1b[m\x1b[K \x1b[01;36m\x1b[Knote: \x1b[m\x1b[Kcandidate: \xe2\x80\x98\x1b[01m\x1b[Kbool matplotlibcpp::plot(const std::vector<double>&, const std::vector<double>&, const std::map<std::__cxx11::basic_string<char>, std::__cxx11::basic_string<char> >&)\x1b[m\x1b[K\xe2\x80\x99\n'}
[5.312129] (pico_kinova) StderrLine: {'line': b' 2880 | inline bool \x1b[01;36m\x1b[Kplot\x1b[m\x1b[K(const std::vector<double>& x, const std::vector<double>& y, const std::map<std::string, std::string>& keywords) {\n'}
[5.312168] (pico_kinova) StderrLine: {'line': b'      |             \x1b[01;36m\x1b[K^~~~\x1b[m\x1b[K\n'}
[5.312207] (pico_kinova) StderrLine: {'line': b'\x1b[01m\x1b[K/home/rpp/Desktop/pico_kinova/pico_kinova/matplotlib/matplotlibcpp.h:2880:13:\x1b[m\x1b[K \x1b[01;36m\x1b[Knote: \x1b[m\x1b[K  candidate expects 3 arguments, 4 provided\n'}
[5.312244] (pico_kinova) StderrLine: {'line': b'\x1b[01m\x1b[K/home/rpp/Desktop/pico_kinova/pico_kinova/src/pico_kinova.cpp:312:22:\x1b[m\x1b[K \x1b[01;31m\x1b[Kerror: \x1b[m\x1b[Kno matching function for call to \xe2\x80\x98\x1b[01m\x1b[Kplot(std::vector<double>&, std::vector<double>&, const char [4], <brace-enclosed initializer list>)\x1b[m\x1b[K\xe2\x80\x99\n'}
[5.312283] (pico_kinova) StderrLine: {'line': b'  312 |             \x1b[01;31m\x1b[Kplt::plot(right_data, right_data_y, "g--", {{"label", "right_y"}})\x1b[m\x1b[K;\n'}
[5.312320] (pico_kinova) StderrLine: {'line': b'      |             \x1b[01;31m\x1b[K~~~~~~~~~^~~~~~~~~~~~~~~~~~~~~~~~~~~~~~~~~~~~~~~~~~~~~~~~~~~~~~~~~\x1b[m\x1b[K\n'}
[5.312356] (pico_kinova) StderrLine: {'line': b'In file included from \x1b[01m\x1b[K/home/rpp/Desktop/pico_kinova/pico_kinova/src/pico_kinova.cpp:42\x1b[m\x1b[K:\n'}
[5.312394] (pico_kinova) StderrLine: {'line': b'\x1b[01m\x1b[K/home/rpp/Desktop/pico_kinova/pico_kinova/matplotlib/matplotlibcpp.h:442:6:\x1b[m\x1b[K \x1b[01;36m\x1b[Knote: \x1b[m\x1b[Kcandidate: \xe2\x80\x98\x1b[01m\x1b[Ktemplate<class Numeric> bool matplotlibcpp::plot(const std::vector<BufferT>&, const std::vector<BufferT>&, const std::map<std::__cxx11::basic_string<char>, std::__cxx11::basic_string<char> >&)\x1b[m\x1b[K\xe2\x80\x99\n'}
[5.312431] (pico_kinova) StderrLine: {'line': b'  442 | bool \x1b[01;36m\x1b[Kplot\x1b[m\x1b[K(const std::vector<Numeric> &x, const std::vector<Numeric> &y, const std::map<std::string, std::string>& keywords)\n'}
[5.312468] (pico_kinova) StderrLine: {'line': b'      |      \x1b[01;36m\x1b[K^~~~\x1b[m\x1b[K\n'}
[5.312504] (pico_kinova) StderrLine: {'line': b'\x1b[01m\x1b[K/home/rpp/Desktop/pico_kinova/pico_kinova/matplotlib/matplotlibcpp.h:442:6:\x1b[m\x1b[K \x1b[01;36m\x1b[Knote: \x1b[m\x1b[K  template argument deduction/substitution failed:\n'}
[5.312540] (pico_kinova) StderrLine: {'line': b'\x1b[01m\x1b[K/home/rpp/Desktop/pico_kinova/pico_kinova/src/pico_kinova.cpp:312:22:\x1b[m\x1b[K \x1b[01;36m\x1b[Knote: \x1b[m\x1b[K  candidate expects 3 arguments, 4 provided\n'}
[5.312579] (pico_kinova) StderrLine: {'line': b'  312 |             \x1b[01;36m\x1b[Kplt::plot(right_data, right_data_y, "g--", {{"label", "right_y"}})\x1b[m\x1b[K;\n'}
[5.312617] (pico_kinova) StderrLine: {'line': b'      |             \x1b[01;36m\x1b[K~~~~~~~~~^~~~~~~~~~~~~~~~~~~~~~~~~~~~~~~~~~~~~~~~~~~~~~~~~~~~~~~~~\x1b[m\x1b[K\n'}
[5.312654] (pico_kinova) StderrLine: {'line': b'In file included from \x1b[01m\x1b[K/home/rpp/Desktop/pico_kinova/pico_kinova/src/pico_kinova.cpp:42\x1b[m\x1b[K:\n'}
[5.312693] (pico_kinova) StderrLine: {'line': b'\x1b[01m\x1b[K/home/rpp/Desktop/pico_kinova/pico_kinova/matplotlib/matplotlibcpp.h:1358:6:\x1b[m\x1b[K \x1b[01;36m\x1b[Knote: \x1b[m\x1b[Kcandidate: \xe2\x80\x98\x1b[01m\x1b[Ktemplate<class NumericX, class NumericY> bool matplotlibcpp::plot(const std::vector<BufferT>&, const std::vector<_ValT>&, const string&)\x1b[m\x1b[K\xe2\x80\x99\n'}
[5.312731] (pico_kinova) StderrLine: {'line': b' 1358 | bool \x1b[01;36m\x1b[Kplot\x1b[m\x1b[K(const std::vector<NumericX>& x, const std::vector<NumericY>& y, const std::string& s = "")\n'}
[5.312767] (pico_kinova) StderrLine: {'line': b'      |      \x1b[01;36m\x1b[K^~~~\x1b[m\x1b[K\n'}
[5.312805] (pico_kinova) StderrLine: {'line': b'\x1b[01m\x1b[K/home/rpp/Desktop/pico_kinova/pico_kinova/matplotlib/matplotlibcpp.h:1358:6:\x1b[m\x1b[K \x1b[01;36m\x1b[Knote: \x1b[m\x1b[K  template argument deduction/substitution failed:\n'}
[5.312847] (-) TimerEvent: {}
[5.312920] (pico_kinova) StderrLine: {'line': b'\x1b[01m\x1b[K/home/rpp/Desktop/pico_kinova/pico_kinova/src/pico_kinova.cpp:312:22:\x1b[m\x1b[K \x1b[01;36m\x1b[Knote: \x1b[m\x1b[K  candidate expects 3 arguments, 4 provided\n'}
[5.312973] (pico_kinova) StderrLine: {'line': b'  312 |             \x1b[01;36m\x1b[Kplt::plot(right_data, right_data_y, "g--", {{"label", "right_y"}})\x1b[m\x1b[K;\n'}
[5.313017] (pico_kinova) StderrLine: {'line': b'      |             \x1b[01;36m\x1b[K~~~~~~~~~^~~~~~~~~~~~~~~~~~~~~~~~~~~~~~~~~~~~~~~~~~~~~~~~~~~~~~~~~\x1b[m\x1b[K\n'}
[5.313056] (pico_kinova) StderrLine: {'line': b'In file included from \x1b[01m\x1b[K/home/rpp/Desktop/pico_kinova/pico_kinova/src/pico_kinova.cpp:42\x1b[m\x1b[K:\n'}
[5.313097] (pico_kinova) StderrLine: {'line': b'\x1b[01m\x1b[K/home/rpp/Desktop/pico_kinova/pico_kinova/matplotlib/matplotlibcpp.h:1810:6:\x1b[m\x1b[K \x1b[01;36m\x1b[Knote: \x1b[m\x1b[Kcandidate: \xe2\x80\x98\x1b[01m\x1b[Ktemplate<class Numeric> bool matplotlibcpp::plot(const std::vector<BufferT>&, const string&)\x1b[m\x1b[K\xe2\x80\x99\n'}
[5.313137] (pico_kinova) StderrLine: {'line': b' 1810 | bool \x1b[01;36m\x1b[Kplot\x1b[m\x1b[K(const std::vector<Numeric>& y, const std::string& format = "")\n'}
[5.313174] (pico_kinova) StderrLine: {'line': b'      |      \x1b[01;36m\x1b[K^~~~\x1b[m\x1b[K\n'}
[5.313210] (pico_kinova) StderrLine: {'line': b'\x1b[01m\x1b[K/home/rpp/Desktop/pico_kinova/pico_kinova/matplotlib/matplotlibcpp.h:1810:6:\x1b[m\x1b[K \x1b[01;36m\x1b[Knote: \x1b[m\x1b[K  template argument deduction/substitution failed:\n'}
[5.313253] (pico_kinova) StderrLine: {'line': b'\x1b[01m\x1b[K/home/rpp/Desktop/pico_kinova/pico_kinova/src/pico_kinova.cpp:312:22:\x1b[m\x1b[K \x1b[01;36m\x1b[Knote: \x1b[m\x1b[K  candidate expects 2 arguments, 4 provided\n'}
[5.313290] (pico_kinova) StderrLine: {'line': b'  312 |             \x1b[01;36m\x1b[Kplt::plot(right_data, right_data_y, "g--", {{"label", "right_y"}})\x1b[m\x1b[K;\n'}
[5.313327] (pico_kinova) StderrLine: {'line': b'      |             \x1b[01;36m\x1b[K~~~~~~~~~^~~~~~~~~~~~~~~~~~~~~~~~~~~~~~~~~~~~~~~~~~~~~~~~~~~~~~~~~\x1b[m\x1b[K\n'}
[5.313365] (pico_kinova) StderrLine: {'line': b'In file included from \x1b[01m\x1b[K/home/rpp/Desktop/pico_kinova/pico_kinova/src/pico_kinova.cpp:42\x1b[m\x1b[K:\n'}
[5.313402] (pico_kinova) StderrLine: {'line': b'\x1b[01m\x1b[K/home/rpp/Desktop/pico_kinova/pico_kinova/matplotlib/matplotlibcpp.h:1818:6:\x1b[m\x1b[K \x1b[01;36m\x1b[Knote: \x1b[m\x1b[Kcandidate: \xe2\x80\x98\x1b[01m\x1b[Ktemplate<class Numeric> bool matplotlibcpp::plot(const std::vector<BufferT>&, const std::map<std::__cxx11::basic_string<char>, std::__cxx11::basic_string<char> >&)\x1b[m\x1b[K\xe2\x80\x99\n'}
[5.313441] (pico_kinova) StderrLine: {'line': b' 1818 | bool \x1b[01;36m\x1b[Kplot\x1b[m\x1b[K(const std::vector<Numeric>& y, const std::map<std::string, std::string>& keywords)\n'}
[5.313480] (pico_kinova) StderrLine: {'line': b'      |      \x1b[01;36m\x1b[K^~~~\x1b[m\x1b[K\n'}
[5.313517] (pico_kinova) StderrLine: {'line': b'\x1b[01m\x1b[K/home/rpp/Desktop/pico_kinova/pico_kinova/matplotlib/matplotlibcpp.h:1818:6:\x1b[m\x1b[K \x1b[01;36m\x1b[Knote: \x1b[m\x1b[K  template argument deduction/substitution failed:\n'}
[5.313558] (pico_kinova) StderrLine: {'line': b'\x1b[01m\x1b[K/home/rpp/Desktop/pico_kinova/pico_kinova/src/pico_kinova.cpp:312:22:\x1b[m\x1b[K \x1b[01;36m\x1b[Knote: \x1b[m\x1b[K  candidate expects 2 arguments, 4 provided\n'}
[5.313597] (pico_kinova) StderrLine: {'line': b'  312 |             \x1b[01;36m\x1b[Kplt::plot(right_data, right_data_y, "g--", {{"label", "right_y"}})\x1b[m\x1b[K;\n'}
[5.313633] (pico_kinova) StderrLine: {'line': b'      |             \x1b[01;36m\x1b[K~~~~~~~~~^~~~~~~~~~~~~~~~~~~~~~~~~~~~~~~~~~~~~~~~~~~~~~~~~~~~~~~~~\x1b[m\x1b[K\n'}
[5.313669] (pico_kinova) StderrLine: {'line': b'In file included from \x1b[01m\x1b[K/home/rpp/Desktop/pico_kinova/pico_kinova/src/pico_kinova.cpp:42\x1b[m\x1b[K:\n'}
[5.313705] (pico_kinova) StderrLine: {'line': b'\x1b[01m\x1b[K/home/rpp/Desktop/pico_kinova/pico_kinova/matplotlib/matplotlibcpp.h:2860:6:\x1b[m\x1b[K \x1b[01;36m\x1b[Knote: \x1b[m\x1b[Kcandidate: \xe2\x80\x98\x1b[01m\x1b[Ktemplate<class ... Args> bool matplotlibcpp::plot()\x1b[m\x1b[K\xe2\x80\x99\n'}
[5.313742] (pico_kinova) StderrLine: {'line': b' 2860 | bool \x1b[01;36m\x1b[Kplot\x1b[m\x1b[K() { return true; }\n'}
[5.313779] (pico_kinova) StderrLine: {'line': b'      |      \x1b[01;36m\x1b[K^~~~\x1b[m\x1b[K\n'}
[5.313820] (pico_kinova) StderrLine: {'line': b'\x1b[01m\x1b[K/home/rpp/Desktop/pico_kinova/pico_kinova/matplotlib/matplotlibcpp.h:2860:6:\x1b[m\x1b[K \x1b[01;36m\x1b[Knote: \x1b[m\x1b[K  template argument deduction/substitution failed:\n'}
[5.313875] (pico_kinova) StderrLine: {'line': b'\x1b[01m\x1b[K/home/rpp/Desktop/pico_kinova/pico_kinova/src/pico_kinova.cpp:312:22:\x1b[m\x1b[K \x1b[01;36m\x1b[Knote: \x1b[m\x1b[K  candidate expects 0 arguments, 4 provided\n'}
[5.313914] (pico_kinova) StderrLine: {'line': b'  312 |             \x1b[01;36m\x1b[Kplt::plot(right_data, right_data_y, "g--", {{"label", "right_y"}})\x1b[m\x1b[K;\n'}
[5.313951] (pico_kinova) StderrLine: {'line': b'      |             \x1b[01;36m\x1b[K~~~~~~~~~^~~~~~~~~~~~~~~~~~~~~~~~~~~~~~~~~~~~~~~~~~~~~~~~~~~~~~~~~\x1b[m\x1b[K\n'}
[5.313988] (pico_kinova) StderrLine: {'line': b'In file included from \x1b[01m\x1b[K/home/rpp/Desktop/pico_kinova/pico_kinova/src/pico_kinova.cpp:42\x1b[m\x1b[K:\n'}
[5.314025] (pico_kinova) StderrLine: {'line': b'\x1b[01m\x1b[K/home/rpp/Desktop/pico_kinova/pico_kinova/matplotlib/matplotlibcpp.h:2863:6:\x1b[m\x1b[K \x1b[01;36m\x1b[Knote: \x1b[m\x1b[Kcandidate: \xe2\x80\x98\x1b[01m\x1b[Kbool matplotlibcpp::plot(const A&, const B&, const string&, Args ...) [with A = std::vector<double>; B = std::vector<double>; Args = {}; std::string = std::__cxx11::basic_string<char>]\x1b[m\x1b[K\xe2\x80\x99\n'}
[5.314064] (pico_kinova) StderrLine: {'line': b' 2863 | bool \x1b[01;36m\x1b[Kplot\x1b[m\x1b[K(const A& a, const B& b, const std::string& format, Args... args)\n'}
[5.314100] (pico_kinova) StderrLine: {'line': b'      |      \x1b[01;36m\x1b[K^~~~\x1b[m\x1b[K\n'}
[5.314135] (pico_kinova) StderrLine: {'line': b'\x1b[01m\x1b[K/home/rpp/Desktop/pico_kinova/pico_kinova/matplotlib/matplotlibcpp.h:2863:6:\x1b[m\x1b[K \x1b[01;36m\x1b[Knote: \x1b[m\x1b[K  candidate expects 3 arguments, 4 provided\n'}
[5.314171] (pico_kinova) StderrLine: {'line': b'\x1b[01m\x1b[K/home/rpp/Desktop/pico_kinova/pico_kinova/matplotlib/matplotlibcpp.h:2872:13:\x1b[m\x1b[K \x1b[01;36m\x1b[Knote: \x1b[m\x1b[Kcandidate: \xe2\x80\x98\x1b[01m\x1b[Kbool matplotlibcpp::plot(const std::vector<double>&, const std::vector<double>&, const string&)\x1b[m\x1b[K\xe2\x80\x99\n'}
[5.314213] (pico_kinova) StderrLine: {'line': b' 2872 | inline bool \x1b[01;36m\x1b[Kplot\x1b[m\x1b[K(const std::vector<double>& x, const std::vector<double>& y, const std::string& format = "") {\n'}
[5.314249] (pico_kinova) StderrLine: {'line': b'      |             \x1b[01;36m\x1b[K^~~~\x1b[m\x1b[K\n'}
[5.314284] (pico_kinova) StderrLine: {'line': b'\x1b[01m\x1b[K/home/rpp/Desktop/pico_kinova/pico_kinova/matplotlib/matplotlibcpp.h:2872:13:\x1b[m\x1b[K \x1b[01;36m\x1b[Knote: \x1b[m\x1b[K  candidate expects 3 arguments, 4 provided\n'}
[5.314322] (pico_kinova) StderrLine: {'line': b'\x1b[01m\x1b[K/home/rpp/Desktop/pico_kinova/pico_kinova/matplotlib/matplotlibcpp.h:2876:13:\x1b[m\x1b[K \x1b[01;36m\x1b[Knote: \x1b[m\x1b[Kcandidate: \xe2\x80\x98\x1b[01m\x1b[Kbool matplotlibcpp::plot(const std::vector<double>&, const string&)\x1b[m\x1b[K\xe2\x80\x99\n'}
[5.314358] (pico_kinova) StderrLine: {'line': b' 2876 | inline bool \x1b[01;36m\x1b[Kplot\x1b[m\x1b[K(const std::vector<double>& y, const std::string& format = "") {\n'}
[5.314397] (pico_kinova) StderrLine: {'line': b'      |             \x1b[01;36m\x1b[K^~~~\x1b[m\x1b[K\n'}
[5.314433] (pico_kinova) StderrLine: {'line': b'\x1b[01m\x1b[K/home/rpp/Desktop/pico_kinova/pico_kinova/matplotlib/matplotlibcpp.h:2876:13:\x1b[m\x1b[K \x1b[01;36m\x1b[Knote: \x1b[m\x1b[K  candidate expects 2 arguments, 4 provided\n'}
[5.314469] (pico_kinova) StderrLine: {'line': b'\x1b[01m\x1b[K/home/rpp/Desktop/pico_kinova/pico_kinova/matplotlib/matplotlibcpp.h:2880:13:\x1b[m\x1b[K \x1b[01;36m\x1b[Knote: \x1b[m\x1b[Kcandidate: \xe2\x80\x98\x1b[01m\x1b[Kbool matplotlibcpp::plot(const std::vector<double>&, const std::vector<double>&, const std::map<std::__cxx11::basic_string<char>, std::__cxx11::basic_string<char> >&)\x1b[m\x1b[K\xe2\x80\x99\n'}
[5.314505] (pico_kinova) StderrLine: {'line': b' 2880 | inline bool \x1b[01;36m\x1b[Kplot\x1b[m\x1b[K(const std::vector<double>& x, const std::vector<double>& y, const std::map<std::string, std::string>& keywords) {\n'}
[5.314543] (pico_kinova) StderrLine: {'line': b'      |             \x1b[01;36m\x1b[K^~~~\x1b[m\x1b[K\n'}
[5.314578] (pico_kinova) StderrLine: {'line': b'\x1b[01m\x1b[K/home/rpp/Desktop/pico_kinova/pico_kinova/matplotlib/matplotlibcpp.h:2880:13:\x1b[m\x1b[K \x1b[01;36m\x1b[Knote: \x1b[m\x1b[K  candidate expects 3 arguments, 4 provided\n'}
[5.314615] (pico_kinova) StderrLine: {'line': b'\x1b[01m\x1b[K/home/rpp/Desktop/pico_kinova/pico_kinova/src/pico_kinova.cpp:313:22:\x1b[m\x1b[K \x1b[01;31m\x1b[Kerror: \x1b[m\x1b[Kno matching function for call to \xe2\x80\x98\x1b[01m\x1b[Kplot(std::vector<double>&, std::vector<double>&, const char [4], <brace-enclosed initializer list>)\x1b[m\x1b[K\xe2\x80\x99\n'}
[5.314652] (pico_kinova) StderrLine: {'line': b'  313 |             \x1b[01;31m\x1b[Kplt::plot(right_data, right_data_z, "b--", {{"label", "right_z"}})\x1b[m\x1b[K;\n'}
[5.314687] (pico_kinova) StderrLine: {'line': b'      |             \x1b[01;31m\x1b[K~~~~~~~~~^~~~~~~~~~~~~~~~~~~~~~~~~~~~~~~~~~~~~~~~~~~~~~~~~~~~~~~~~\x1b[m\x1b[K\n'}
[5.314723] (pico_kinova) StderrLine: {'line': b'In file included from \x1b[01m\x1b[K/home/rpp/Desktop/pico_kinova/pico_kinova/src/pico_kinova.cpp:42\x1b[m\x1b[K:\n'}
[5.314760] (pico_kinova) StderrLine: {'line': b'\x1b[01m\x1b[K/home/rpp/Desktop/pico_kinova/pico_kinova/matplotlib/matplotlibcpp.h:442:6:\x1b[m\x1b[K \x1b[01;36m\x1b[Knote: \x1b[m\x1b[Kcandidate: \xe2\x80\x98\x1b[01m\x1b[Ktemplate<class Numeric> bool matplotlibcpp::plot(const std::vector<BufferT>&, const std::vector<BufferT>&, const std::map<std::__cxx11::basic_string<char>, std::__cxx11::basic_string<char> >&)\x1b[m\x1b[K\xe2\x80\x99\n'}
[5.314797] (pico_kinova) StderrLine: {'line': b'  442 | bool \x1b[01;36m\x1b[Kplot\x1b[m\x1b[K(const std::vector<Numeric> &x, const std::vector<Numeric> &y, const std::map<std::string, std::string>& keywords)\n'}
[5.314838] (pico_kinova) StderrLine: {'line': b'      |      \x1b[01;36m\x1b[K^~~~\x1b[m\x1b[K\n'}
[5.314874] (pico_kinova) StderrLine: {'line': b'\x1b[01m\x1b[K/home/rpp/Desktop/pico_kinova/pico_kinova/matplotlib/matplotlibcpp.h:442:6:\x1b[m\x1b[K \x1b[01;36m\x1b[Knote: \x1b[m\x1b[K  template argument deduction/substitution failed:\n'}
[5.314909] (pico_kinova) StderrLine: {'line': b'\x1b[01m\x1b[K/home/rpp/Desktop/pico_kinova/pico_kinova/src/pico_kinova.cpp:313:22:\x1b[m\x1b[K \x1b[01;36m\x1b[Knote: \x1b[m\x1b[K  candidate expects 3 arguments, 4 provided\n'}
[5.314944] (pico_kinova) StderrLine: {'line': b'  313 |             \x1b[01;36m\x1b[Kplt::plot(right_data, right_data_z, "b--", {{"label", "right_z"}})\x1b[m\x1b[K;\n'}
[5.314982] (pico_kinova) StderrLine: {'line': b'      |             \x1b[01;36m\x1b[K~~~~~~~~~^~~~~~~~~~~~~~~~~~~~~~~~~~~~~~~~~~~~~~~~~~~~~~~~~~~~~~~~~\x1b[m\x1b[K\n'}
[5.315018] (pico_kinova) StderrLine: {'line': b'In file included from \x1b[01m\x1b[K/home/rpp/Desktop/pico_kinova/pico_kinova/src/pico_kinova.cpp:42\x1b[m\x1b[K:\n'}
[5.315054] (pico_kinova) StderrLine: {'line': b'\x1b[01m\x1b[K/home/rpp/Desktop/pico_kinova/pico_kinova/matplotlib/matplotlibcpp.h:1358:6:\x1b[m\x1b[K \x1b[01;36m\x1b[Knote: \x1b[m\x1b[Kcandidate: \xe2\x80\x98\x1b[01m\x1b[Ktemplate<class NumericX, class NumericY> bool matplotlibcpp::plot(const std::vector<BufferT>&, const std::vector<_ValT>&, const string&)\x1b[m\x1b[K\xe2\x80\x99\n'}
[5.315090] (pico_kinova) StderrLine: {'line': b' 1358 | bool \x1b[01;36m\x1b[Kplot\x1b[m\x1b[K(const std::vector<NumericX>& x, const std::vector<NumericY>& y, const std::string& s = "")\n'}
[5.315127] (pico_kinova) StderrLine: {'line': b'      |      \x1b[01;36m\x1b[K^~~~\x1b[m\x1b[K\n'}
[5.315163] (pico_kinova) StderrLine: {'line': b'\x1b[01m\x1b[K/home/rpp/Desktop/pico_kinova/pico_kinova/matplotlib/matplotlibcpp.h:1358:6:\x1b[m\x1b[K \x1b[01;36m\x1b[Knote: \x1b[m\x1b[K  template argument deduction/substitution failed:\n'}
[5.315202] (pico_kinova) StderrLine: {'line': b'\x1b[01m\x1b[K/home/rpp/Desktop/pico_kinova/pico_kinova/src/pico_kinova.cpp:313:22:\x1b[m\x1b[K \x1b[01;36m\x1b[Knote: \x1b[m\x1b[K  candidate expects 3 arguments, 4 provided\n'}
[5.315237] (pico_kinova) StderrLine: {'line': b'  313 |             \x1b[01;36m\x1b[Kplt::plot(right_data, right_data_z, "b--", {{"label", "right_z"}})\x1b[m\x1b[K;\n'}
[5.315285] (pico_kinova) StderrLine: {'line': b'      |             \x1b[01;36m\x1b[K~~~~~~~~~^~~~~~~~~~~~~~~~~~~~~~~~~~~~~~~~~~~~~~~~~~~~~~~~~~~~~~~~~\x1b[m\x1b[K\n'}
[5.315340] (pico_kinova) StderrLine: {'line': b'In file included from \x1b[01m\x1b[K/home/rpp/Desktop/pico_kinova/pico_kinova/src/pico_kinova.cpp:42\x1b[m\x1b[K:\n'}
[5.315384] (pico_kinova) StderrLine: {'line': b'\x1b[01m\x1b[K/home/rpp/Desktop/pico_kinova/pico_kinova/matplotlib/matplotlibcpp.h:1810:6:\x1b[m\x1b[K \x1b[01;36m\x1b[Knote: \x1b[m\x1b[Kcandidate: \xe2\x80\x98\x1b[01m\x1b[Ktemplate<class Numeric> bool matplotlibcpp::plot(const std::vector<BufferT>&, const string&)\x1b[m\x1b[K\xe2\x80\x99\n'}
[5.315438] (pico_kinova) StderrLine: {'line': b' 1810 | bool \x1b[01;36m\x1b[Kplot\x1b[m\x1b[K(const std::vector<Numeric>& y, const std::string& format = "")\n'}
[5.315489] (pico_kinova) StderrLine: {'line': b'      |      \x1b[01;36m\x1b[K^~~~\x1b[m\x1b[K\n'}
[5.315544] (pico_kinova) StderrLine: {'line': b'\x1b[01m\x1b[K/home/rpp/Desktop/pico_kinova/pico_kinova/matplotlib/matplotlibcpp.h:1810:6:\x1b[m\x1b[K \x1b[01;36m\x1b[Knote: \x1b[m\x1b[K  template argument deduction/substitution failed:\n'}
[5.315612] (pico_kinova) StderrLine: {'line': b'\x1b[01m\x1b[K/home/rpp/Desktop/pico_kinova/pico_kinova/src/pico_kinova.cpp:313:22:\x1b[m\x1b[K \x1b[01;36m\x1b[Knote: \x1b[m\x1b[K  candidate expects 2 arguments, 4 provided\n'}
[5.315670] (pico_kinova) StderrLine: {'line': b'  313 |             \x1b[01;36m\x1b[Kplt::plot(right_data, right_data_z, "b--", {{"label", "right_z"}})\x1b[m\x1b[K;\n'}
[5.315726] (pico_kinova) StderrLine: {'line': b'      |             \x1b[01;36m\x1b[K~~~~~~~~~^~~~~~~~~~~~~~~~~~~~~~~~~~~~~~~~~~~~~~~~~~~~~~~~~~~~~~~~~\x1b[m\x1b[K\n'}
[5.315785] (pico_kinova) StderrLine: {'line': b'In file included from \x1b[01m\x1b[K/home/rpp/Desktop/pico_kinova/pico_kinova/src/pico_kinova.cpp:42\x1b[m\x1b[K:\n'}
[5.315854] (pico_kinova) StderrLine: {'line': b'\x1b[01m\x1b[K/home/rpp/Desktop/pico_kinova/pico_kinova/matplotlib/matplotlibcpp.h:1818:6:\x1b[m\x1b[K \x1b[01;36m\x1b[Knote: \x1b[m\x1b[Kcandidate: \xe2\x80\x98\x1b[01m\x1b[Ktemplate<class Numeric> bool matplotlibcpp::plot(const std::vector<BufferT>&, const std::map<std::__cxx11::basic_string<char>, std::__cxx11::basic_string<char> >&)\x1b[m\x1b[K\xe2\x80\x99\n'}
[5.315922] (pico_kinova) StderrLine: {'line': b' 1818 | bool \x1b[01;36m\x1b[Kplot\x1b[m\x1b[K(const std::vector<Numeric>& y, const std::map<std::string, std::string>& keywords)\n'}
[5.315985] (pico_kinova) StderrLine: {'line': b'      |      \x1b[01;36m\x1b[K^~~~\x1b[m\x1b[K\n'}
[5.316037] (pico_kinova) StderrLine: {'line': b'\x1b[01m\x1b[K/home/rpp/Desktop/pico_kinova/pico_kinova/matplotlib/matplotlibcpp.h:1818:6:\x1b[m\x1b[K \x1b[01;36m\x1b[Knote: \x1b[m\x1b[K  template argument deduction/substitution failed:\n'}
[5.316099] (pico_kinova) StderrLine: {'line': b'\x1b[01m\x1b[K/home/rpp/Desktop/pico_kinova/pico_kinova/src/pico_kinova.cpp:313:22:\x1b[m\x1b[K \x1b[01;36m\x1b[Knote: \x1b[m\x1b[K  candidate expects 2 arguments, 4 provided\n'}
[5.316150] (pico_kinova) StderrLine: {'line': b'  313 |             \x1b[01;36m\x1b[Kplt::plot(right_data, right_data_z, "b--", {{"label", "right_z"}})\x1b[m\x1b[K;\n'}
[5.316204] (pico_kinova) StderrLine: {'line': b'      |             \x1b[01;36m\x1b[K~~~~~~~~~^~~~~~~~~~~~~~~~~~~~~~~~~~~~~~~~~~~~~~~~~~~~~~~~~~~~~~~~~\x1b[m\x1b[K\n'}
[5.316244] (pico_kinova) StderrLine: {'line': b'In file included from \x1b[01m\x1b[K/home/rpp/Desktop/pico_kinova/pico_kinova/src/pico_kinova.cpp:42\x1b[m\x1b[K:\n'}
[5.316281] (pico_kinova) StderrLine: {'line': b'\x1b[01m\x1b[K/home/rpp/Desktop/pico_kinova/pico_kinova/matplotlib/matplotlibcpp.h:2860:6:\x1b[m\x1b[K \x1b[01;36m\x1b[Knote: \x1b[m\x1b[Kcandidate: \xe2\x80\x98\x1b[01m\x1b[Ktemplate<class ... Args> bool matplotlibcpp::plot()\x1b[m\x1b[K\xe2\x80\x99\n'}
[5.316318] (pico_kinova) StderrLine: {'line': b' 2860 | bool \x1b[01;36m\x1b[Kplot\x1b[m\x1b[K() { return true; }\n'}
[5.316356] (pico_kinova) StderrLine: {'line': b'      |      \x1b[01;36m\x1b[K^~~~\x1b[m\x1b[K\n'}
[5.316392] (pico_kinova) StderrLine: {'line': b'\x1b[01m\x1b[K/home/rpp/Desktop/pico_kinova/pico_kinova/matplotlib/matplotlibcpp.h:2860:6:\x1b[m\x1b[K \x1b[01;36m\x1b[Knote: \x1b[m\x1b[K  template argument deduction/substitution failed:\n'}
[5.316429] (pico_kinova) StderrLine: {'line': b'\x1b[01m\x1b[K/home/rpp/Desktop/pico_kinova/pico_kinova/src/pico_kinova.cpp:313:22:\x1b[m\x1b[K \x1b[01;36m\x1b[Knote: \x1b[m\x1b[K  candidate expects 0 arguments, 4 provided\n'}
[5.316466] (pico_kinova) StderrLine: {'line': b'  313 |             \x1b[01;36m\x1b[Kplt::plot(right_data, right_data_z, "b--", {{"label", "right_z"}})\x1b[m\x1b[K;\n'}
[5.316503] (pico_kinova) StderrLine: {'line': b'      |             \x1b[01;36m\x1b[K~~~~~~~~~^~~~~~~~~~~~~~~~~~~~~~~~~~~~~~~~~~~~~~~~~~~~~~~~~~~~~~~~~\x1b[m\x1b[K\n'}
[5.316539] (pico_kinova) StderrLine: {'line': b'In file included from \x1b[01m\x1b[K/home/rpp/Desktop/pico_kinova/pico_kinova/src/pico_kinova.cpp:42\x1b[m\x1b[K:\n'}
[5.316575] (pico_kinova) StderrLine: {'line': b'\x1b[01m\x1b[K/home/rpp/Desktop/pico_kinova/pico_kinova/matplotlib/matplotlibcpp.h:2863:6:\x1b[m\x1b[K \x1b[01;36m\x1b[Knote: \x1b[m\x1b[Kcandidate: \xe2\x80\x98\x1b[01m\x1b[Kbool matplotlibcpp::plot(const A&, const B&, const string&, Args ...) [with A = std::vector<double>; B = std::vector<double>; Args = {}; std::string = std::__cxx11::basic_string<char>]\x1b[m\x1b[K\xe2\x80\x99\n'}
[5.316617] (pico_kinova) StderrLine: {'line': b' 2863 | bool \x1b[01;36m\x1b[Kplot\x1b[m\x1b[K(const A& a, const B& b, const std::string& format, Args... args)\n'}
[5.316653] (pico_kinova) StderrLine: {'line': b'      |      \x1b[01;36m\x1b[K^~~~\x1b[m\x1b[K\n'}
[5.316690] (pico_kinova) StderrLine: {'line': b'\x1b[01m\x1b[K/home/rpp/Desktop/pico_kinova/pico_kinova/matplotlib/matplotlibcpp.h:2863:6:\x1b[m\x1b[K \x1b[01;36m\x1b[Knote: \x1b[m\x1b[K  candidate expects 3 arguments, 4 provided\n'}
[5.316727] (pico_kinova) StderrLine: {'line': b'\x1b[01m\x1b[K/home/rpp/Desktop/pico_kinova/pico_kinova/matplotlib/matplotlibcpp.h:2872:13:\x1b[m\x1b[K \x1b[01;36m\x1b[Knote: \x1b[m\x1b[Kcandidate: \xe2\x80\x98\x1b[01m\x1b[Kbool matplotlibcpp::plot(const std::vector<double>&, const std::vector<double>&, const string&)\x1b[m\x1b[K\xe2\x80\x99\n'}
[5.316765] (pico_kinova) StderrLine: {'line': b' 2872 | inline bool \x1b[01;36m\x1b[Kplot\x1b[m\x1b[K(const std::vector<double>& x, const std::vector<double>& y, const std::string& format = "") {\n'}
[5.316804] (pico_kinova) StderrLine: {'line': b'      |             \x1b[01;36m\x1b[K^~~~\x1b[m\x1b[K\n'}
[5.316847] (pico_kinova) StderrLine: {'line': b'\x1b[01m\x1b[K/home/rpp/Desktop/pico_kinova/pico_kinova/matplotlib/matplotlibcpp.h:2872:13:\x1b[m\x1b[K \x1b[01;36m\x1b[Knote: \x1b[m\x1b[K  candidate expects 3 arguments, 4 provided\n'}
[5.316884] (pico_kinova) StderrLine: {'line': b'\x1b[01m\x1b[K/home/rpp/Desktop/pico_kinova/pico_kinova/matplotlib/matplotlibcpp.h:2876:13:\x1b[m\x1b[K \x1b[01;36m\x1b[Knote: \x1b[m\x1b[Kcandidate: \xe2\x80\x98\x1b[01m\x1b[Kbool matplotlibcpp::plot(const std::vector<double>&, const string&)\x1b[m\x1b[K\xe2\x80\x99\n'}
[5.316921] (pico_kinova) StderrLine: {'line': b' 2876 | inline bool \x1b[01;36m\x1b[Kplot\x1b[m\x1b[K(const std::vector<double>& y, const std::string& format = "") {\n'}
[5.316960] (pico_kinova) StderrLine: {'line': b'      |             \x1b[01;36m\x1b[K^~~~\x1b[m\x1b[K\n'}
[5.316997] (pico_kinova) StderrLine: {'line': b'\x1b[01m\x1b[K/home/rpp/Desktop/pico_kinova/pico_kinova/matplotlib/matplotlibcpp.h:2876:13:\x1b[m\x1b[K \x1b[01;36m\x1b[Knote: \x1b[m\x1b[K  candidate expects 2 arguments, 4 provided\n'}
[5.317033] (pico_kinova) StderrLine: {'line': b'\x1b[01m\x1b[K/home/rpp/Desktop/pico_kinova/pico_kinova/matplotlib/matplotlibcpp.h:2880:13:\x1b[m\x1b[K \x1b[01;36m\x1b[Knote: \x1b[m\x1b[Kcandidate: \xe2\x80\x98\x1b[01m\x1b[Kbool matplotlibcpp::plot(const std::vector<double>&, const std::vector<double>&, const std::map<std::__cxx11::basic_string<char>, std::__cxx11::basic_string<char> >&)\x1b[m\x1b[K\xe2\x80\x99\n'}
[5.317071] (pico_kinova) StderrLine: {'line': b' 2880 | inline bool \x1b[01;36m\x1b[Kplot\x1b[m\x1b[K(const std::vector<double>& x, const std::vector<double>& y, const std::map<std::string, std::string>& keywords) {\n'}
[5.317108] (pico_kinova) StderrLine: {'line': b'      |             \x1b[01;36m\x1b[K^~~~\x1b[m\x1b[K\n'}
[5.317144] (pico_kinova) StderrLine: {'line': b'\x1b[01m\x1b[K/home/rpp/Desktop/pico_kinova/pico_kinova/matplotlib/matplotlibcpp.h:2880:13:\x1b[m\x1b[K \x1b[01;36m\x1b[Knote: \x1b[m\x1b[K  candidate expects 3 arguments, 4 provided\n'}
[5.318512] (pico_kinova) StderrLine: {'line': b'\x1b[01m\x1b[K/home/rpp/Desktop/pico_kinova/pico_kinova/src/pico_kinova.cpp:\x1b[m\x1b[K In function \xe2\x80\x98\x1b[01m\x1b[Kvoid OnPXREAClientCallback(void*, PXREAClientCallbackType, int, void*)\x1b[m\x1b[K\xe2\x80\x99:\n'}
[5.318608] (pico_kinova) StderrLine: {'line': b'\x1b[01m\x1b[K/home/rpp/Desktop/pico_kinova/pico_kinova/src/pico_kinova.cpp:530:12:\x1b[m\x1b[K \x1b[01;35m\x1b[Kwarning: \x1b[m\x1b[Kenumeration value \xe2\x80\x98\x1b[01m\x1b[KPXREAFullMask\x1b[m\x1b[K\xe2\x80\x99 not handled in switch [\x1b[01;35m\x1b[K\x1b]8;;https://gcc.gnu.org/onlinedocs/gcc/Warning-Options.html#index-Wswitch\x07-Wswitch\x1b]8;;\x07\x1b[m\x1b[K]\n'}
[5.318657] (pico_kinova) StderrLine: {'line': b'  530 |     switch \x1b[01;35m\x1b[K(\x1b[m\x1b[Ktype)\n'}
[5.318698] (pico_kinova) StderrLine: {'line': b'      |            \x1b[01;35m\x1b[K^\x1b[m\x1b[K\n'}
[5.318785] (pico_kinova) StderrLine: {'line': b'\x1b[01m\x1b[K/home/rpp/Desktop/pico_kinova/pico_kinova/src/pico_kinova.cpp:528:34:\x1b[m\x1b[K \x1b[01;35m\x1b[Kwarning: \x1b[m\x1b[Kunused parameter \xe2\x80\x98\x1b[01m\x1b[Kcontext\x1b[m\x1b[K\xe2\x80\x99 [\x1b[01;35m\x1b[K\x1b]8;;https://gcc.gnu.org/onlinedocs/gcc/Warning-Options.html#index-Wunused-parameter\x07-Wunused-parameter\x1b]8;;\x07\x1b[m\x1b[K]\n'}
[5.318837] (pico_kinova) StderrLine: {'line': b'  528 | void OnPXREAClientCallback(\x1b[01;35m\x1b[Kvoid* context\x1b[m\x1b[K, PXREAClientCallbackType type, int status, void* userData)\n'}
[5.318876] (pico_kinova) StderrLine: {'line': b'      |                            \x1b[01;35m\x1b[K~~~~~~^~~~~~~\x1b[m\x1b[K\n'}
[5.412938] (-) TimerEvent: {}
[5.513159] (-) TimerEvent: {}
[5.613395] (-) TimerEvent: {}
[5.713663] (-) TimerEvent: {}
[5.813903] (-) TimerEvent: {}
[5.914140] (-) TimerEvent: {}
[6.014399] (-) TimerEvent: {}
[6.114693] (-) TimerEvent: {}
[6.214938] (-) TimerEvent: {}
[6.315194] (-) TimerEvent: {}
[6.415438] (-) TimerEvent: {}
[6.515681] (-) TimerEvent: {}
[6.615951] (-) TimerEvent: {}
[6.716222] (-) TimerEvent: {}
[6.816556] (-) TimerEvent: {}
[6.916887] (-) TimerEvent: {}
[7.017218] (-) TimerEvent: {}
[7.117544] (-) TimerEvent: {}
[7.217891] (-) TimerEvent: {}
[7.318212] (-) TimerEvent: {}
[7.418511] (-) TimerEvent: {}
[7.518797] (-) TimerEvent: {}
[7.619058] (-) TimerEvent: {}
[7.719318] (-) TimerEvent: {}
[7.803512] (pico_kinova) StderrLine: {'line': b'gmake[2]: *** [CMakeFiles/pico_kinova.dir/build.make:76\xef\xbc\x9aCMakeFiles/pico_kinova.dir/src/pico_kinova.cpp.o] \xe9\x94\x99\xe8\xaf\xaf 1\n'}
[7.803756] (pico_kinova) StderrLine: {'line': b'gmake[1]: *** [CMakeFiles/Makefile2:180\xef\xbc\x9aCMakeFiles/pico_kinova.dir/all] \xe9\x94\x99\xe8\xaf\xaf 2\n'}
[7.803941] (pico_kinova) StderrLine: {'line': b'gmake: *** [Makefile:146\xef\xbc\x9aall] \xe9\x94\x99\xe8\xaf\xaf 2\n'}
[7.806035] (pico_kinova) CommandEnded: {'returncode': 2}
[7.814097] (pico_kinova) JobEnded: {'identifier': 'pico_kinova', 'rc': 2}
[7.819409] (-) TimerEvent: {}
[7.824690] (-) EventReactorShutdown: {}
