[0.000000] (-) TimerEvent: {}
[0.000277] (pico_kinova) JobQueued: {'identifier': 'pico_kinova', 'dependencies': OrderedDict()}
[0.000456] (pico_kinova) JobStarted: {'identifier': 'pico_kinova'}
[0.012689] (pico_kinova) JobProgress: {'identifier': 'pico_kinova', 'progress': 'cmake'}
[0.013192] (pico_kinova) JobProgress: {'identifier': 'pico_kinova', 'progress': 'build'}
[0.013973] (pico_kinova) Command: {'cmd': ['/usr/bin/cmake', '--build', '/home/rpp/Desktop/pico_kinova/pico_kinova/build/pico_kinova', '--', '-j24', '-l24'], 'cwd': '/home/rpp/Desktop/pico_kinova/pico_kinova/build/pico_kinova', 'env': OrderedDict([('LESSOPEN', '| /usr/bin/lesspipe %s'), ('PYTHONWARNINGS', 'ignore:setup.py install is deprecated'), ('CONDA_PROMPT_MODIFIER', '(base)'), ('LANGUAGE', 'zh_CN:en_US:en'), ('USER', 'rpp'), ('LC_TIME', 'zh_CN.UTF-8'), ('XDG_SESSION_TYPE', 'x11'), ('GIT_ASKPASS', '/usr/share/code/resources/app/extensions/git/dist/askpass.sh'), ('SHLVL', '2'), ('LD_LIBRARY_PATH', '/home/rpp/Desktop/pico_kinova/pico_kinova/install/pico_kinova/lib:/home/rpp/3rdparty//TensorRT-10.9.0.34/lib:/usr/local/cuda-12.8/lib64:/usr/local/lib/:/home/rpp/3rdparty//TensorRT-10.9.0.34/lib:/usr/local/cuda-12.8/lib64:/home/rpp/rpp_ws/install/xf_voice/lib:/home/rpp/rpp_ws/install/xf_voice_msgs/lib:/home/rpp/rpp_ws/install/wheeltec_mic_ros2/lib:/home/rpp/rpp_ws/install/wheeltec_mic_msg/lib:/home/rpp/rpp_ws/install/slam_toolbox/lib:/home/rpp/rpp_ws/install/serial/lib:/home/rpp/rpp_ws/install/rpp_msgs/lib:/home/rpp/rpp_ws/install/rpp_driver/lib:/home/rpp/rpp_ws/install/pico_kinova/lib:/home/rpp/rpp_ws/install/nav2_smoother/lib:/home/rpp/rpp_ws/install/nav2_graceful_controller/lib:/home/rpp/rpp_ws/install/nav2_controller/lib:/home/rpp/rpp_ws/install/dwb_plugins/lib:/home/rpp/rpp_ws/install/dwb_critics/lib:/home/rpp/rpp_ws/install/dwb_core/lib:/home/rpp/rpp_ws/install/nav_2d_utils/lib:/home/rpp/rpp_ws/install/dwb_msgs/lib:/home/rpp/rpp_ws/install/nav_2d_msgs/lib:/home/rpp/rpp_ws/install/nav2_waypoint_follower/lib:/home/rpp/rpp_ws/install/nav2_theta_star_planner/lib:/home/rpp/rpp_ws/install/nav2_smac_planner/lib:/home/rpp/rpp_ws/install/nav2_rotation_shim_controller/lib:/home/rpp/rpp_ws/install/nav2_regulated_pure_pursuit_controller/lib:/home/rpp/rpp_ws/install/nav2_planner/lib:/home/rpp/rpp_ws/install/nav2_navfn_planner/lib:/home/rpp/rpp_ws/install/nav2_mppi_controller/lib:/home/rpp/rpp_ws/install/nav2_constrained_smoother/lib:/home/rpp/rpp_ws/install/nav2_bt_navigator/lib:/home/rpp/rpp_ws/install/nav2_behaviors/lib:/home/rpp/rpp_ws/install/improved_dwa_planner/lib:/home/rpp/rpp_ws/install/nav2_collision_monitor/lib:/home/rpp/rpp_ws/install/costmap_queue/lib:/home/rpp/rpp_ws/install/nav2_costmap_2d/lib:/home/rpp/rpp_ws/install/nav2_voxel_grid/lib:/home/rpp/rpp_ws/install/nav2_velocity_smoother/lib:/home/rpp/rpp_ws/install/nav2_rviz_plugins/lib:/home/rpp/rpp_ws/install/nav2_map_server/lib:/home/rpp/rpp_ws/install/nav2_lifecycle_manager/lib:/home/rpp/rpp_ws/install/nav2_behavior_tree/lib:/home/rpp/rpp_ws/install/nav2_amcl/lib:/home/rpp/rpp_ws/install/nav2_util/lib:/home/rpp/rpp_ws/install/nav2_msgs/lib:/home/rpp/rpp_ws/install/motor_pitch_sdk/lib:/home/rpp/rpp_ws/install/motor_lift_sdk/lib:/home/rpp/rpp_ws/install/livox_ros_driver2/lib:/home/rpp/rpp_ws/install/kortex_driver/lib:/home/rpp/rpp_ws/install/ira_laser_tools/lib:/home/rpp/rpp_ws/install/interface/lib:/usr/lib/x86_64-linux-gnu/gazebo-11/plugins:/opt/ros/humble/opt/rviz_ogre_vendor/lib:/opt/ros/humble/lib/x86_64-linux-gnu:/opt/ros/humble/opt/openvdb_vendor/lib:/opt/ros/humble/lib:/usr/local/lib/::/home/rpp/.mujoco/mujoco-3.3.6/bin:/usr/lib/nvidia:/opt/apps/roboticsservice/SDK/x64:/home/rpp/.mujoco/mujoco-3.3.6/bin:/usr/lib/nvidia:/opt/apps/roboticsservice/SDK/x64'), ('CONDA_BACKUP_QT_XCB_GL_INTEGRATION', ''), ('HOME', '/home/rpp'), ('CHROME_DESKTOP', 'code.desktop'), ('CONDA_SHLVL', '1'), ('TERM_PROGRAM_VERSION', '1.103.2'), ('DESKTOP_SESSION', 'ubuntu'), ('ROS_PYTHON_VERSION', '3'), ('GNOME_SHELL_SESSION_MODE', 'ubuntu'), ('GTK_MODULES', 'gail:atk-bridge'), ('VSCODE_GIT_ASKPASS_MAIN', '/usr/share/code/resources/app/extensions/git/dist/askpass-main.js'), ('LC_MONETARY', 'zh_CN.UTF-8'), ('VSCODE_GIT_ASKPASS_NODE', '/usr/share/code/code'), ('DBUS_STARTER_BUS_TYPE', 'session'), ('SYSTEMD_EXEC_PID', '2000'), ('ROS_LOG_DIR', '/home/rpp/rpp_logs'), ('DBUS_SESSION_BUS_ADDRESS', 'unix:path=/run/user/1000/bus,guid=6b674c94cdf0d3c29da282ea68f19bdb'), ('COLORTERM', 'truecolor'), ('_colcon_cd_root', '/opt/ros/humble'), ('MANDATORY_PATH', '/usr/share/gconf/ubuntu.mandatory.path'), ('IM_CONFIG_PHASE', '1'), ('COLCON_PREFIX_PATH', '/home/rpp/Desktop/pico_kinova/pico_kinova/install:/home/rpp/rpp_ws/install'), ('ROS_DISTRO', 'humble'), ('GTK_IM_MODULE', 'fcitx'), ('LOGNAME', 'rpp'), ('_', '/usr/bin/colcon'), ('ROS_VERSION', '2'), ('PKG_CONFIG_PATH', '/home/rpp/rpp_ws/install/rpp_driver/lib/x86_64-linux-gnu/pkgconfig:/home/rpp/rpp_ws/install/rpp_driver/lib/pkgconfig:/home/rpp/rpp_ws/install/motor_pitch_sdk/lib/x86_64-linux-gnu/pkgconfig:/home/rpp/rpp_ws/install/motor_pitch_sdk/lib/pkgconfig:/home/rpp/rpp_ws/install/motor_lift_sdk/lib/x86_64-linux-gnu/pkgconfig:/home/rpp/rpp_ws/install/motor_lift_sdk/lib/pkgconfig'), ('XDG_SESSION_CLASS', 'user'), ('DEFAULTS_PATH', '/usr/share/gconf/ubuntu.default.path'), ('USERNAME', 'rpp'), ('TERM', 'xterm-256color'), ('GNOME_DESKTOP_SESSION_ID', 'this-is-deprecated'), ('ROS_LOCALHOST_ONLY', '1'), ('WINDOWPATH', '2'), ('PATH', '/usr/local/cuda-12.8/bin:/home/rpp/rpp_tools/rpp_easy_tools/gen_bin:/home/rpp/anaconda3/bin:/home/rpp/anaconda3/condabin:/usr/local/cuda-12.8/bin:/home/rpp/rpp_ws/install/rpp_driver/bin:/home/rpp/rpp_ws/install/motor_pitch_sdk/bin:/home/rpp/rpp_ws/install/motor_lift_sdk/bin:/opt/ros/humble/bin:/home/rpp/rpp_tools/rpp_easy_tools/gen_bin:/home/rpp/.local/bin:/usr/local/sbin:/usr/local/bin:/usr/sbin:/usr/bin:/sbin:/bin:/usr/games:/usr/local/games:/snap/bin:/snap/bin'), ('SESSION_MANAGER', 'local/rpp-Default-string:@/tmp/.ICE-unix/2000,unix/rpp-Default-string:/tmp/.ICE-unix/2000'), ('PAPERSIZE', 'a4'), ('XDG_MENU_PREFIX', 'gnome-'), ('LC_ADDRESS', 'zh_CN.UTF-8'), ('GNOME_TERMINAL_SCREEN', '/org/gnome/Terminal/screen/183a53ae_54d5_4d42_8bc5_b0ed6edd45c8'), ('XDG_RUNTIME_DIR', '/run/user/1000'), ('GDK_BACKEND', 'x11'), ('DISPLAY', ':0'), ('LANG', 'zh_CN.UTF-8'), ('XDG_CURRENT_DESKTOP', 'Unity'), ('LC_TELEPHONE', 'zh_CN.UTF-8'), ('XMODIFIERS', '@im=fcitx'), ('XDG_SESSION_DESKTOP', 'ubuntu'), ('XAUTHORITY', '/run/user/1000/gdm/Xauthority'), ('LS_COLORS', 'rs=0:di=01;34:ln=01;36:mh=00:pi=40;33:so=01;35:do=01;35:bd=40;33;01:cd=40;33;01:or=40;31;01:mi=00:su=37;41:sg=30;43:ca=30;41:tw=30;42:ow=34;42:st=37;44:ex=01;32:*.tar=01;31:*.tgz=01;31:*.arc=01;31:*.arj=01;31:*.taz=01;31:*.lha=01;31:*.lz4=01;31:*.lzh=01;31:*.lzma=01;31:*.tlz=01;31:*.txz=01;31:*.tzo=01;31:*.t7z=01;31:*.zip=01;31:*.z=01;31:*.dz=01;31:*.gz=01;31:*.lrz=01;31:*.lz=01;31:*.lzo=01;31:*.xz=01;31:*.zst=01;31:*.tzst=01;31:*.bz2=01;31:*.bz=01;31:*.tbz=01;31:*.tbz2=01;31:*.tz=01;31:*.deb=01;31:*.rpm=01;31:*.jar=01;31:*.war=01;31:*.ear=01;31:*.sar=01;31:*.rar=01;31:*.alz=01;31:*.ace=01;31:*.zoo=01;31:*.cpio=01;31:*.7z=01;31:*.rz=01;31:*.cab=01;31:*.wim=01;31:*.swm=01;31:*.dwm=01;31:*.esd=01;31:*.jpg=01;35:*.jpeg=01;35:*.mjpg=01;35:*.mjpeg=01;35:*.gif=01;35:*.bmp=01;35:*.pbm=01;35:*.pgm=01;35:*.ppm=01;35:*.tga=01;35:*.xbm=01;35:*.xpm=01;35:*.tif=01;35:*.tiff=01;35:*.png=01;35:*.svg=01;35:*.svgz=01;35:*.mng=01;35:*.pcx=01;35:*.mov=01;35:*.mpg=01;35:*.mpeg=01;35:*.m2v=01;35:*.mkv=01;35:*.webm=01;35:*.webp=01;35:*.ogm=01;35:*.mp4=01;35:*.m4v=01;35:*.mp4v=01;35:*.vob=01;35:*.qt=01;35:*.nuv=01;35:*.wmv=01;35:*.asf=01;35:*.rm=01;35:*.rmvb=01;35:*.flc=01;35:*.avi=01;35:*.fli=01;35:*.flv=01;35:*.gl=01;35:*.dl=01;35:*.xcf=01;35:*.xwd=01;35:*.yuv=01;35:*.cgm=01;35:*.emf=01;35:*.ogv=01;35:*.ogx=01;35:*.aac=00;36:*.au=00;36:*.flac=00;36:*.m4a=00;36:*.mid=00;36:*.midi=00;36:*.mka=00;36:*.mp3=00;36:*.mpc=00;36:*.ogg=00;36:*.ra=00;36:*.wav=00;36:*.oga=00;36:*.opus=00;36:*.spx=00;36:*.xspf=00;36:'), ('QT_XCB_GL_INTEGRATION', 'none'), ('VSCODE_GIT_IPC_HANDLE', '/run/user/1000/vscode-git-df44507d44.sock'), ('GNOME_TERMINAL_SERVICE', ':1.116'), ('TERM_PROGRAM', 'vscode'), ('SSH_AGENT_LAUNCHER', 'gnome-keyring'), ('SSH_AUTH_SOCK', '/run/user/1000/keyring/ssh'), ('GSETTINGS_SCHEMA_DIR', '/home/rpp/anaconda3/share/glib-2.0/schemas'), ('ROS_DOMAIN_ID', '0'), ('AMENT_PREFIX_PATH', '/home/rpp/Desktop/pico_kinova/pico_kinova/install/pico_kinova:/home/rpp/rpp_ws/install/xf_voice:/home/rpp/rpp_ws/install/xf_voice_msgs:/home/rpp/rpp_ws/install/wheeltec_mic_ros2:/home/rpp/rpp_ws/install/wheeltec_mic_msg:/home/rpp/rpp_ws/install/teleop_init_202510:/home/rpp/rpp_ws/install/nav2_system_tests:/home/rpp/rpp_ws/install/nav2_bringup:/home/rpp/rpp_ws/install/slam_toolbox:/home/rpp/rpp_ws/install/slam_3d:/home/rpp/rpp_ws/install/slam_2d:/home/rpp/rpp_ws/install/setting_info:/home/rpp/rpp_ws/install/serial:/home/rpp/rpp_ws/install/rpp_ros_driver:/home/rpp/rpp_ws/install/rpp_msgs:/home/rpp/rpp_ws/install/robot_bringup:/home/rpp/rpp_ws/install/pymoveit2:/home/rpp/rpp_ws/install/pico_kinova:/home/rpp/rpp_ws/install/pgo:/home/rpp/rpp_ws/install/navigation_2d:/home/rpp/rpp_ws/install/navigation2:/home/rpp/rpp_ws/install/nav2_smoother:/home/rpp/rpp_ws/install/nav2_graceful_controller:/home/rpp/rpp_ws/install/nav2_dwb_controller:/home/rpp/rpp_ws/install/nav2_controller:/home/rpp/rpp_ws/install/dwb_plugins:/home/rpp/rpp_ws/install/dwb_critics:/home/rpp/rpp_ws/install/dwb_core:/home/rpp/rpp_ws/install/nav_2d_utils:/home/rpp/rpp_ws/install/dwb_msgs:/home/rpp/rpp_ws/install/nav_2d_msgs:/home/rpp/rpp_ws/install/nav2_waypoint_follower:/home/rpp/rpp_ws/install/nav2_theta_star_planner:/home/rpp/rpp_ws/install/nav2_smac_planner:/home/rpp/rpp_ws/install/nav2_rotation_shim_controller:/home/rpp/rpp_ws/install/nav2_regulated_pure_pursuit_controller:/home/rpp/rpp_ws/install/nav2_planner:/home/rpp/rpp_ws/install/nav2_navfn_planner:/home/rpp/rpp_ws/install/nav2_mppi_controller:/home/rpp/rpp_ws/install/nav2_constrained_smoother:/home/rpp/rpp_ws/install/nav2_bt_navigator:/home/rpp/rpp_ws/install/nav2_behaviors:/home/rpp/rpp_ws/install/improved_dwa_planner:/home/rpp/rpp_ws/install/nav2_core:/home/rpp/rpp_ws/install/nav2_collision_monitor:/home/rpp/rpp_ws/install/costmap_queue:/home/rpp/rpp_ws/install/nav2_costmap_2d:/home/rpp/rpp_ws/install/nav2_voxel_grid:/home/rpp/rpp_ws/install/nav2_velocity_smoother:/home/rpp/rpp_ws/install/nav2_rviz_plugins:/home/rpp/rpp_ws/install/nav2_map_server:/home/rpp/rpp_ws/install/nav2_lifecycle_manager:/home/rpp/rpp_ws/install/nav2_behavior_tree:/home/rpp/rpp_ws/install/nav2_amcl:/home/rpp/rpp_ws/install/nav2_util:/home/rpp/rpp_ws/install/nav2_simple_commander:/home/rpp/rpp_ws/install/nav2_msgs:/home/rpp/rpp_ws/install/nav2_common:/home/rpp/rpp_ws/install/my_moveit_control:/home/rpp/rpp_ws/install/moveit_control:/home/rpp/rpp_ws/install/moveit2_control_demo:/home/rpp/rpp_ws/install/motor_pitch_ros:/home/rpp/rpp_ws/install/motor_lift_ros:/home/rpp/rpp_ws/install/localizer:/home/rpp/rpp_ws/install/lidar_clipping:/home/rpp/rpp_ws/install/fastlio2:/home/rpp/rpp_ws/install/livox_ros_driver2:/home/rpp/rpp_ws/install/gui_control:/home/rpp/rpp_ws/install/graphic_display:/home/rpp/rpp_ws/install/linker_hand_ros2_sdk:/home/rpp/rpp_ws/install/lakibeam1:/home/rpp/rpp_ws/install/kortex_bringup:/home/rpp/rpp_ws/install/kortex_driver:/home/rpp/rpp_ws/install/kinova_gen3_lite_moveit_config:/home/rpp/rpp_ws/install/kinova_gen3_7dof_robotiq_2f_85_moveit_config:/home/rpp/rpp_ws/install/kinova_gen3_6dof_robotiq_2f_85_moveit_config:/home/rpp/rpp_ws/install/kortex_description:/home/rpp/rpp_ws/install/kortex_api:/home/rpp/rpp_ws/install/ira_laser_tools:/home/rpp/rpp_ws/install/hba:/home/rpp/rpp_ws/install/interface:/home/rpp/rpp_ws/install/ea200_moveit_config:/home/rpp/rpp_ws/install/ea200_description:/home/rpp/rpp_ws/install/dual_arm_cartesian_control:/home/rpp/rpp_ws/install/dual_arm_bt_control:/home/rpp/rpp_ws/install/cr100_description:/home/rpp/rpp_ws/install/bt_task_manager_ros2:/opt/ros/humble'), ('CONDA_PYTHON_EXE', '/home/rpp/anaconda3/bin/python'), ('ORIGINAL_XDG_CURRENT_DESKTOP', 'ubuntu:GNOME'), ('SHELL', '/bin/bash'), ('LC_NAME', 'zh_CN.UTF-8'), ('QT_ACCESSIBILITY', '1'), ('GDMSESSION', 'ubuntu'), ('LESSCLOSE', '/usr/bin/lesspipe %s %s'), ('CONDA_DEFAULT_ENV', 'base'), ('LC_MEASUREMENT', 'zh_CN.UTF-8'), ('GPG_AGENT_INFO', '/run/user/1000/gnupg/S.gpg-agent:0:1'), ('LC_IDENTIFICATION', 'zh_CN.UTF-8'), ('VSCODE_GIT_ASKPASS_EXTRA_ARGS', ''), ('QT_IM_MODULE', 'fcitx'), ('PWD', '/home/rpp/Desktop/pico_kinova/pico_kinova/build/pico_kinova'), ('LC_ALL', 'en_US.UTF-8'), ('XDG_CONFIG_DIRS', '/etc/xdg/xdg-ubuntu:/etc/xdg'), ('CONDA_EXE', '/home/rpp/anaconda3/bin/conda'), ('CLUTTER_IM_MODULE', 'fcitx'), ('DBUS_STARTER_ADDRESS', 'unix:path=/run/user/1000/bus,guid=6b674c94cdf0d3c29da282ea68f19bdb'), ('XDG_DATA_DIRS', '/usr/share/ubuntu:/usr/share/gnome:/usr/local/share/:/usr/share/:/var/lib/snapd/desktop'), ('PYTHONPATH', '/home/rpp/rpp_ws/install/xf_voice_msgs/local/lib/python3.10/dist-packages:/home/rpp/rpp_ws/install/wheeltec_mic_msg/local/lib/python3.10/dist-packages:/home/rpp/rpp_ws/install/teleop_init_202510/lib/python3.10/site-packages:/home/rpp/rpp_ws/install/slam_toolbox/local/lib/python3.10/dist-packages:/home/rpp/rpp_ws/install/setting_info/lib/python3.10/site-packages:/home/rpp/rpp_ws/install/rpp_msgs/local/lib/python3.10/dist-packages:/home/rpp/rpp_ws/install/pymoveit2/local/lib/python3.10/dist-packages:/home/rpp/rpp_ws/install/dwb_msgs/local/lib/python3.10/dist-packages:/home/rpp/rpp_ws/install/nav_2d_msgs/local/lib/python3.10/dist-packages:/home/rpp/rpp_ws/install/nav2_simple_commander/lib/python3.10/site-packages:/home/rpp/rpp_ws/install/nav2_msgs/local/lib/python3.10/dist-packages:/home/rpp/rpp_ws/install/nav2_common/local/lib/python3.10/dist-packages:/home/rpp/rpp_ws/build/my_moveit_control:/home/rpp/rpp_ws/install/my_moveit_control/lib/python3.10/site-packages:/home/rpp/rpp_ws/build/moveit_control:/home/rpp/rpp_ws/install/moveit_control/lib/python3.10/site-packages:/home/rpp/rpp_ws/install/livox_ros_driver2/local/lib/python3.10/dist-packages:/home/rpp/rpp_ws/install/gui_control/lib/python3.10/site-packages:/home/rpp/rpp_ws/install/graphic_display/lib/python3.10/site-packages:/home/rpp/rpp_ws/install/linker_hand_ros2_sdk/lib/python3.10/site-packages:/home/rpp/rpp_ws/install/interface/local/lib/python3.10/dist-packages:/home/rpp/rpp_ws/install/dual_arm_cartesian_control/lib/python3.10/site-packages:/home/rpp/rpp_ws/install/dual_arm_bt_control/lib/python3.10/site-packages:/home/rpp/rpp_ws/install/bt_task_manager_ros2/lib/python3.10/site-packages:/opt/ros/humble/lib/python3.10/site-packages:/opt/ros/humble/local/lib/python3.10/dist-packages'), ('LC_NUMERIC', 'zh_CN.UTF-8'), ('CONDA_PREFIX', '/home/rpp/anaconda3'), ('GSETTINGS_SCHEMA_DIR_CONDA_BACKUP', ''), ('LC_PAPER', 'zh_CN.UTF-8'), ('COLCON', '1'), ('VTE_VERSION', '6800'), ('SCRIPT_ROOT_PATH', '/home/rpp/rpp_tools/rpp_easy_tools/robotplusplus_deploy_tool'), ('CMAKE_PREFIX_PATH', '/home/rpp/Desktop/pico_kinova/pico_kinova/install/pico_kinova:/home/rpp/rpp_ws/install/xf_voice:/home/rpp/rpp_ws/install/xf_voice_msgs:/home/rpp/rpp_ws/install/wheeltec_mic_ros2:/home/rpp/rpp_ws/install/wheeltec_mic_msg:/home/rpp/rpp_ws/install/nav2_system_tests:/home/rpp/rpp_ws/install/nav2_bringup:/home/rpp/rpp_ws/install/slam_toolbox:/home/rpp/rpp_ws/install/slam_3d:/home/rpp/rpp_ws/install/slam_2d:/home/rpp/rpp_ws/install/serial:/home/rpp/rpp_ws/install/rpp_ros_driver:/home/rpp/rpp_ws/install/rpp_msgs:/home/rpp/rpp_ws/install/rpp_driver:/home/rpp/rpp_ws/install/robot_bringup:/home/rpp/rpp_ws/install/pymoveit2:/home/rpp/rpp_ws/install/pico_kinova:/home/rpp/rpp_ws/install/pgo:/home/rpp/rpp_ws/install/navigation_2d:/home/rpp/rpp_ws/install/navigation2:/home/rpp/rpp_ws/install/nav2_smoother:/home/rpp/rpp_ws/install/nav2_graceful_controller:/home/rpp/rpp_ws/install/nav2_dwb_controller:/home/rpp/rpp_ws/install/nav2_controller:/home/rpp/rpp_ws/install/dwb_plugins:/home/rpp/rpp_ws/install/dwb_critics:/home/rpp/rpp_ws/install/dwb_core:/home/rpp/rpp_ws/install/nav_2d_utils:/home/rpp/rpp_ws/install/dwb_msgs:/home/rpp/rpp_ws/install/nav_2d_msgs:/home/rpp/rpp_ws/install/nav2_waypoint_follower:/home/rpp/rpp_ws/install/nav2_theta_star_planner:/home/rpp/rpp_ws/install/nav2_smac_planner:/home/rpp/rpp_ws/install/nav2_rotation_shim_controller:/home/rpp/rpp_ws/install/nav2_regulated_pure_pursuit_controller:/home/rpp/rpp_ws/install/nav2_planner:/home/rpp/rpp_ws/install/nav2_navfn_planner:/home/rpp/rpp_ws/install/nav2_mppi_controller:/home/rpp/rpp_ws/install/nav2_constrained_smoother:/home/rpp/rpp_ws/install/nav2_bt_navigator:/home/rpp/rpp_ws/install/nav2_behaviors:/home/rpp/rpp_ws/install/improved_dwa_planner:/home/rpp/rpp_ws/install/nav2_core:/home/rpp/rpp_ws/install/nav2_collision_monitor:/home/rpp/rpp_ws/install/costmap_queue:/home/rpp/rpp_ws/install/nav2_costmap_2d:/home/rpp/rpp_ws/install/nav2_voxel_grid:/home/rpp/rpp_ws/install/nav2_velocity_smoother:/home/rpp/rpp_ws/install/nav2_rviz_plugins:/home/rpp/rpp_ws/install/nav2_map_server:/home/rpp/rpp_ws/install/nav2_lifecycle_manager:/home/rpp/rpp_ws/install/nav2_behavior_tree:/home/rpp/rpp_ws/install/nav2_amcl:/home/rpp/rpp_ws/install/nav2_util:/home/rpp/rpp_ws/install/nav2_msgs:/home/rpp/rpp_ws/install/nav2_common:/home/rpp/rpp_ws/install/moveit2_control_demo:/home/rpp/rpp_ws/install/motor_pitch_ros:/home/rpp/rpp_ws/install/motor_pitch_sdk:/home/rpp/rpp_ws/install/motor_lift_ros:/home/rpp/rpp_ws/install/motor_lift_sdk:/home/rpp/rpp_ws/install/localizer:/home/rpp/rpp_ws/install/lidar_clipping:/home/rpp/rpp_ws/install/fastlio2:/home/rpp/rpp_ws/install/livox_ros_driver2:/home/rpp/rpp_ws/install/lakibeam1:/home/rpp/rpp_ws/install/kortex_bringup:/home/rpp/rpp_ws/install/kortex_driver:/home/rpp/rpp_ws/install/kinova_gen3_lite_moveit_config:/home/rpp/rpp_ws/install/kinova_gen3_7dof_robotiq_2f_85_moveit_config:/home/rpp/rpp_ws/install/kinova_gen3_6dof_robotiq_2f_85_moveit_config:/home/rpp/rpp_ws/install/kortex_description:/home/rpp/rpp_ws/install/kortex_api:/home/rpp/rpp_ws/install/ira_laser_tools:/home/rpp/rpp_ws/install/hba:/home/rpp/rpp_ws/install/interface:/home/rpp/rpp_ws/install/ea200_moveit_config:/home/rpp/rpp_ws/install/ea200_description:/home/rpp/rpp_ws/install/cr100_description:/home/rpp/rpp_ws/install/teleop_init_202510:/home/rpp/rpp_ws/install/setting_info:/home/rpp/rpp_ws/install/nav2_simple_commander:/home/rpp/rpp_ws/install/my_moveit_control:/home/rpp/rpp_ws/install/moveit_control:/home/rpp/rpp_ws/install/gui_control:/home/rpp/rpp_ws/install/graphic_display:/home/rpp/rpp_ws/install/linker_hand_ros2_sdk:/home/rpp/rpp_ws/install/dual_arm_cartesian_control:/home/rpp/rpp_ws/install/dual_arm_bt_control:/home/rpp/rpp_ws/install/bt_task_manager_ros2:/opt/ros/humble'), ('MUJOCO_KEY_PATH', '/home/rpp/.mujoco/home/rpp/.mujoco')]), 'shell': False}
[0.086822] (pico_kinova) StdoutLine: {'line': b'[ 32%] Built target rtde\n'}
[0.100730] (-) TimerEvent: {}
[0.113375] (pico_kinova) StdoutLine: {'line': b'\x1b[35m\x1b[1mConsolidate compiler generated dependencies of target pico_kinova\x1b[0m\n'}
[0.115022] (pico_kinova) StdoutLine: {'line': b'[ 37%] Built target robotiq_gripper_example\n'}
[0.116681] (pico_kinova) StdoutLine: {'line': b'[ 41%] Built target servoj_example\n'}
[0.120594] (pico_kinova) StdoutLine: {'line': b'[ 48%] Built target move_async_example\n'}
[0.120764] (pico_kinova) StdoutLine: {'line': b'[ 51%] Built target io_example\n'}
[0.121063] (pico_kinova) StdoutLine: {'line': b'[ 55%] Built target movej_path_with_blend_example\n'}
[0.121808] (pico_kinova) StdoutLine: {'line': b'[ 60%] Built target contact_detection_example\n'}
[0.122183] (pico_kinova) StdoutLine: {'line': b'[ 65%] Built target speedj_example\n'}
[0.123043] (pico_kinova) StdoutLine: {'line': b'[ 74%] Built target forcemode_example\n'}
[0.123218] (pico_kinova) StdoutLine: {'line': b'[ 74%] Built target record_data_example\n'}
[0.124211] (pico_kinova) StdoutLine: {'line': b'[ 79%] Built target move_until_contact_example\n'}
[0.124894] (pico_kinova) StdoutLine: {'line': b'[ 83%] Built target jog_example\n'}
[0.125021] (pico_kinova) StdoutLine: {'line': b'[ 88%] Built target move_path_async_example\n'}
[0.127164] (pico_kinova) StdoutLine: {'line': b'[ 93%] Built target realtime_control_example\n'}
[0.163415] (pico_kinova) StdoutLine: {'line': b'[ 95%] \x1b[32mBuilding CXX object CMakeFiles/pico_kinova.dir/src/pico_kinova.cpp.o\x1b[0m\n'}
[0.200820] (-) TimerEvent: {}
[0.301137] (-) TimerEvent: {}
[0.401477] (-) TimerEvent: {}
[0.501771] (-) TimerEvent: {}
[0.602122] (-) TimerEvent: {}
[0.702443] (-) TimerEvent: {}
[0.802808] (-) TimerEvent: {}
[0.903068] (-) TimerEvent: {}
[1.003321] (-) TimerEvent: {}
[1.103576] (-) TimerEvent: {}
[1.203803] (-) TimerEvent: {}
[1.212072] (pico_kinova) StderrLine: {'line': b'In file included from \x1b[01m\x1b[K/home/rpp/Desktop/pico_kinova/pico_kinova/src/pico_kinova.cpp:36\x1b[m\x1b[K:\n'}
[1.212212] (pico_kinova) StderrLine: {'line': b'\x1b[01m\x1b[K/home/rpp/Desktop/pico_kinova/pico_kinova/include/client/TransportClientTcp.h:34:2:\x1b[m\x1b[K \x1b[01;35m\x1b[Kwarning: \x1b[m\x1b[K#warning is a GCC extension\n'}
[1.212270] (pico_kinova) StderrLine: {'line': b'   34 | #\x1b[01;35m\x1b[Kwarning\x1b[m\x1b[K Unknown OS type!\n'}
[1.212311] (pico_kinova) StderrLine: {'line': b'      |  \x1b[01;35m\x1b[K^~~~~~~\x1b[m\x1b[K\n'}
[1.212350] (pico_kinova) StderrLine: {'line': b'\x1b[01m\x1b[K/home/rpp/Desktop/pico_kinova/pico_kinova/include/client/TransportClientTcp.h:34:2:\x1b[m\x1b[K \x1b[01;35m\x1b[Kwarning: \x1b[m\x1b[K#warning Unknown OS type! [\x1b[01;35m\x1b[K\x1b]8;;https://gcc.gnu.org/onlinedocs/gcc/Warning-Options.html#index-Wcpp\x07-Wcpp\x1b]8;;\x07\x1b[m\x1b[K]\n'}
[1.303908] (-) TimerEvent: {}
[1.404140] (-) TimerEvent: {}
[1.504395] (-) TimerEvent: {}
[1.604614] (-) TimerEvent: {}
[1.704865] (-) TimerEvent: {}
[1.805086] (-) TimerEvent: {}
[1.905335] (-) TimerEvent: {}
[2.005593] (-) TimerEvent: {}
[2.105823] (-) TimerEvent: {}
[2.206042] (-) TimerEvent: {}
[2.237418] (pico_kinova) StderrLine: {'line': b'In file included from \x1b[01m\x1b[K/home/rpp/Desktop/pico_kinova/pico_kinova/ur_rtde/include/ur_rtde/rtde_receive_interface.h:6\x1b[m\x1b[K,\n'}
[2.237586] (pico_kinova) StderrLine: {'line': b'                 from \x1b[01m\x1b[K/home/rpp/Desktop/pico_kinova/pico_kinova/src/pico_kinova.cpp:18\x1b[m\x1b[K:\n'}
[2.237639] (pico_kinova) StderrLine: {'line': b'\x1b[01m\x1b[K/home/rpp/Desktop/pico_kinova/pico_kinova/ur_rtde/include/ur_rtde/robot_state.h:93:4:\x1b[m\x1b[K \x1b[01;35m\x1b[Kwarning: \x1b[m\x1b[Kextra \xe2\x80\x98\x1b[01m\x1b[K;\x1b[m\x1b[K\xe2\x80\x99 [\x1b[01;35m\x1b[K\x1b]8;;https://gcc.gnu.org/onlinedocs/gcc/Warning-Options.html#index-Wpedantic\x07-Wpedantic\x1b]8;;\x07\x1b[m\x1b[K]\n'}
[2.237695] (pico_kinova) StderrLine: {'line': b'   93 |   }\x1b[01;35m\x1b[K;\x1b[m\x1b[K\n'}
[2.237738] (pico_kinova) StderrLine: {'line': b'      |    \x1b[01;35m\x1b[K^\x1b[m\x1b[K\n'}
[2.237777] (pico_kinova) StderrLine: {'line': b'      |    \x1b[31m\x1b[K-\x1b[m\x1b[K\n'}
[2.237818] (pico_kinova) StderrLine: {'line': b'\x1b[01m\x1b[K/home/rpp/Desktop/pico_kinova/pico_kinova/ur_rtde/include/ur_rtde/robot_state.h:107:4:\x1b[m\x1b[K \x1b[01;35m\x1b[Kwarning: \x1b[m\x1b[Kextra \xe2\x80\x98\x1b[01m\x1b[K;\x1b[m\x1b[K\xe2\x80\x99 [\x1b[01;35m\x1b[K\x1b]8;;https://gcc.gnu.org/onlinedocs/gcc/Warning-Options.html#index-Wpedantic\x07-Wpedantic\x1b]8;;\x07\x1b[m\x1b[K]\n'}
[2.237857] (pico_kinova) StderrLine: {'line': b'  107 |   }\x1b[01;35m\x1b[K;\x1b[m\x1b[K\n'}
[2.237892] (pico_kinova) StderrLine: {'line': b'      |    \x1b[01;35m\x1b[K^\x1b[m\x1b[K\n'}
[2.237929] (pico_kinova) StderrLine: {'line': b'      |    \x1b[31m\x1b[K-\x1b[m\x1b[K\n'}
[2.268018] (pico_kinova) StderrLine: {'line': b'\x1b[01m\x1b[K/home/rpp/Desktop/pico_kinova/pico_kinova/ur_rtde/include/ur_rtde/robot_state.h:\x1b[m\x1b[K In member function \xe2\x80\x98\x1b[01m\x1b[Kuint16_t ur_rtde::RobotState::SizeVisitor::operator()(uint32_t) const\x1b[m\x1b[K\xe2\x80\x99:\n'}
[2.268240] (pico_kinova) StderrLine: {'line': b'\x1b[01m\x1b[K/home/rpp/Desktop/pico_kinova/pico_kinova/ur_rtde/include/ur_rtde/robot_state.h:154:34:\x1b[m\x1b[K \x1b[01;35m\x1b[Kwarning: \x1b[m\x1b[Kunused parameter \xe2\x80\x98\x1b[01m\x1b[Kint_val\x1b[m\x1b[K\xe2\x80\x99 [\x1b[01;35m\x1b[K\x1b]8;;https://gcc.gnu.org/onlinedocs/gcc/Warning-Options.html#index-Wunused-parameter\x07-Wunused-parameter\x1b]8;;\x07\x1b[m\x1b[K]\n'}
[2.268342] (pico_kinova) StderrLine: {'line': b'  154 |     uint16_t operator()(\x1b[01;35m\x1b[Kuint32_t int_val\x1b[m\x1b[K) const\n'}
[2.268453] (pico_kinova) StderrLine: {'line': b'      |                         \x1b[01;35m\x1b[K~~~~~~~~~^~~~~~~\x1b[m\x1b[K\n'}
[2.268540] (pico_kinova) StderrLine: {'line': b'\x1b[01m\x1b[K/home/rpp/Desktop/pico_kinova/pico_kinova/ur_rtde/include/ur_rtde/robot_state.h:\x1b[m\x1b[K In member function \xe2\x80\x98\x1b[01m\x1b[Kuint16_t ur_rtde::RobotState::SizeVisitor::operator()(uint64_t) const\x1b[m\x1b[K\xe2\x80\x99:\n'}
[2.268635] (pico_kinova) StderrLine: {'line': b'\x1b[01m\x1b[K/home/rpp/Desktop/pico_kinova/pico_kinova/ur_rtde/include/ur_rtde/robot_state.h:159:34:\x1b[m\x1b[K \x1b[01;35m\x1b[Kwarning: \x1b[m\x1b[Kunused parameter \xe2\x80\x98\x1b[01m\x1b[Kint_val\x1b[m\x1b[K\xe2\x80\x99 [\x1b[01;35m\x1b[K\x1b]8;;https://gcc.gnu.org/onlinedocs/gcc/Warning-Options.html#index-Wunused-parameter\x07-Wunused-parameter\x1b]8;;\x07\x1b[m\x1b[K]\n'}
[2.268731] (pico_kinova) StderrLine: {'line': b'  159 |     uint16_t operator()(\x1b[01;35m\x1b[Kuint64_t int_val\x1b[m\x1b[K) const\n'}
[2.268819] (pico_kinova) StderrLine: {'line': b'      |                         \x1b[01;35m\x1b[K~~~~~~~~~^~~~~~~\x1b[m\x1b[K\n'}
[2.268903] (pico_kinova) StderrLine: {'line': b'\x1b[01m\x1b[K/home/rpp/Desktop/pico_kinova/pico_kinova/ur_rtde/include/ur_rtde/robot_state.h:\x1b[m\x1b[K In member function \xe2\x80\x98\x1b[01m\x1b[Kuint16_t ur_rtde::RobotState::SizeVisitor::operator()(int32_t) const\x1b[m\x1b[K\xe2\x80\x99:\n'}
[2.268988] (pico_kinova) StderrLine: {'line': b'\x1b[01m\x1b[K/home/rpp/Desktop/pico_kinova/pico_kinova/ur_rtde/include/ur_rtde/robot_state.h:164:33:\x1b[m\x1b[K \x1b[01;35m\x1b[Kwarning: \x1b[m\x1b[Kunused parameter \xe2\x80\x98\x1b[01m\x1b[Kint_val\x1b[m\x1b[K\xe2\x80\x99 [\x1b[01;35m\x1b[K\x1b]8;;https://gcc.gnu.org/onlinedocs/gcc/Warning-Options.html#index-Wunused-parameter\x07-Wunused-parameter\x1b]8;;\x07\x1b[m\x1b[K]\n'}
[2.269074] (pico_kinova) StderrLine: {'line': b'  164 |     uint16_t operator()(\x1b[01;35m\x1b[Kint32_t int_val\x1b[m\x1b[K) const\n'}
[2.269168] (pico_kinova) StderrLine: {'line': b'      |                         \x1b[01;35m\x1b[K~~~~~~~~^~~~~~~\x1b[m\x1b[K\n'}
[2.269251] (pico_kinova) StderrLine: {'line': b'\x1b[01m\x1b[K/home/rpp/Desktop/pico_kinova/pico_kinova/ur_rtde/include/ur_rtde/robot_state.h:\x1b[m\x1b[K In member function \xe2\x80\x98\x1b[01m\x1b[Kuint16_t ur_rtde::RobotState::SizeVisitor::operator()(double) const\x1b[m\x1b[K\xe2\x80\x99:\n'}
[2.269335] (pico_kinova) StderrLine: {'line': b'\x1b[01m\x1b[K/home/rpp/Desktop/pico_kinova/pico_kinova/ur_rtde/include/ur_rtde/robot_state.h:169:32:\x1b[m\x1b[K \x1b[01;35m\x1b[Kwarning: \x1b[m\x1b[Kunused parameter \xe2\x80\x98\x1b[01m\x1b[Kdouble_val\x1b[m\x1b[K\xe2\x80\x99 [\x1b[01;35m\x1b[K\x1b]8;;https://gcc.gnu.org/onlinedocs/gcc/Warning-Options.html#index-Wunused-parameter\x07-Wunused-parameter\x1b]8;;\x07\x1b[m\x1b[K]\n'}
[2.269424] (pico_kinova) StderrLine: {'line': b'  169 |     uint16_t operator()(\x1b[01;35m\x1b[Kdouble double_val\x1b[m\x1b[K) const\n'}
[2.269507] (pico_kinova) StderrLine: {'line': b'      |                         \x1b[01;35m\x1b[K~~~~~~~^~~~~~~~~~\x1b[m\x1b[K\n'}
[2.306143] (-) TimerEvent: {}
[2.406466] (-) TimerEvent: {}
[2.506775] (-) TimerEvent: {}
[2.607002] (-) TimerEvent: {}
[2.707237] (-) TimerEvent: {}
[2.807474] (-) TimerEvent: {}
[2.907704] (-) TimerEvent: {}
[3.007929] (-) TimerEvent: {}
[3.108171] (-) TimerEvent: {}
[3.208418] (-) TimerEvent: {}
[3.308639] (-) TimerEvent: {}
[3.408874] (-) TimerEvent: {}
[3.509130] (-) TimerEvent: {}
[3.609359] (-) TimerEvent: {}
[3.709610] (-) TimerEvent: {}
[3.809834] (-) TimerEvent: {}
[3.910072] (-) TimerEvent: {}
[4.010316] (-) TimerEvent: {}
[4.110639] (-) TimerEvent: {}
[4.210900] (-) TimerEvent: {}
[4.311127] (-) TimerEvent: {}
[4.411372] (-) TimerEvent: {}
[4.511601] (-) TimerEvent: {}
[4.552617] (pico_kinova) StderrLine: {'line': b'In file included from \x1b[01m\x1b[K/home/rpp/Desktop/pico_kinova/pico_kinova/include/common/KError.h:9\x1b[m\x1b[K,\n'}
[4.552796] (pico_kinova) StderrLine: {'line': b'                 from \x1b[01m\x1b[K/home/rpp/Desktop/pico_kinova/pico_kinova/include/client/IRouterClient.h:13\x1b[m\x1b[K,\n'}
[4.552852] (pico_kinova) StderrLine: {'line': b'                 from \x1b[01m\x1b[K/home/rpp/Desktop/pico_kinova/pico_kinova/include/client_stubs/BaseClientRpc.h:13\x1b[m\x1b[K,\n'}
[4.552900] (pico_kinova) StderrLine: {'line': b'                 from \x1b[01m\x1b[K/home/rpp/Desktop/pico_kinova/pico_kinova/src/pico_kinova.cpp:32\x1b[m\x1b[K:\n'}
[4.552944] (pico_kinova) StderrLine: {'line': b'\x1b[01m\x1b[K/home/rpp/Desktop/pico_kinova/pico_kinova/include/common/HeaderInfo.h:\x1b[m\x1b[K At global scope:\n'}
[4.553044] (pico_kinova) StderrLine: {'line': b'\x1b[01m\x1b[K/home/rpp/Desktop/pico_kinova/pico_kinova/include/common/HeaderInfo.h:15:9:\x1b[m\x1b[K \x1b[01;35m\x1b[Kwarning: \x1b[m\x1b[KISO C++ prohibits anonymous structs [\x1b[01;35m\x1b[K\x1b]8;;https://gcc.gnu.org/onlinedocs/gcc/Warning-Options.html#index-Wpedantic\x07-Wpedantic\x1b]8;;\x07\x1b[m\x1b[K]\n'}
[4.553088] (pico_kinova) StderrLine: {'line': b'   15 |         \x1b[01;35m\x1b[K{\x1b[m\x1b[K\n'}
[4.553128] (pico_kinova) StderrLine: {'line': b'      |         \x1b[01;35m\x1b[K^\x1b[m\x1b[K\n'}
[4.553167] (pico_kinova) StderrLine: {'line': b'\x1b[01m\x1b[K/home/rpp/Desktop/pico_kinova/pico_kinova/include/common/HeaderInfo.h:29:9:\x1b[m\x1b[K \x1b[01;35m\x1b[Kwarning: \x1b[m\x1b[KISO C++ prohibits anonymous structs [\x1b[01;35m\x1b[K\x1b]8;;https://gcc.gnu.org/onlinedocs/gcc/Warning-Options.html#index-Wpedantic\x07-Wpedantic\x1b]8;;\x07\x1b[m\x1b[K]\n'}
[4.553206] (pico_kinova) StderrLine: {'line': b'   29 |         \x1b[01;35m\x1b[K{\x1b[m\x1b[K\n'}
[4.553245] (pico_kinova) StderrLine: {'line': b'      |         \x1b[01;35m\x1b[K^\x1b[m\x1b[K\n'}
[4.553284] (pico_kinova) StderrLine: {'line': b'\x1b[01m\x1b[K/home/rpp/Desktop/pico_kinova/pico_kinova/include/common/HeaderInfo.h:39:9:\x1b[m\x1b[K \x1b[01;35m\x1b[Kwarning: \x1b[m\x1b[KISO C++ prohibits anonymous structs [\x1b[01;35m\x1b[K\x1b]8;;https://gcc.gnu.org/onlinedocs/gcc/Warning-Options.html#index-Wpedantic\x07-Wpedantic\x1b]8;;\x07\x1b[m\x1b[K]\n'}
[4.553322] (pico_kinova) StderrLine: {'line': b'   39 |         \x1b[01;35m\x1b[K{\x1b[m\x1b[K\n'}
[4.553361] (pico_kinova) StderrLine: {'line': b'      |         \x1b[01;35m\x1b[K^\x1b[m\x1b[K\n'}
[4.553398] (pico_kinova) StderrLine: {'line': b'\x1b[01m\x1b[K/home/rpp/Desktop/pico_kinova/pico_kinova/include/common/HeaderInfo.h:46:9:\x1b[m\x1b[K \x1b[01;35m\x1b[Kwarning: \x1b[m\x1b[KISO C++ prohibits anonymous structs [\x1b[01;35m\x1b[K\x1b]8;;https://gcc.gnu.org/onlinedocs/gcc/Warning-Options.html#index-Wpedantic\x07-Wpedantic\x1b]8;;\x07\x1b[m\x1b[K]\n'}
[4.553471] (pico_kinova) StderrLine: {'line': b'   46 |         \x1b[01;35m\x1b[K{\x1b[m\x1b[K\n'}
[4.553509] (pico_kinova) StderrLine: {'line': b'      |         \x1b[01;35m\x1b[K^\x1b[m\x1b[K\n'}
[4.553547] (pico_kinova) StderrLine: {'line': b'\x1b[01m\x1b[K/home/rpp/Desktop/pico_kinova/pico_kinova/include/common/HeaderInfo.h:55:9:\x1b[m\x1b[K \x1b[01;35m\x1b[Kwarning: \x1b[m\x1b[KISO C++ prohibits anonymous structs [\x1b[01;35m\x1b[K\x1b]8;;https://gcc.gnu.org/onlinedocs/gcc/Warning-Options.html#index-Wpedantic\x07-Wpedantic\x1b]8;;\x07\x1b[m\x1b[K]\n'}
[4.553592] (pico_kinova) StderrLine: {'line': b'   55 |         \x1b[01;35m\x1b[K{\x1b[m\x1b[K\n'}
[4.553632] (pico_kinova) StderrLine: {'line': b'      |         \x1b[01;35m\x1b[K^\x1b[m\x1b[K\n'}
[4.576639] (pico_kinova) StderrLine: {'line': b'In file included from \x1b[01m\x1b[K/home/rpp/Desktop/pico_kinova/pico_kinova/src/pico_kinova.cpp:32\x1b[m\x1b[K:\n'}
[4.576789] (pico_kinova) StderrLine: {'line': b'\x1b[01m\x1b[K/home/rpp/Desktop/pico_kinova/pico_kinova/include/client_stubs/BaseClientRpc.h:\x1b[m\x1b[K In member function \xe2\x80\x98\x1b[01m\x1b[Kvoid Kinova::Api::Base::BaseClient::messageHeaderValidation(const Kinova::Api::Frame&)\x1b[m\x1b[K\xe2\x80\x99:\n'}
[4.576841] (pico_kinova) StderrLine: {'line': b'\x1b[01m\x1b[K/home/rpp/Desktop/pico_kinova/pico_kinova/include/client_stubs/BaseClientRpc.h:764:67:\x1b[m\x1b[K \x1b[01;35m\x1b[Kwarning: \x1b[m\x1b[Kunused parameter \xe2\x80\x98\x1b[01m\x1b[KmsgFrame\x1b[m\x1b[K\xe2\x80\x99 [\x1b[01;35m\x1b[K\x1b]8;;https://gcc.gnu.org/onlinedocs/gcc/Warning-Options.html#index-Wunused-parameter\x07-Wunused-parameter\x1b]8;;\x07\x1b[m\x1b[K]\n'}
[4.576898] (pico_kinova) StderrLine: {'line': b'  764 |                         void messageHeaderValidation(\x1b[01;35m\x1b[Kconst Frame& msgFrame\x1b[m\x1b[K){ /* todogr ... */ }\n'}
[4.576941] (pico_kinova) StderrLine: {'line': b'      |                                                      \x1b[01;35m\x1b[K~~~~~~~~~~~~~^~~~~~~~\x1b[m\x1b[K\n'}
[4.580667] (pico_kinova) StderrLine: {'line': b'In file included from \x1b[01m\x1b[K/home/rpp/Desktop/pico_kinova/pico_kinova/include/client/SessionManager.h:13\x1b[m\x1b[K,\n'}
[4.580788] (pico_kinova) StderrLine: {'line': b'                 from \x1b[01m\x1b[K/home/rpp/Desktop/pico_kinova/pico_kinova/src/pico_kinova.cpp:33\x1b[m\x1b[K:\n'}
[4.580836] (pico_kinova) StderrLine: {'line': b'\x1b[01m\x1b[K/home/rpp/Desktop/pico_kinova/pico_kinova/include/client_stubs/SessionClientRpc.h:\x1b[m\x1b[K In member function \xe2\x80\x98\x1b[01m\x1b[Kvoid Kinova::Api::Session::SessionClient::messageHeaderValidation(const Kinova::Api::Frame&)\x1b[m\x1b[K\xe2\x80\x99:\n'}
[4.580891] (pico_kinova) StderrLine: {'line': b'\x1b[01m\x1b[K/home/rpp/Desktop/pico_kinova/pico_kinova/include/client_stubs/SessionClientRpc.h:77:67:\x1b[m\x1b[K \x1b[01;35m\x1b[Kwarning: \x1b[m\x1b[Kunused parameter \xe2\x80\x98\x1b[01m\x1b[KmsgFrame\x1b[m\x1b[K\xe2\x80\x99 [\x1b[01;35m\x1b[K\x1b]8;;https://gcc.gnu.org/onlinedocs/gcc/Warning-Options.html#index-Wunused-parameter\x07-Wunused-parameter\x1b]8;;\x07\x1b[m\x1b[K]\n'}
[4.580937] (pico_kinova) StderrLine: {'line': b'   77 |                         void messageHeaderValidation(\x1b[01;35m\x1b[Kconst Frame& msgFrame\x1b[m\x1b[K){ /* todogr ... */ }\n'}
[4.580980] (pico_kinova) StderrLine: {'line': b'      |                                                      \x1b[01;35m\x1b[K~~~~~~~~~~~~~^~~~~~~~\x1b[m\x1b[K\n'}
[4.611739] (-) TimerEvent: {}
[4.711975] (-) TimerEvent: {}
[4.812230] (-) TimerEvent: {}
[4.912461] (-) TimerEvent: {}
[5.012714] (-) TimerEvent: {}
[5.112947] (-) TimerEvent: {}
[5.186117] (pico_kinova) StderrLine: {'line': b'\x1b[01m\x1b[K/home/rpp/Desktop/pico_kinova/pico_kinova/src/pico_kinova.cpp:\x1b[m\x1b[K In function \xe2\x80\x98\x1b[01m\x1b[Kvoid initialize_matplotlib()\x1b[m\x1b[K\xe2\x80\x99:\n'}
[5.186272] (pico_kinova) StderrLine: {'line': b'\x1b[01m\x1b[K/home/rpp/Desktop/pico_kinova/pico_kinova/src/pico_kinova.cpp:287:14:\x1b[m\x1b[K \x1b[01;31m\x1b[Kerror: \x1b[m\x1b[K\xe2\x80\x98\x1b[01m\x1b[KrcParams\x1b[m\x1b[K\xe2\x80\x99 is not a member of \xe2\x80\x98\x1b[01m\x1b[Kplt\x1b[m\x1b[K\xe2\x80\x99; did you mean \xe2\x80\x98\x1b[01m\x1b[Krcparams\x1b[m\x1b[K\xe2\x80\x99?\n'}
[5.186329] (pico_kinova) StderrLine: {'line': b'  287 |         plt::\x1b[01;31m\x1b[KrcParams\x1b[m\x1b[K["font.sans-serif"] = {"DejaVu Sans", "Arial", "Liberation Sans", "sans-serif"};\n'}
[5.186376] (pico_kinova) StderrLine: {'line': b'      |              \x1b[01;31m\x1b[K^~~~~~~~\x1b[m\x1b[K\n'}
[5.186416] (pico_kinova) StderrLine: {'line': b'      |              \x1b[32m\x1b[Krcparams\x1b[m\x1b[K\n'}
[5.186456] (pico_kinova) StderrLine: {'line': b'\x1b[01m\x1b[K/home/rpp/Desktop/pico_kinova/pico_kinova/src/pico_kinova.cpp:288:14:\x1b[m\x1b[K \x1b[01;31m\x1b[Kerror: \x1b[m\x1b[K\xe2\x80\x98\x1b[01m\x1b[KrcParams\x1b[m\x1b[K\xe2\x80\x99 is not a member of \xe2\x80\x98\x1b[01m\x1b[Kplt\x1b[m\x1b[K\xe2\x80\x99; did you mean \xe2\x80\x98\x1b[01m\x1b[Krcparams\x1b[m\x1b[K\xe2\x80\x99?\n'}
[5.186498] (pico_kinova) StderrLine: {'line': b'  288 |         plt::\x1b[01;31m\x1b[KrcParams\x1b[m\x1b[K["axes.unicode_minus"] = false;  // \xe8\xa7\xa3\xe5\x86\xb3\xe8\xb4\x9f\xe5\x8f\xb7\xe6\x98\xbe\xe7\xa4\xba\xe9\x97\xae\xe9\xa2\x98\n'}
[5.186536] (pico_kinova) StderrLine: {'line': b'      |              \x1b[01;31m\x1b[K^~~~~~~~\x1b[m\x1b[K\n'}
[5.186575] (pico_kinova) StderrLine: {'line': b'      |              \x1b[32m\x1b[Krcparams\x1b[m\x1b[K\n'}
[5.186982] (pico_kinova) StderrLine: {'line': b'\x1b[01m\x1b[K/home/rpp/Desktop/pico_kinova/pico_kinova/src/pico_kinova.cpp:\x1b[m\x1b[K In function \xe2\x80\x98\x1b[01m\x1b[Kvoid draw_plot()\x1b[m\x1b[K\xe2\x80\x99:\n'}
[5.187156] (pico_kinova) StderrLine: {'line': b'\x1b[01m\x1b[K/home/rpp/Desktop/pico_kinova/pico_kinova/src/pico_kinova.cpp:312:22:\x1b[m\x1b[K \x1b[01;31m\x1b[Kerror: \x1b[m\x1b[Kno matching function for call to \xe2\x80\x98\x1b[01m\x1b[Kplot(std::vector<double>&, std::vector<double>&, const char [3], <brace-enclosed initializer list>)\x1b[m\x1b[K\xe2\x80\x99\n'}
[5.187295] (pico_kinova) StderrLine: {'line': b'  312 |             \x1b[01;31m\x1b[Kplt::plot(left_data, left_data_x, "r-", {{"label", "left_x"}})\x1b[m\x1b[K;\n'}
[5.187405] (pico_kinova) StderrLine: {'line': b'      |             \x1b[01;31m\x1b[K~~~~~~~~~^~~~~~~~~~~~~~~~~~~~~~~~~~~~~~~~~~~~~~~~~~~~~~~~~~~~~\x1b[m\x1b[K\n'}
[5.187696] (pico_kinova) StderrLine: {'line': b'In file included from \x1b[01m\x1b[K/home/rpp/Desktop/pico_kinova/pico_kinova/src/pico_kinova.cpp:42\x1b[m\x1b[K:\n'}
[5.187873] (pico_kinova) StderrLine: {'line': b'\x1b[01m\x1b[K/home/rpp/Desktop/pico_kinova/pico_kinova/matplotlib/matplotlibcpp.h:442:6:\x1b[m\x1b[K \x1b[01;36m\x1b[Knote: \x1b[m\x1b[Kcandidate: \xe2\x80\x98\x1b[01m\x1b[Ktemplate<class Numeric> bool matplotlibcpp::plot(const std::vector<BufferT>&, const std::vector<BufferT>&, const std::map<std::__cxx11::basic_string<char>, std::__cxx11::basic_string<char> >&)\x1b[m\x1b[K\xe2\x80\x99\n'}
[5.188050] (pico_kinova) StderrLine: {'line': b'  442 | bool \x1b[01;36m\x1b[Kplot\x1b[m\x1b[K(const std::vector<Numeric> &x, const std::vector<Numeric> &y, const std::map<std::string, std::string>& keywords)\n'}
[5.188214] (pico_kinova) StderrLine: {'line': b'      |      \x1b[01;36m\x1b[K^~~~\x1b[m\x1b[K\n'}
[5.188317] (pico_kinova) StderrLine: {'line': b'\x1b[01m\x1b[K/home/rpp/Desktop/pico_kinova/pico_kinova/matplotlib/matplotlibcpp.h:442:6:\x1b[m\x1b[K \x1b[01;36m\x1b[Knote: \x1b[m\x1b[K  template argument deduction/substitution failed:\n'}
[5.188358] (pico_kinova) StderrLine: {'line': b'\x1b[01m\x1b[K/home/rpp/Desktop/pico_kinova/pico_kinova/src/pico_kinova.cpp:312:22:\x1b[m\x1b[K \x1b[01;36m\x1b[Knote: \x1b[m\x1b[K  candidate expects 3 arguments, 4 provided\n'}
[5.188398] (pico_kinova) StderrLine: {'line': b'  312 |             \x1b[01;36m\x1b[Kplt::plot(left_data, left_data_x, "r-", {{"label", "left_x"}})\x1b[m\x1b[K;\n'}
[5.188435] (pico_kinova) StderrLine: {'line': b'      |             \x1b[01;36m\x1b[K~~~~~~~~~^~~~~~~~~~~~~~~~~~~~~~~~~~~~~~~~~~~~~~~~~~~~~~~~~~~~~\x1b[m\x1b[K\n'}
[5.188474] (pico_kinova) StderrLine: {'line': b'In file included from \x1b[01m\x1b[K/home/rpp/Desktop/pico_kinova/pico_kinova/src/pico_kinova.cpp:42\x1b[m\x1b[K:\n'}
[5.188511] (pico_kinova) StderrLine: {'line': b'\x1b[01m\x1b[K/home/rpp/Desktop/pico_kinova/pico_kinova/matplotlib/matplotlibcpp.h:1358:6:\x1b[m\x1b[K \x1b[01;36m\x1b[Knote: \x1b[m\x1b[Kcandidate: \xe2\x80\x98\x1b[01m\x1b[Ktemplate<class NumericX, class NumericY> bool matplotlibcpp::plot(const std::vector<BufferT>&, const std::vector<_ValT>&, const string&)\x1b[m\x1b[K\xe2\x80\x99\n'}
[5.188550] (pico_kinova) StderrLine: {'line': b' 1358 | bool \x1b[01;36m\x1b[Kplot\x1b[m\x1b[K(const std::vector<NumericX>& x, const std::vector<NumericY>& y, const std::string& s = "")\n'}
[5.188589] (pico_kinova) StderrLine: {'line': b'      |      \x1b[01;36m\x1b[K^~~~\x1b[m\x1b[K\n'}
[5.188627] (pico_kinova) StderrLine: {'line': b'\x1b[01m\x1b[K/home/rpp/Desktop/pico_kinova/pico_kinova/matplotlib/matplotlibcpp.h:1358:6:\x1b[m\x1b[K \x1b[01;36m\x1b[Knote: \x1b[m\x1b[K  template argument deduction/substitution failed:\n'}
[5.188673] (pico_kinova) StderrLine: {'line': b'\x1b[01m\x1b[K/home/rpp/Desktop/pico_kinova/pico_kinova/src/pico_kinova.cpp:312:22:\x1b[m\x1b[K \x1b[01;36m\x1b[Knote: \x1b[m\x1b[K  candidate expects 3 arguments, 4 provided\n'}
[5.188722] (pico_kinova) StderrLine: {'line': b'  312 |             \x1b[01;36m\x1b[Kplt::plot(left_data, left_data_x, "r-", {{"label", "left_x"}})\x1b[m\x1b[K;\n'}
[5.188783] (pico_kinova) StderrLine: {'line': b'      |             \x1b[01;36m\x1b[K~~~~~~~~~^~~~~~~~~~~~~~~~~~~~~~~~~~~~~~~~~~~~~~~~~~~~~~~~~~~~~\x1b[m\x1b[K\n'}
[5.188823] (pico_kinova) StderrLine: {'line': b'In file included from \x1b[01m\x1b[K/home/rpp/Desktop/pico_kinova/pico_kinova/src/pico_kinova.cpp:42\x1b[m\x1b[K:\n'}
[5.188877] (pico_kinova) StderrLine: {'line': b'\x1b[01m\x1b[K/home/rpp/Desktop/pico_kinova/pico_kinova/matplotlib/matplotlibcpp.h:1810:6:\x1b[m\x1b[K \x1b[01;36m\x1b[Knote: \x1b[m\x1b[Kcandidate: \xe2\x80\x98\x1b[01m\x1b[Ktemplate<class Numeric> bool matplotlibcpp::plot(const std::vector<BufferT>&, const string&)\x1b[m\x1b[K\xe2\x80\x99\n'}
[5.188916] (pico_kinova) StderrLine: {'line': b' 1810 | bool \x1b[01;36m\x1b[Kplot\x1b[m\x1b[K(const std::vector<Numeric>& y, const std::string& format = "")\n'}
[5.188956] (pico_kinova) StderrLine: {'line': b'      |      \x1b[01;36m\x1b[K^~~~\x1b[m\x1b[K\n'}
[5.188994] (pico_kinova) StderrLine: {'line': b'\x1b[01m\x1b[K/home/rpp/Desktop/pico_kinova/pico_kinova/matplotlib/matplotlibcpp.h:1810:6:\x1b[m\x1b[K \x1b[01;36m\x1b[Knote: \x1b[m\x1b[K  template argument deduction/substitution failed:\n'}
[5.189033] (pico_kinova) StderrLine: {'line': b'\x1b[01m\x1b[K/home/rpp/Desktop/pico_kinova/pico_kinova/src/pico_kinova.cpp:312:22:\x1b[m\x1b[K \x1b[01;36m\x1b[Knote: \x1b[m\x1b[K  candidate expects 2 arguments, 4 provided\n'}
[5.189071] (pico_kinova) StderrLine: {'line': b'  312 |             \x1b[01;36m\x1b[Kplt::plot(left_data, left_data_x, "r-", {{"label", "left_x"}})\x1b[m\x1b[K;\n'}
[5.189106] (pico_kinova) StderrLine: {'line': b'      |             \x1b[01;36m\x1b[K~~~~~~~~~^~~~~~~~~~~~~~~~~~~~~~~~~~~~~~~~~~~~~~~~~~~~~~~~~~~~~\x1b[m\x1b[K\n'}
[5.189144] (pico_kinova) StderrLine: {'line': b'In file included from \x1b[01m\x1b[K/home/rpp/Desktop/pico_kinova/pico_kinova/src/pico_kinova.cpp:42\x1b[m\x1b[K:\n'}
[5.189182] (pico_kinova) StderrLine: {'line': b'\x1b[01m\x1b[K/home/rpp/Desktop/pico_kinova/pico_kinova/matplotlib/matplotlibcpp.h:1818:6:\x1b[m\x1b[K \x1b[01;36m\x1b[Knote: \x1b[m\x1b[Kcandidate: \xe2\x80\x98\x1b[01m\x1b[Ktemplate<class Numeric> bool matplotlibcpp::plot(const std::vector<BufferT>&, const std::map<std::__cxx11::basic_string<char>, std::__cxx11::basic_string<char> >&)\x1b[m\x1b[K\xe2\x80\x99\n'}
[5.189223] (pico_kinova) StderrLine: {'line': b' 1818 | bool \x1b[01;36m\x1b[Kplot\x1b[m\x1b[K(const std::vector<Numeric>& y, const std::map<std::string, std::string>& keywords)\n'}
[5.189260] (pico_kinova) StderrLine: {'line': b'      |      \x1b[01;36m\x1b[K^~~~\x1b[m\x1b[K\n'}
[5.189297] (pico_kinova) StderrLine: {'line': b'\x1b[01m\x1b[K/home/rpp/Desktop/pico_kinova/pico_kinova/matplotlib/matplotlibcpp.h:1818:6:\x1b[m\x1b[K \x1b[01;36m\x1b[Knote: \x1b[m\x1b[K  template argument deduction/substitution failed:\n'}
[5.189334] (pico_kinova) StderrLine: {'line': b'\x1b[01m\x1b[K/home/rpp/Desktop/pico_kinova/pico_kinova/src/pico_kinova.cpp:312:22:\x1b[m\x1b[K \x1b[01;36m\x1b[Knote: \x1b[m\x1b[K  candidate expects 2 arguments, 4 provided\n'}
[5.189370] (pico_kinova) StderrLine: {'line': b'  312 |             \x1b[01;36m\x1b[Kplt::plot(left_data, left_data_x, "r-", {{"label", "left_x"}})\x1b[m\x1b[K;\n'}
[5.189409] (pico_kinova) StderrLine: {'line': b'      |             \x1b[01;36m\x1b[K~~~~~~~~~^~~~~~~~~~~~~~~~~~~~~~~~~~~~~~~~~~~~~~~~~~~~~~~~~~~~~\x1b[m\x1b[K\n'}
[5.189446] (pico_kinova) StderrLine: {'line': b'In file included from \x1b[01m\x1b[K/home/rpp/Desktop/pico_kinova/pico_kinova/src/pico_kinova.cpp:42\x1b[m\x1b[K:\n'}
[5.189483] (pico_kinova) StderrLine: {'line': b'\x1b[01m\x1b[K/home/rpp/Desktop/pico_kinova/pico_kinova/matplotlib/matplotlibcpp.h:2860:6:\x1b[m\x1b[K \x1b[01;36m\x1b[Knote: \x1b[m\x1b[Kcandidate: \xe2\x80\x98\x1b[01m\x1b[Ktemplate<class ... Args> bool matplotlibcpp::plot()\x1b[m\x1b[K\xe2\x80\x99\n'}
[5.189525] (pico_kinova) StderrLine: {'line': b' 2860 | bool \x1b[01;36m\x1b[Kplot\x1b[m\x1b[K() { return true; }\n'}
[5.189562] (pico_kinova) StderrLine: {'line': b'      |      \x1b[01;36m\x1b[K^~~~\x1b[m\x1b[K\n'}
[5.189600] (pico_kinova) StderrLine: {'line': b'\x1b[01m\x1b[K/home/rpp/Desktop/pico_kinova/pico_kinova/matplotlib/matplotlibcpp.h:2860:6:\x1b[m\x1b[K \x1b[01;36m\x1b[Knote: \x1b[m\x1b[K  template argument deduction/substitution failed:\n'}
[5.189639] (pico_kinova) StderrLine: {'line': b'\x1b[01m\x1b[K/home/rpp/Desktop/pico_kinova/pico_kinova/src/pico_kinova.cpp:312:22:\x1b[m\x1b[K \x1b[01;36m\x1b[Knote: \x1b[m\x1b[K  candidate expects 0 arguments, 4 provided\n'}
[5.189680] (pico_kinova) StderrLine: {'line': b'  312 |             \x1b[01;36m\x1b[Kplt::plot(left_data, left_data_x, "r-", {{"label", "left_x"}})\x1b[m\x1b[K;\n'}
[5.189718] (pico_kinova) StderrLine: {'line': b'      |             \x1b[01;36m\x1b[K~~~~~~~~~^~~~~~~~~~~~~~~~~~~~~~~~~~~~~~~~~~~~~~~~~~~~~~~~~~~~~\x1b[m\x1b[K\n'}
[5.189755] (pico_kinova) StderrLine: {'line': b'In file included from \x1b[01m\x1b[K/home/rpp/Desktop/pico_kinova/pico_kinova/src/pico_kinova.cpp:42\x1b[m\x1b[K:\n'}
[5.189792] (pico_kinova) StderrLine: {'line': b'\x1b[01m\x1b[K/home/rpp/Desktop/pico_kinova/pico_kinova/matplotlib/matplotlibcpp.h:2863:6:\x1b[m\x1b[K \x1b[01;36m\x1b[Knote: \x1b[m\x1b[Kcandidate: \xe2\x80\x98\x1b[01m\x1b[Kbool matplotlibcpp::plot(const A&, const B&, const string&, Args ...) [with A = std::vector<double>; B = std::vector<double>; Args = {}; std::string = std::__cxx11::basic_string<char>]\x1b[m\x1b[K\xe2\x80\x99\n'}
[5.189832] (pico_kinova) StderrLine: {'line': b' 2863 | bool \x1b[01;36m\x1b[Kplot\x1b[m\x1b[K(const A& a, const B& b, const std::string& format, Args... args)\n'}
[5.189870] (pico_kinova) StderrLine: {'line': b'      |      \x1b[01;36m\x1b[K^~~~\x1b[m\x1b[K\n'}
[5.189906] (pico_kinova) StderrLine: {'line': b'\x1b[01m\x1b[K/home/rpp/Desktop/pico_kinova/pico_kinova/matplotlib/matplotlibcpp.h:2863:6:\x1b[m\x1b[K \x1b[01;36m\x1b[Knote: \x1b[m\x1b[K  candidate expects 3 arguments, 4 provided\n'}
[5.189943] (pico_kinova) StderrLine: {'line': b'\x1b[01m\x1b[K/home/rpp/Desktop/pico_kinova/pico_kinova/matplotlib/matplotlibcpp.h:2872:13:\x1b[m\x1b[K \x1b[01;36m\x1b[Knote: \x1b[m\x1b[Kcandidate: \xe2\x80\x98\x1b[01m\x1b[Kbool matplotlibcpp::plot(const std::vector<double>&, const std::vector<double>&, const string&)\x1b[m\x1b[K\xe2\x80\x99\n'}
[5.189985] (pico_kinova) StderrLine: {'line': b' 2872 | inline bool \x1b[01;36m\x1b[Kplot\x1b[m\x1b[K(const std::vector<double>& x, const std::vector<double>& y, const std::string& format = "") {\n'}
[5.190022] (pico_kinova) StderrLine: {'line': b'      |             \x1b[01;36m\x1b[K^~~~\x1b[m\x1b[K\n'}
[5.190059] (pico_kinova) StderrLine: {'line': b'\x1b[01m\x1b[K/home/rpp/Desktop/pico_kinova/pico_kinova/matplotlib/matplotlibcpp.h:2872:13:\x1b[m\x1b[K \x1b[01;36m\x1b[Knote: \x1b[m\x1b[K  candidate expects 3 arguments, 4 provided\n'}
[5.190096] (pico_kinova) StderrLine: {'line': b'\x1b[01m\x1b[K/home/rpp/Desktop/pico_kinova/pico_kinova/matplotlib/matplotlibcpp.h:2876:13:\x1b[m\x1b[K \x1b[01;36m\x1b[Knote: \x1b[m\x1b[Kcandidate: \xe2\x80\x98\x1b[01m\x1b[Kbool matplotlibcpp::plot(const std::vector<double>&, const string&)\x1b[m\x1b[K\xe2\x80\x99\n'}
[5.190137] (pico_kinova) StderrLine: {'line': b' 2876 | inline bool \x1b[01;36m\x1b[Kplot\x1b[m\x1b[K(const std::vector<double>& y, const std::string& format = "") {\n'}
[5.190174] (pico_kinova) StderrLine: {'line': b'      |             \x1b[01;36m\x1b[K^~~~\x1b[m\x1b[K\n'}
[5.190212] (pico_kinova) StderrLine: {'line': b'\x1b[01m\x1b[K/home/rpp/Desktop/pico_kinova/pico_kinova/matplotlib/matplotlibcpp.h:2876:13:\x1b[m\x1b[K \x1b[01;36m\x1b[Knote: \x1b[m\x1b[K  candidate expects 2 arguments, 4 provided\n'}
[5.190249] (pico_kinova) StderrLine: {'line': b'\x1b[01m\x1b[K/home/rpp/Desktop/pico_kinova/pico_kinova/matplotlib/matplotlibcpp.h:2880:13:\x1b[m\x1b[K \x1b[01;36m\x1b[Knote: \x1b[m\x1b[Kcandidate: \xe2\x80\x98\x1b[01m\x1b[Kbool matplotlibcpp::plot(const std::vector<double>&, const std::vector<double>&, const std::map<std::__cxx11::basic_string<char>, std::__cxx11::basic_string<char> >&)\x1b[m\x1b[K\xe2\x80\x99\n'}
[5.190291] (pico_kinova) StderrLine: {'line': b' 2880 | inline bool \x1b[01;36m\x1b[Kplot\x1b[m\x1b[K(const std::vector<double>& x, const std::vector<double>& y, const std::map<std::string, std::string>& keywords) {\n'}
[5.190331] (pico_kinova) StderrLine: {'line': b'      |             \x1b[01;36m\x1b[K^~~~\x1b[m\x1b[K\n'}
[5.190378] (pico_kinova) StderrLine: {'line': b'\x1b[01m\x1b[K/home/rpp/Desktop/pico_kinova/pico_kinova/matplotlib/matplotlibcpp.h:2880:13:\x1b[m\x1b[K \x1b[01;36m\x1b[Knote: \x1b[m\x1b[K  candidate expects 3 arguments, 4 provided\n'}
[5.190417] (pico_kinova) StderrLine: {'line': b'\x1b[01m\x1b[K/home/rpp/Desktop/pico_kinova/pico_kinova/src/pico_kinova.cpp:313:22:\x1b[m\x1b[K \x1b[01;31m\x1b[Kerror: \x1b[m\x1b[Kno matching function for call to \xe2\x80\x98\x1b[01m\x1b[Kplot(std::vector<double>&, std::vector<double>&, const char [3], <brace-enclosed initializer list>)\x1b[m\x1b[K\xe2\x80\x99\n'}
[5.190459] (pico_kinova) StderrLine: {'line': b'  313 |             \x1b[01;31m\x1b[Kplt::plot(left_data, left_data_y, "g-", {{"label", "left_y"}})\x1b[m\x1b[K;\n'}
[5.190496] (pico_kinova) StderrLine: {'line': b'      |             \x1b[01;31m\x1b[K~~~~~~~~~^~~~~~~~~~~~~~~~~~~~~~~~~~~~~~~~~~~~~~~~~~~~~~~~~~~~~\x1b[m\x1b[K\n'}
[5.190534] (pico_kinova) StderrLine: {'line': b'In file included from \x1b[01m\x1b[K/home/rpp/Desktop/pico_kinova/pico_kinova/src/pico_kinova.cpp:42\x1b[m\x1b[K:\n'}
[5.190573] (pico_kinova) StderrLine: {'line': b'\x1b[01m\x1b[K/home/rpp/Desktop/pico_kinova/pico_kinova/matplotlib/matplotlibcpp.h:442:6:\x1b[m\x1b[K \x1b[01;36m\x1b[Knote: \x1b[m\x1b[Kcandidate: \xe2\x80\x98\x1b[01m\x1b[Ktemplate<class Numeric> bool matplotlibcpp::plot(const std::vector<BufferT>&, const std::vector<BufferT>&, const std::map<std::__cxx11::basic_string<char>, std::__cxx11::basic_string<char> >&)\x1b[m\x1b[K\xe2\x80\x99\n'}
[5.190615] (pico_kinova) StderrLine: {'line': b'  442 | bool \x1b[01;36m\x1b[Kplot\x1b[m\x1b[K(const std::vector<Numeric> &x, const std::vector<Numeric> &y, const std::map<std::string, std::string>& keywords)\n'}
[5.190661] (pico_kinova) StderrLine: {'line': b'      |      \x1b[01;36m\x1b[K^~~~\x1b[m\x1b[K\n'}
[5.190706] (pico_kinova) StderrLine: {'line': b'\x1b[01m\x1b[K/home/rpp/Desktop/pico_kinova/pico_kinova/matplotlib/matplotlibcpp.h:442:6:\x1b[m\x1b[K \x1b[01;36m\x1b[Knote: \x1b[m\x1b[K  template argument deduction/substitution failed:\n'}
[5.190745] (pico_kinova) StderrLine: {'line': b'\x1b[01m\x1b[K/home/rpp/Desktop/pico_kinova/pico_kinova/src/pico_kinova.cpp:313:22:\x1b[m\x1b[K \x1b[01;36m\x1b[Knote: \x1b[m\x1b[K  candidate expects 3 arguments, 4 provided\n'}
[5.190787] (pico_kinova) StderrLine: {'line': b'  313 |             \x1b[01;36m\x1b[Kplt::plot(left_data, left_data_y, "g-", {{"label", "left_y"}})\x1b[m\x1b[K;\n'}
[5.190825] (pico_kinova) StderrLine: {'line': b'      |             \x1b[01;36m\x1b[K~~~~~~~~~^~~~~~~~~~~~~~~~~~~~~~~~~~~~~~~~~~~~~~~~~~~~~~~~~~~~~\x1b[m\x1b[K\n'}
[5.190865] (pico_kinova) StderrLine: {'line': b'In file included from \x1b[01m\x1b[K/home/rpp/Desktop/pico_kinova/pico_kinova/src/pico_kinova.cpp:42\x1b[m\x1b[K:\n'}
[5.190902] (pico_kinova) StderrLine: {'line': b'\x1b[01m\x1b[K/home/rpp/Desktop/pico_kinova/pico_kinova/matplotlib/matplotlibcpp.h:1358:6:\x1b[m\x1b[K \x1b[01;36m\x1b[Knote: \x1b[m\x1b[Kcandidate: \xe2\x80\x98\x1b[01m\x1b[Ktemplate<class NumericX, class NumericY> bool matplotlibcpp::plot(const std::vector<BufferT>&, const std::vector<_ValT>&, const string&)\x1b[m\x1b[K\xe2\x80\x99\n'}
[5.190941] (pico_kinova) StderrLine: {'line': b' 1358 | bool \x1b[01;36m\x1b[Kplot\x1b[m\x1b[K(const std::vector<NumericX>& x, const std::vector<NumericY>& y, const std::string& s = "")\n'}
[5.190979] (pico_kinova) StderrLine: {'line': b'      |      \x1b[01;36m\x1b[K^~~~\x1b[m\x1b[K\n'}
[5.191015] (pico_kinova) StderrLine: {'line': b'\x1b[01m\x1b[K/home/rpp/Desktop/pico_kinova/pico_kinova/matplotlib/matplotlibcpp.h:1358:6:\x1b[m\x1b[K \x1b[01;36m\x1b[Knote: \x1b[m\x1b[K  template argument deduction/substitution failed:\n'}
[5.191051] (pico_kinova) StderrLine: {'line': b'\x1b[01m\x1b[K/home/rpp/Desktop/pico_kinova/pico_kinova/src/pico_kinova.cpp:313:22:\x1b[m\x1b[K \x1b[01;36m\x1b[Knote: \x1b[m\x1b[K  candidate expects 3 arguments, 4 provided\n'}
[5.191091] (pico_kinova) StderrLine: {'line': b'  313 |             \x1b[01;36m\x1b[Kplt::plot(left_data, left_data_y, "g-", {{"label", "left_y"}})\x1b[m\x1b[K;\n'}
[5.191128] (pico_kinova) StderrLine: {'line': b'      |             \x1b[01;36m\x1b[K~~~~~~~~~^~~~~~~~~~~~~~~~~~~~~~~~~~~~~~~~~~~~~~~~~~~~~~~~~~~~~\x1b[m\x1b[K\n'}
[5.191165] (pico_kinova) StderrLine: {'line': b'In file included from \x1b[01m\x1b[K/home/rpp/Desktop/pico_kinova/pico_kinova/src/pico_kinova.cpp:42\x1b[m\x1b[K:\n'}
[5.191202] (pico_kinova) StderrLine: {'line': b'\x1b[01m\x1b[K/home/rpp/Desktop/pico_kinova/pico_kinova/matplotlib/matplotlibcpp.h:1810:6:\x1b[m\x1b[K \x1b[01;36m\x1b[Knote: \x1b[m\x1b[Kcandidate: \xe2\x80\x98\x1b[01m\x1b[Ktemplate<class Numeric> bool matplotlibcpp::plot(const std::vector<BufferT>&, const string&)\x1b[m\x1b[K\xe2\x80\x99\n'}
[5.191240] (pico_kinova) StderrLine: {'line': b' 1810 | bool \x1b[01;36m\x1b[Kplot\x1b[m\x1b[K(const std::vector<Numeric>& y, const std::string& format = "")\n'}
[5.191280] (pico_kinova) StderrLine: {'line': b'      |      \x1b[01;36m\x1b[K^~~~\x1b[m\x1b[K\n'}
[5.191317] (pico_kinova) StderrLine: {'line': b'\x1b[01m\x1b[K/home/rpp/Desktop/pico_kinova/pico_kinova/matplotlib/matplotlibcpp.h:1810:6:\x1b[m\x1b[K \x1b[01;36m\x1b[Knote: \x1b[m\x1b[K  template argument deduction/substitution failed:\n'}
[5.191355] (pico_kinova) StderrLine: {'line': b'\x1b[01m\x1b[K/home/rpp/Desktop/pico_kinova/pico_kinova/src/pico_kinova.cpp:313:22:\x1b[m\x1b[K \x1b[01;36m\x1b[Knote: \x1b[m\x1b[K  candidate expects 2 arguments, 4 provided\n'}
[5.191392] (pico_kinova) StderrLine: {'line': b'  313 |             \x1b[01;36m\x1b[Kplt::plot(left_data, left_data_y, "g-", {{"label", "left_y"}})\x1b[m\x1b[K;\n'}
[5.191429] (pico_kinova) StderrLine: {'line': b'      |             \x1b[01;36m\x1b[K~~~~~~~~~^~~~~~~~~~~~~~~~~~~~~~~~~~~~~~~~~~~~~~~~~~~~~~~~~~~~~\x1b[m\x1b[K\n'}
[5.191466] (pico_kinova) StderrLine: {'line': b'In file included from \x1b[01m\x1b[K/home/rpp/Desktop/pico_kinova/pico_kinova/src/pico_kinova.cpp:42\x1b[m\x1b[K:\n'}
[5.191503] (pico_kinova) StderrLine: {'line': b'\x1b[01m\x1b[K/home/rpp/Desktop/pico_kinova/pico_kinova/matplotlib/matplotlibcpp.h:1818:6:\x1b[m\x1b[K \x1b[01;36m\x1b[Knote: \x1b[m\x1b[Kcandidate: \xe2\x80\x98\x1b[01m\x1b[Ktemplate<class Numeric> bool matplotlibcpp::plot(const std::vector<BufferT>&, const std::map<std::__cxx11::basic_string<char>, std::__cxx11::basic_string<char> >&)\x1b[m\x1b[K\xe2\x80\x99\n'}
[5.191542] (pico_kinova) StderrLine: {'line': b' 1818 | bool \x1b[01;36m\x1b[Kplot\x1b[m\x1b[K(const std::vector<Numeric>& y, const std::map<std::string, std::string>& keywords)\n'}
[5.191581] (pico_kinova) StderrLine: {'line': b'      |      \x1b[01;36m\x1b[K^~~~\x1b[m\x1b[K\n'}
[5.191617] (pico_kinova) StderrLine: {'line': b'\x1b[01m\x1b[K/home/rpp/Desktop/pico_kinova/pico_kinova/matplotlib/matplotlibcpp.h:1818:6:\x1b[m\x1b[K \x1b[01;36m\x1b[Knote: \x1b[m\x1b[K  template argument deduction/substitution failed:\n'}
[5.191657] (pico_kinova) StderrLine: {'line': b'\x1b[01m\x1b[K/home/rpp/Desktop/pico_kinova/pico_kinova/src/pico_kinova.cpp:313:22:\x1b[m\x1b[K \x1b[01;36m\x1b[Knote: \x1b[m\x1b[K  candidate expects 2 arguments, 4 provided\n'}
[5.191694] (pico_kinova) StderrLine: {'line': b'  313 |             \x1b[01;36m\x1b[Kplt::plot(left_data, left_data_y, "g-", {{"label", "left_y"}})\x1b[m\x1b[K;\n'}
[5.191730] (pico_kinova) StderrLine: {'line': b'      |             \x1b[01;36m\x1b[K~~~~~~~~~^~~~~~~~~~~~~~~~~~~~~~~~~~~~~~~~~~~~~~~~~~~~~~~~~~~~~\x1b[m\x1b[K\n'}
[5.191767] (pico_kinova) StderrLine: {'line': b'In file included from \x1b[01m\x1b[K/home/rpp/Desktop/pico_kinova/pico_kinova/src/pico_kinova.cpp:42\x1b[m\x1b[K:\n'}
[5.191802] (pico_kinova) StderrLine: {'line': b'\x1b[01m\x1b[K/home/rpp/Desktop/pico_kinova/pico_kinova/matplotlib/matplotlibcpp.h:2860:6:\x1b[m\x1b[K \x1b[01;36m\x1b[Knote: \x1b[m\x1b[Kcandidate: \xe2\x80\x98\x1b[01m\x1b[Ktemplate<class ... Args> bool matplotlibcpp::plot()\x1b[m\x1b[K\xe2\x80\x99\n'}
[5.191842] (pico_kinova) StderrLine: {'line': b' 2860 | bool \x1b[01;36m\x1b[Kplot\x1b[m\x1b[K() { return true; }\n'}
[5.191880] (pico_kinova) StderrLine: {'line': b'      |      \x1b[01;36m\x1b[K^~~~\x1b[m\x1b[K\n'}
[5.191918] (pico_kinova) StderrLine: {'line': b'\x1b[01m\x1b[K/home/rpp/Desktop/pico_kinova/pico_kinova/matplotlib/matplotlibcpp.h:2860:6:\x1b[m\x1b[K \x1b[01;36m\x1b[Knote: \x1b[m\x1b[K  template argument deduction/substitution failed:\n'}
[5.191956] (pico_kinova) StderrLine: {'line': b'\x1b[01m\x1b[K/home/rpp/Desktop/pico_kinova/pico_kinova/src/pico_kinova.cpp:313:22:\x1b[m\x1b[K \x1b[01;36m\x1b[Knote: \x1b[m\x1b[K  candidate expects 0 arguments, 4 provided\n'}
[5.191995] (pico_kinova) StderrLine: {'line': b'  313 |             \x1b[01;36m\x1b[Kplt::plot(left_data, left_data_y, "g-", {{"label", "left_y"}})\x1b[m\x1b[K;\n'}
[5.192032] (pico_kinova) StderrLine: {'line': b'      |             \x1b[01;36m\x1b[K~~~~~~~~~^~~~~~~~~~~~~~~~~~~~~~~~~~~~~~~~~~~~~~~~~~~~~~~~~~~~~\x1b[m\x1b[K\n'}
[5.192070] (pico_kinova) StderrLine: {'line': b'In file included from \x1b[01m\x1b[K/home/rpp/Desktop/pico_kinova/pico_kinova/src/pico_kinova.cpp:42\x1b[m\x1b[K:\n'}
[5.192107] (pico_kinova) StderrLine: {'line': b'\x1b[01m\x1b[K/home/rpp/Desktop/pico_kinova/pico_kinova/matplotlib/matplotlibcpp.h:2863:6:\x1b[m\x1b[K \x1b[01;36m\x1b[Knote: \x1b[m\x1b[Kcandidate: \xe2\x80\x98\x1b[01m\x1b[Kbool matplotlibcpp::plot(const A&, const B&, const string&, Args ...) [with A = std::vector<double>; B = std::vector<double>; Args = {}; std::string = std::__cxx11::basic_string<char>]\x1b[m\x1b[K\xe2\x80\x99\n'}
[5.192147] (pico_kinova) StderrLine: {'line': b' 2863 | bool \x1b[01;36m\x1b[Kplot\x1b[m\x1b[K(const A& a, const B& b, const std::string& format, Args... args)\n'}
[5.192186] (pico_kinova) StderrLine: {'line': b'      |      \x1b[01;36m\x1b[K^~~~\x1b[m\x1b[K\n'}
[5.192223] (pico_kinova) StderrLine: {'line': b'\x1b[01m\x1b[K/home/rpp/Desktop/pico_kinova/pico_kinova/matplotlib/matplotlibcpp.h:2863:6:\x1b[m\x1b[K \x1b[01;36m\x1b[Knote: \x1b[m\x1b[K  candidate expects 3 arguments, 4 provided\n'}
[5.192260] (pico_kinova) StderrLine: {'line': b'\x1b[01m\x1b[K/home/rpp/Desktop/pico_kinova/pico_kinova/matplotlib/matplotlibcpp.h:2872:13:\x1b[m\x1b[K \x1b[01;36m\x1b[Knote: \x1b[m\x1b[Kcandidate: \xe2\x80\x98\x1b[01m\x1b[Kbool matplotlibcpp::plot(const std::vector<double>&, const std::vector<double>&, const string&)\x1b[m\x1b[K\xe2\x80\x99\n'}
[5.192299] (pico_kinova) StderrLine: {'line': b' 2872 | inline bool \x1b[01;36m\x1b[Kplot\x1b[m\x1b[K(const std::vector<double>& x, const std::vector<double>& y, const std::string& format = "") {\n'}
[5.192338] (pico_kinova) StderrLine: {'line': b'      |             \x1b[01;36m\x1b[K^~~~\x1b[m\x1b[K\n'}
[5.192374] (pico_kinova) StderrLine: {'line': b'\x1b[01m\x1b[K/home/rpp/Desktop/pico_kinova/pico_kinova/matplotlib/matplotlibcpp.h:2872:13:\x1b[m\x1b[K \x1b[01;36m\x1b[Knote: \x1b[m\x1b[K  candidate expects 3 arguments, 4 provided\n'}
[5.192411] (pico_kinova) StderrLine: {'line': b'\x1b[01m\x1b[K/home/rpp/Desktop/pico_kinova/pico_kinova/matplotlib/matplotlibcpp.h:2876:13:\x1b[m\x1b[K \x1b[01;36m\x1b[Knote: \x1b[m\x1b[Kcandidate: \xe2\x80\x98\x1b[01m\x1b[Kbool matplotlibcpp::plot(const std::vector<double>&, const string&)\x1b[m\x1b[K\xe2\x80\x99\n'}
[5.192448] (pico_kinova) StderrLine: {'line': b' 2876 | inline bool \x1b[01;36m\x1b[Kplot\x1b[m\x1b[K(const std::vector<double>& y, const std::string& format = "") {\n'}
[5.192487] (pico_kinova) StderrLine: {'line': b'      |             \x1b[01;36m\x1b[K^~~~\x1b[m\x1b[K\n'}
[5.192524] (pico_kinova) StderrLine: {'line': b'\x1b[01m\x1b[K/home/rpp/Desktop/pico_kinova/pico_kinova/matplotlib/matplotlibcpp.h:2876:13:\x1b[m\x1b[K \x1b[01;36m\x1b[Knote: \x1b[m\x1b[K  candidate expects 2 arguments, 4 provided\n'}
[5.192560] (pico_kinova) StderrLine: {'line': b'\x1b[01m\x1b[K/home/rpp/Desktop/pico_kinova/pico_kinova/matplotlib/matplotlibcpp.h:2880:13:\x1b[m\x1b[K \x1b[01;36m\x1b[Knote: \x1b[m\x1b[Kcandidate: \xe2\x80\x98\x1b[01m\x1b[Kbool matplotlibcpp::plot(const std::vector<double>&, const std::vector<double>&, const std::map<std::__cxx11::basic_string<char>, std::__cxx11::basic_string<char> >&)\x1b[m\x1b[K\xe2\x80\x99\n'}
[5.192603] (pico_kinova) StderrLine: {'line': b' 2880 | inline bool \x1b[01;36m\x1b[Kplot\x1b[m\x1b[K(const std::vector<double>& x, const std::vector<double>& y, const std::map<std::string, std::string>& keywords) {\n'}
[5.192640] (pico_kinova) StderrLine: {'line': b'      |             \x1b[01;36m\x1b[K^~~~\x1b[m\x1b[K\n'}
[5.192686] (pico_kinova) StderrLine: {'line': b'\x1b[01m\x1b[K/home/rpp/Desktop/pico_kinova/pico_kinova/matplotlib/matplotlibcpp.h:2880:13:\x1b[m\x1b[K \x1b[01;36m\x1b[Knote: \x1b[m\x1b[K  candidate expects 3 arguments, 4 provided\n'}
[5.192725] (pico_kinova) StderrLine: {'line': b'\x1b[01m\x1b[K/home/rpp/Desktop/pico_kinova/pico_kinova/src/pico_kinova.cpp:314:22:\x1b[m\x1b[K \x1b[01;31m\x1b[Kerror: \x1b[m\x1b[Kno matching function for call to \xe2\x80\x98\x1b[01m\x1b[Kplot(std::vector<double>&, std::vector<double>&, const char [3], <brace-enclosed initializer list>)\x1b[m\x1b[K\xe2\x80\x99\n'}
[5.192763] (pico_kinova) StderrLine: {'line': b'  314 |             \x1b[01;31m\x1b[Kplt::plot(left_data, left_data_z, "b-", {{"label", "left_z"}})\x1b[m\x1b[K;\n'}
[5.192800] (pico_kinova) StderrLine: {'line': b'      |             \x1b[01;31m\x1b[K~~~~~~~~~^~~~~~~~~~~~~~~~~~~~~~~~~~~~~~~~~~~~~~~~~~~~~~~~~~~~~\x1b[m\x1b[K\n'}
[5.192838] (pico_kinova) StderrLine: {'line': b'In file included from \x1b[01m\x1b[K/home/rpp/Desktop/pico_kinova/pico_kinova/src/pico_kinova.cpp:42\x1b[m\x1b[K:\n'}
[5.192874] (pico_kinova) StderrLine: {'line': b'\x1b[01m\x1b[K/home/rpp/Desktop/pico_kinova/pico_kinova/matplotlib/matplotlibcpp.h:442:6:\x1b[m\x1b[K \x1b[01;36m\x1b[Knote: \x1b[m\x1b[Kcandidate: \xe2\x80\x98\x1b[01m\x1b[Ktemplate<class Numeric> bool matplotlibcpp::plot(const std::vector<BufferT>&, const std::vector<BufferT>&, const std::map<std::__cxx11::basic_string<char>, std::__cxx11::basic_string<char> >&)\x1b[m\x1b[K\xe2\x80\x99\n'}
[5.192913] (pico_kinova) StderrLine: {'line': b'  442 | bool \x1b[01;36m\x1b[Kplot\x1b[m\x1b[K(const std::vector<Numeric> &x, const std::vector<Numeric> &y, const std::map<std::string, std::string>& keywords)\n'}
[5.192952] (pico_kinova) StderrLine: {'line': b'      |      \x1b[01;36m\x1b[K^~~~\x1b[m\x1b[K\n'}
[5.192989] (pico_kinova) StderrLine: {'line': b'\x1b[01m\x1b[K/home/rpp/Desktop/pico_kinova/pico_kinova/matplotlib/matplotlibcpp.h:442:6:\x1b[m\x1b[K \x1b[01;36m\x1b[Knote: \x1b[m\x1b[K  template argument deduction/substitution failed:\n'}
[5.193026] (pico_kinova) StderrLine: {'line': b'\x1b[01m\x1b[K/home/rpp/Desktop/pico_kinova/pico_kinova/src/pico_kinova.cpp:314:22:\x1b[m\x1b[K \x1b[01;36m\x1b[Knote: \x1b[m\x1b[K  candidate expects 3 arguments, 4 provided\n'}
[5.193064] (pico_kinova) StderrLine: {'line': b'  314 |             \x1b[01;36m\x1b[Kplt::plot(left_data, left_data_z, "b-", {{"label", "left_z"}})\x1b[m\x1b[K;\n'}
[5.193101] (pico_kinova) StderrLine: {'line': b'      |             \x1b[01;36m\x1b[K~~~~~~~~~^~~~~~~~~~~~~~~~~~~~~~~~~~~~~~~~~~~~~~~~~~~~~~~~~~~~~\x1b[m\x1b[K\n'}
[5.193139] (pico_kinova) StderrLine: {'line': b'In file included from \x1b[01m\x1b[K/home/rpp/Desktop/pico_kinova/pico_kinova/src/pico_kinova.cpp:42\x1b[m\x1b[K:\n'}
[5.193177] (pico_kinova) StderrLine: {'line': b'\x1b[01m\x1b[K/home/rpp/Desktop/pico_kinova/pico_kinova/matplotlib/matplotlibcpp.h:1358:6:\x1b[m\x1b[K \x1b[01;36m\x1b[Knote: \x1b[m\x1b[Kcandidate: \xe2\x80\x98\x1b[01m\x1b[Ktemplate<class NumericX, class NumericY> bool matplotlibcpp::plot(const std::vector<BufferT>&, const std::vector<_ValT>&, const string&)\x1b[m\x1b[K\xe2\x80\x99\n'}
[5.193216] (pico_kinova) StderrLine: {'line': b' 1358 | bool \x1b[01;36m\x1b[Kplot\x1b[m\x1b[K(const std::vector<NumericX>& x, const std::vector<NumericY>& y, const std::string& s = "")\n'}
[5.193254] (pico_kinova) StderrLine: {'line': b'      |      \x1b[01;36m\x1b[K^~~~\x1b[m\x1b[K\n'}
[5.193296] (pico_kinova) StderrLine: {'line': b'\x1b[01m\x1b[K/home/rpp/Desktop/pico_kinova/pico_kinova/matplotlib/matplotlibcpp.h:1358:6:\x1b[m\x1b[K \x1b[01;36m\x1b[Knote: \x1b[m\x1b[K  template argument deduction/substitution failed:\n'}
[5.193336] (pico_kinova) StderrLine: {'line': b'\x1b[01m\x1b[K/home/rpp/Desktop/pico_kinova/pico_kinova/src/pico_kinova.cpp:314:22:\x1b[m\x1b[K \x1b[01;36m\x1b[Knote: \x1b[m\x1b[K  candidate expects 3 arguments, 4 provided\n'}
[5.193377] (pico_kinova) StderrLine: {'line': b'  314 |             \x1b[01;36m\x1b[Kplt::plot(left_data, left_data_z, "b-", {{"label", "left_z"}})\x1b[m\x1b[K;\n'}
[5.193417] (pico_kinova) StderrLine: {'line': b'      |             \x1b[01;36m\x1b[K~~~~~~~~~^~~~~~~~~~~~~~~~~~~~~~~~~~~~~~~~~~~~~~~~~~~~~~~~~~~~~\x1b[m\x1b[K\n'}
[5.193457] (pico_kinova) StderrLine: {'line': b'In file included from \x1b[01m\x1b[K/home/rpp/Desktop/pico_kinova/pico_kinova/src/pico_kinova.cpp:42\x1b[m\x1b[K:\n'}
[5.193495] (pico_kinova) StderrLine: {'line': b'\x1b[01m\x1b[K/home/rpp/Desktop/pico_kinova/pico_kinova/matplotlib/matplotlibcpp.h:1810:6:\x1b[m\x1b[K \x1b[01;36m\x1b[Knote: \x1b[m\x1b[Kcandidate: \xe2\x80\x98\x1b[01m\x1b[Ktemplate<class Numeric> bool matplotlibcpp::plot(const std::vector<BufferT>&, const string&)\x1b[m\x1b[K\xe2\x80\x99\n'}
[5.193534] (pico_kinova) StderrLine: {'line': b' 1810 | bool \x1b[01;36m\x1b[Kplot\x1b[m\x1b[K(const std::vector<Numeric>& y, const std::string& format = "")\n'}
[5.193572] (pico_kinova) StderrLine: {'line': b'      |      \x1b[01;36m\x1b[K^~~~\x1b[m\x1b[K\n'}
[5.193611] (pico_kinova) StderrLine: {'line': b'\x1b[01m\x1b[K/home/rpp/Desktop/pico_kinova/pico_kinova/matplotlib/matplotlibcpp.h:1810:6:\x1b[m\x1b[K \x1b[01;36m\x1b[Knote: \x1b[m\x1b[K  template argument deduction/substitution failed:\n'}
[5.193653] (pico_kinova) StderrLine: {'line': b'\x1b[01m\x1b[K/home/rpp/Desktop/pico_kinova/pico_kinova/src/pico_kinova.cpp:314:22:\x1b[m\x1b[K \x1b[01;36m\x1b[Knote: \x1b[m\x1b[K  candidate expects 2 arguments, 4 provided\n'}
[5.193691] (pico_kinova) StderrLine: {'line': b'  314 |             \x1b[01;36m\x1b[Kplt::plot(left_data, left_data_z, "b-", {{"label", "left_z"}})\x1b[m\x1b[K;\n'}
[5.193728] (pico_kinova) StderrLine: {'line': b'      |             \x1b[01;36m\x1b[K~~~~~~~~~^~~~~~~~~~~~~~~~~~~~~~~~~~~~~~~~~~~~~~~~~~~~~~~~~~~~~\x1b[m\x1b[K\n'}
[5.193768] (pico_kinova) StderrLine: {'line': b'In file included from \x1b[01m\x1b[K/home/rpp/Desktop/pico_kinova/pico_kinova/src/pico_kinova.cpp:42\x1b[m\x1b[K:\n'}
[5.193804] (pico_kinova) StderrLine: {'line': b'\x1b[01m\x1b[K/home/rpp/Desktop/pico_kinova/pico_kinova/matplotlib/matplotlibcpp.h:1818:6:\x1b[m\x1b[K \x1b[01;36m\x1b[Knote: \x1b[m\x1b[Kcandidate: \xe2\x80\x98\x1b[01m\x1b[Ktemplate<class Numeric> bool matplotlibcpp::plot(const std::vector<BufferT>&, const std::map<std::__cxx11::basic_string<char>, std::__cxx11::basic_string<char> >&)\x1b[m\x1b[K\xe2\x80\x99\n'}
[5.193844] (pico_kinova) StderrLine: {'line': b' 1818 | bool \x1b[01;36m\x1b[Kplot\x1b[m\x1b[K(const std::vector<Numeric>& y, const std::map<std::string, std::string>& keywords)\n'}
[5.193882] (pico_kinova) StderrLine: {'line': b'      |      \x1b[01;36m\x1b[K^~~~\x1b[m\x1b[K\n'}
[5.193920] (pico_kinova) StderrLine: {'line': b'\x1b[01m\x1b[K/home/rpp/Desktop/pico_kinova/pico_kinova/matplotlib/matplotlibcpp.h:1818:6:\x1b[m\x1b[K \x1b[01;36m\x1b[Knote: \x1b[m\x1b[K  template argument deduction/substitution failed:\n'}
[5.193956] (pico_kinova) StderrLine: {'line': b'\x1b[01m\x1b[K/home/rpp/Desktop/pico_kinova/pico_kinova/src/pico_kinova.cpp:314:22:\x1b[m\x1b[K \x1b[01;36m\x1b[Knote: \x1b[m\x1b[K  candidate expects 2 arguments, 4 provided\n'}
[5.193994] (pico_kinova) StderrLine: {'line': b'  314 |             \x1b[01;36m\x1b[Kplt::plot(left_data, left_data_z, "b-", {{"label", "left_z"}})\x1b[m\x1b[K;\n'}
[5.194030] (pico_kinova) StderrLine: {'line': b'      |             \x1b[01;36m\x1b[K~~~~~~~~~^~~~~~~~~~~~~~~~~~~~~~~~~~~~~~~~~~~~~~~~~~~~~~~~~~~~~\x1b[m\x1b[K\n'}
[5.194067] (pico_kinova) StderrLine: {'line': b'In file included from \x1b[01m\x1b[K/home/rpp/Desktop/pico_kinova/pico_kinova/src/pico_kinova.cpp:42\x1b[m\x1b[K:\n'}
[5.194106] (pico_kinova) StderrLine: {'line': b'\x1b[01m\x1b[K/home/rpp/Desktop/pico_kinova/pico_kinova/matplotlib/matplotlibcpp.h:2860:6:\x1b[m\x1b[K \x1b[01;36m\x1b[Knote: \x1b[m\x1b[Kcandidate: \xe2\x80\x98\x1b[01m\x1b[Ktemplate<class ... Args> bool matplotlibcpp::plot()\x1b[m\x1b[K\xe2\x80\x99\n'}
[5.194144] (pico_kinova) StderrLine: {'line': b' 2860 | bool \x1b[01;36m\x1b[Kplot\x1b[m\x1b[K() { return true; }\n'}
[5.194184] (pico_kinova) StderrLine: {'line': b'      |      \x1b[01;36m\x1b[K^~~~\x1b[m\x1b[K\n'}
[5.194222] (pico_kinova) StderrLine: {'line': b'\x1b[01m\x1b[K/home/rpp/Desktop/pico_kinova/pico_kinova/matplotlib/matplotlibcpp.h:2860:6:\x1b[m\x1b[K \x1b[01;36m\x1b[Knote: \x1b[m\x1b[K  template argument deduction/substitution failed:\n'}
[5.194260] (pico_kinova) StderrLine: {'line': b'\x1b[01m\x1b[K/home/rpp/Desktop/pico_kinova/pico_kinova/src/pico_kinova.cpp:314:22:\x1b[m\x1b[K \x1b[01;36m\x1b[Knote: \x1b[m\x1b[K  candidate expects 0 arguments, 4 provided\n'}
[5.194300] (pico_kinova) StderrLine: {'line': b'  314 |             \x1b[01;36m\x1b[Kplt::plot(left_data, left_data_z, "b-", {{"label", "left_z"}})\x1b[m\x1b[K;\n'}
[5.194338] (pico_kinova) StderrLine: {'line': b'      |             \x1b[01;36m\x1b[K~~~~~~~~~^~~~~~~~~~~~~~~~~~~~~~~~~~~~~~~~~~~~~~~~~~~~~~~~~~~~~\x1b[m\x1b[K\n'}
[5.194376] (pico_kinova) StderrLine: {'line': b'In file included from \x1b[01m\x1b[K/home/rpp/Desktop/pico_kinova/pico_kinova/src/pico_kinova.cpp:42\x1b[m\x1b[K:\n'}
[5.194414] (pico_kinova) StderrLine: {'line': b'\x1b[01m\x1b[K/home/rpp/Desktop/pico_kinova/pico_kinova/matplotlib/matplotlibcpp.h:2863:6:\x1b[m\x1b[K \x1b[01;36m\x1b[Knote: \x1b[m\x1b[Kcandidate: \xe2\x80\x98\x1b[01m\x1b[Kbool matplotlibcpp::plot(const A&, const B&, const string&, Args ...) [with A = std::vector<double>; B = std::vector<double>; Args = {}; std::string = std::__cxx11::basic_string<char>]\x1b[m\x1b[K\xe2\x80\x99\n'}
[5.194454] (pico_kinova) StderrLine: {'line': b' 2863 | bool \x1b[01;36m\x1b[Kplot\x1b[m\x1b[K(const A& a, const B& b, const std::string& format, Args... args)\n'}
[5.194492] (pico_kinova) StderrLine: {'line': b'      |      \x1b[01;36m\x1b[K^~~~\x1b[m\x1b[K\n'}
[5.194530] (pico_kinova) StderrLine: {'line': b'\x1b[01m\x1b[K/home/rpp/Desktop/pico_kinova/pico_kinova/matplotlib/matplotlibcpp.h:2863:6:\x1b[m\x1b[K \x1b[01;36m\x1b[Knote: \x1b[m\x1b[K  candidate expects 3 arguments, 4 provided\n'}
[5.194567] (pico_kinova) StderrLine: {'line': b'\x1b[01m\x1b[K/home/rpp/Desktop/pico_kinova/pico_kinova/matplotlib/matplotlibcpp.h:2872:13:\x1b[m\x1b[K \x1b[01;36m\x1b[Knote: \x1b[m\x1b[Kcandidate: \xe2\x80\x98\x1b[01m\x1b[Kbool matplotlibcpp::plot(const std::vector<double>&, const std::vector<double>&, const string&)\x1b[m\x1b[K\xe2\x80\x99\n'}
[5.194607] (pico_kinova) StderrLine: {'line': b' 2872 | inline bool \x1b[01;36m\x1b[Kplot\x1b[m\x1b[K(const std::vector<double>& x, const std::vector<double>& y, const std::string& format = "") {\n'}
[5.194645] (pico_kinova) StderrLine: {'line': b'      |             \x1b[01;36m\x1b[K^~~~\x1b[m\x1b[K\n'}
[5.194687] (pico_kinova) StderrLine: {'line': b'\x1b[01m\x1b[K/home/rpp/Desktop/pico_kinova/pico_kinova/matplotlib/matplotlibcpp.h:2872:13:\x1b[m\x1b[K \x1b[01;36m\x1b[Knote: \x1b[m\x1b[K  candidate expects 3 arguments, 4 provided\n'}
[5.194726] (pico_kinova) StderrLine: {'line': b'\x1b[01m\x1b[K/home/rpp/Desktop/pico_kinova/pico_kinova/matplotlib/matplotlibcpp.h:2876:13:\x1b[m\x1b[K \x1b[01;36m\x1b[Knote: \x1b[m\x1b[Kcandidate: \xe2\x80\x98\x1b[01m\x1b[Kbool matplotlibcpp::plot(const std::vector<double>&, const string&)\x1b[m\x1b[K\xe2\x80\x99\n'}
[5.194766] (pico_kinova) StderrLine: {'line': b' 2876 | inline bool \x1b[01;36m\x1b[Kplot\x1b[m\x1b[K(const std::vector<double>& y, const std::string& format = "") {\n'}
[5.194806] (pico_kinova) StderrLine: {'line': b'      |             \x1b[01;36m\x1b[K^~~~\x1b[m\x1b[K\n'}
[5.194861] (pico_kinova) StderrLine: {'line': b'\x1b[01m\x1b[K/home/rpp/Desktop/pico_kinova/pico_kinova/matplotlib/matplotlibcpp.h:2876:13:\x1b[m\x1b[K \x1b[01;36m\x1b[Knote: \x1b[m\x1b[K  candidate expects 2 arguments, 4 provided\n'}
[5.194901] (pico_kinova) StderrLine: {'line': b'\x1b[01m\x1b[K/home/rpp/Desktop/pico_kinova/pico_kinova/matplotlib/matplotlibcpp.h:2880:13:\x1b[m\x1b[K \x1b[01;36m\x1b[Knote: \x1b[m\x1b[Kcandidate: \xe2\x80\x98\x1b[01m\x1b[Kbool matplotlibcpp::plot(const std::vector<double>&, const std::vector<double>&, const std::map<std::__cxx11::basic_string<char>, std::__cxx11::basic_string<char> >&)\x1b[m\x1b[K\xe2\x80\x99\n'}
[5.194942] (pico_kinova) StderrLine: {'line': b' 2880 | inline bool \x1b[01;36m\x1b[Kplot\x1b[m\x1b[K(const std::vector<double>& x, const std::vector<double>& y, const std::map<std::string, std::string>& keywords) {\n'}
[5.194982] (pico_kinova) StderrLine: {'line': b'      |             \x1b[01;36m\x1b[K^~~~\x1b[m\x1b[K\n'}
[5.195019] (pico_kinova) StderrLine: {'line': b'\x1b[01m\x1b[K/home/rpp/Desktop/pico_kinova/pico_kinova/matplotlib/matplotlibcpp.h:2880:13:\x1b[m\x1b[K \x1b[01;36m\x1b[Knote: \x1b[m\x1b[K  candidate expects 3 arguments, 4 provided\n'}
[5.195056] (pico_kinova) StderrLine: {'line': b'\x1b[01m\x1b[K/home/rpp/Desktop/pico_kinova/pico_kinova/src/pico_kinova.cpp:318:22:\x1b[m\x1b[K \x1b[01;31m\x1b[Kerror: \x1b[m\x1b[Kno matching function for call to \xe2\x80\x98\x1b[01m\x1b[Kplot(std::vector<double>&, std::vector<double>&, const char [4], <brace-enclosed initializer list>)\x1b[m\x1b[K\xe2\x80\x99\n'}
[5.195093] (pico_kinova) StderrLine: {'line': b'  318 |             \x1b[01;31m\x1b[Kplt::plot(right_data, right_data_x, "r--", {{"label", "right_x"}})\x1b[m\x1b[K;\n'}
[5.195131] (pico_kinova) StderrLine: {'line': b'      |             \x1b[01;31m\x1b[K~~~~~~~~~^~~~~~~~~~~~~~~~~~~~~~~~~~~~~~~~~~~~~~~~~~~~~~~~~~~~~~~~~\x1b[m\x1b[K\n'}
[5.195167] (pico_kinova) StderrLine: {'line': b'In file included from \x1b[01m\x1b[K/home/rpp/Desktop/pico_kinova/pico_kinova/src/pico_kinova.cpp:42\x1b[m\x1b[K:\n'}
[5.195205] (pico_kinova) StderrLine: {'line': b'\x1b[01m\x1b[K/home/rpp/Desktop/pico_kinova/pico_kinova/matplotlib/matplotlibcpp.h:442:6:\x1b[m\x1b[K \x1b[01;36m\x1b[Knote: \x1b[m\x1b[Kcandidate: \xe2\x80\x98\x1b[01m\x1b[Ktemplate<class Numeric> bool matplotlibcpp::plot(const std::vector<BufferT>&, const std::vector<BufferT>&, const std::map<std::__cxx11::basic_string<char>, std::__cxx11::basic_string<char> >&)\x1b[m\x1b[K\xe2\x80\x99\n'}
[5.195245] (pico_kinova) StderrLine: {'line': b'  442 | bool \x1b[01;36m\x1b[Kplot\x1b[m\x1b[K(const std::vector<Numeric> &x, const std::vector<Numeric> &y, const std::map<std::string, std::string>& keywords)\n'}
[5.195283] (pico_kinova) StderrLine: {'line': b'      |      \x1b[01;36m\x1b[K^~~~\x1b[m\x1b[K\n'}
[5.195321] (pico_kinova) StderrLine: {'line': b'\x1b[01m\x1b[K/home/rpp/Desktop/pico_kinova/pico_kinova/matplotlib/matplotlibcpp.h:442:6:\x1b[m\x1b[K \x1b[01;36m\x1b[Knote: \x1b[m\x1b[K  template argument deduction/substitution failed:\n'}
[5.195357] (pico_kinova) StderrLine: {'line': b'\x1b[01m\x1b[K/home/rpp/Desktop/pico_kinova/pico_kinova/src/pico_kinova.cpp:318:22:\x1b[m\x1b[K \x1b[01;36m\x1b[Knote: \x1b[m\x1b[K  candidate expects 3 arguments, 4 provided\n'}
[5.195393] (pico_kinova) StderrLine: {'line': b'  318 |             \x1b[01;36m\x1b[Kplt::plot(right_data, right_data_x, "r--", {{"label", "right_x"}})\x1b[m\x1b[K;\n'}
[5.195430] (pico_kinova) StderrLine: {'line': b'      |             \x1b[01;36m\x1b[K~~~~~~~~~^~~~~~~~~~~~~~~~~~~~~~~~~~~~~~~~~~~~~~~~~~~~~~~~~~~~~~~~~\x1b[m\x1b[K\n'}
[5.195466] (pico_kinova) StderrLine: {'line': b'In file included from \x1b[01m\x1b[K/home/rpp/Desktop/pico_kinova/pico_kinova/src/pico_kinova.cpp:42\x1b[m\x1b[K:\n'}
[5.195503] (pico_kinova) StderrLine: {'line': b'\x1b[01m\x1b[K/home/rpp/Desktop/pico_kinova/pico_kinova/matplotlib/matplotlibcpp.h:1358:6:\x1b[m\x1b[K \x1b[01;36m\x1b[Knote: \x1b[m\x1b[Kcandidate: \xe2\x80\x98\x1b[01m\x1b[Ktemplate<class NumericX, class NumericY> bool matplotlibcpp::plot(const std::vector<BufferT>&, const std::vector<_ValT>&, const string&)\x1b[m\x1b[K\xe2\x80\x99\n'}
[5.195546] (pico_kinova) StderrLine: {'line': b' 1358 | bool \x1b[01;36m\x1b[Kplot\x1b[m\x1b[K(const std::vector<NumericX>& x, const std::vector<NumericY>& y, const std::string& s = "")\n'}
[5.195582] (pico_kinova) StderrLine: {'line': b'      |      \x1b[01;36m\x1b[K^~~~\x1b[m\x1b[K\n'}
[5.195621] (pico_kinova) StderrLine: {'line': b'\x1b[01m\x1b[K/home/rpp/Desktop/pico_kinova/pico_kinova/matplotlib/matplotlibcpp.h:1358:6:\x1b[m\x1b[K \x1b[01;36m\x1b[Knote: \x1b[m\x1b[K  template argument deduction/substitution failed:\n'}
[5.195663] (pico_kinova) StderrLine: {'line': b'\x1b[01m\x1b[K/home/rpp/Desktop/pico_kinova/pico_kinova/src/pico_kinova.cpp:318:22:\x1b[m\x1b[K \x1b[01;36m\x1b[Knote: \x1b[m\x1b[K  candidate expects 3 arguments, 4 provided\n'}
[5.195704] (pico_kinova) StderrLine: {'line': b'  318 |             \x1b[01;36m\x1b[Kplt::plot(right_data, right_data_x, "r--", {{"label", "right_x"}})\x1b[m\x1b[K;\n'}
[5.195742] (pico_kinova) StderrLine: {'line': b'      |             \x1b[01;36m\x1b[K~~~~~~~~~^~~~~~~~~~~~~~~~~~~~~~~~~~~~~~~~~~~~~~~~~~~~~~~~~~~~~~~~~\x1b[m\x1b[K\n'}
[5.195781] (pico_kinova) StderrLine: {'line': b'In file included from \x1b[01m\x1b[K/home/rpp/Desktop/pico_kinova/pico_kinova/src/pico_kinova.cpp:42\x1b[m\x1b[K:\n'}
[5.195818] (pico_kinova) StderrLine: {'line': b'\x1b[01m\x1b[K/home/rpp/Desktop/pico_kinova/pico_kinova/matplotlib/matplotlibcpp.h:1810:6:\x1b[m\x1b[K \x1b[01;36m\x1b[Knote: \x1b[m\x1b[Kcandidate: \xe2\x80\x98\x1b[01m\x1b[Ktemplate<class Numeric> bool matplotlibcpp::plot(const std::vector<BufferT>&, const string&)\x1b[m\x1b[K\xe2\x80\x99\n'}
[5.195857] (pico_kinova) StderrLine: {'line': b' 1810 | bool \x1b[01;36m\x1b[Kplot\x1b[m\x1b[K(const std::vector<Numeric>& y, const std::string& format = "")\n'}
[5.195896] (pico_kinova) StderrLine: {'line': b'      |      \x1b[01;36m\x1b[K^~~~\x1b[m\x1b[K\n'}
[5.195936] (pico_kinova) StderrLine: {'line': b'\x1b[01m\x1b[K/home/rpp/Desktop/pico_kinova/pico_kinova/matplotlib/matplotlibcpp.h:1810:6:\x1b[m\x1b[K \x1b[01;36m\x1b[Knote: \x1b[m\x1b[K  template argument deduction/substitution failed:\n'}
[5.195978] (pico_kinova) StderrLine: {'line': b'\x1b[01m\x1b[K/home/rpp/Desktop/pico_kinova/pico_kinova/src/pico_kinova.cpp:318:22:\x1b[m\x1b[K \x1b[01;36m\x1b[Knote: \x1b[m\x1b[K  candidate expects 2 arguments, 4 provided\n'}
[5.196016] (pico_kinova) StderrLine: {'line': b'  318 |             \x1b[01;36m\x1b[Kplt::plot(right_data, right_data_x, "r--", {{"label", "right_x"}})\x1b[m\x1b[K;\n'}
[5.196055] (pico_kinova) StderrLine: {'line': b'      |             \x1b[01;36m\x1b[K~~~~~~~~~^~~~~~~~~~~~~~~~~~~~~~~~~~~~~~~~~~~~~~~~~~~~~~~~~~~~~~~~~\x1b[m\x1b[K\n'}
[5.196094] (pico_kinova) StderrLine: {'line': b'In file included from \x1b[01m\x1b[K/home/rpp/Desktop/pico_kinova/pico_kinova/src/pico_kinova.cpp:42\x1b[m\x1b[K:\n'}
[5.196134] (pico_kinova) StderrLine: {'line': b'\x1b[01m\x1b[K/home/rpp/Desktop/pico_kinova/pico_kinova/matplotlib/matplotlibcpp.h:1818:6:\x1b[m\x1b[K \x1b[01;36m\x1b[Knote: \x1b[m\x1b[Kcandidate: \xe2\x80\x98\x1b[01m\x1b[Ktemplate<class Numeric> bool matplotlibcpp::plot(const std::vector<BufferT>&, const std::map<std::__cxx11::basic_string<char>, std::__cxx11::basic_string<char> >&)\x1b[m\x1b[K\xe2\x80\x99\n'}
[5.196176] (pico_kinova) StderrLine: {'line': b' 1818 | bool \x1b[01;36m\x1b[Kplot\x1b[m\x1b[K(const std::vector<Numeric>& y, const std::map<std::string, std::string>& keywords)\n'}
[5.196216] (pico_kinova) StderrLine: {'line': b'      |      \x1b[01;36m\x1b[K^~~~\x1b[m\x1b[K\n'}
[5.196255] (pico_kinova) StderrLine: {'line': b'\x1b[01m\x1b[K/home/rpp/Desktop/pico_kinova/pico_kinova/matplotlib/matplotlibcpp.h:1818:6:\x1b[m\x1b[K \x1b[01;36m\x1b[Knote: \x1b[m\x1b[K  template argument deduction/substitution failed:\n'}
[5.196297] (pico_kinova) StderrLine: {'line': b'\x1b[01m\x1b[K/home/rpp/Desktop/pico_kinova/pico_kinova/src/pico_kinova.cpp:318:22:\x1b[m\x1b[K \x1b[01;36m\x1b[Knote: \x1b[m\x1b[K  candidate expects 2 arguments, 4 provided\n'}
[5.196339] (pico_kinova) StderrLine: {'line': b'  318 |             \x1b[01;36m\x1b[Kplt::plot(right_data, right_data_x, "r--", {{"label", "right_x"}})\x1b[m\x1b[K;\n'}
[5.196381] (pico_kinova) StderrLine: {'line': b'      |             \x1b[01;36m\x1b[K~~~~~~~~~^~~~~~~~~~~~~~~~~~~~~~~~~~~~~~~~~~~~~~~~~~~~~~~~~~~~~~~~~\x1b[m\x1b[K\n'}
[5.196419] (pico_kinova) StderrLine: {'line': b'In file included from \x1b[01m\x1b[K/home/rpp/Desktop/pico_kinova/pico_kinova/src/pico_kinova.cpp:42\x1b[m\x1b[K:\n'}
[5.196456] (pico_kinova) StderrLine: {'line': b'\x1b[01m\x1b[K/home/rpp/Desktop/pico_kinova/pico_kinova/matplotlib/matplotlibcpp.h:2860:6:\x1b[m\x1b[K \x1b[01;36m\x1b[Knote: \x1b[m\x1b[Kcandidate: \xe2\x80\x98\x1b[01m\x1b[Ktemplate<class ... Args> bool matplotlibcpp::plot()\x1b[m\x1b[K\xe2\x80\x99\n'}
[5.196495] (pico_kinova) StderrLine: {'line': b' 2860 | bool \x1b[01;36m\x1b[Kplot\x1b[m\x1b[K() { return true; }\n'}
[5.196536] (pico_kinova) StderrLine: {'line': b'      |      \x1b[01;36m\x1b[K^~~~\x1b[m\x1b[K\n'}
[5.196575] (pico_kinova) StderrLine: {'line': b'\x1b[01m\x1b[K/home/rpp/Desktop/pico_kinova/pico_kinova/matplotlib/matplotlibcpp.h:2860:6:\x1b[m\x1b[K \x1b[01;36m\x1b[Knote: \x1b[m\x1b[K  template argument deduction/substitution failed:\n'}
[5.196614] (pico_kinova) StderrLine: {'line': b'\x1b[01m\x1b[K/home/rpp/Desktop/pico_kinova/pico_kinova/src/pico_kinova.cpp:318:22:\x1b[m\x1b[K \x1b[01;36m\x1b[Knote: \x1b[m\x1b[K  candidate expects 0 arguments, 4 provided\n'}
[5.196655] (pico_kinova) StderrLine: {'line': b'  318 |             \x1b[01;36m\x1b[Kplt::plot(right_data, right_data_x, "r--", {{"label", "right_x"}})\x1b[m\x1b[K;\n'}
[5.196693] (pico_kinova) StderrLine: {'line': b'      |             \x1b[01;36m\x1b[K~~~~~~~~~^~~~~~~~~~~~~~~~~~~~~~~~~~~~~~~~~~~~~~~~~~~~~~~~~~~~~~~~~\x1b[m\x1b[K\n'}
[5.196729] (pico_kinova) StderrLine: {'line': b'In file included from \x1b[01m\x1b[K/home/rpp/Desktop/pico_kinova/pico_kinova/src/pico_kinova.cpp:42\x1b[m\x1b[K:\n'}
[5.196765] (pico_kinova) StderrLine: {'line': b'\x1b[01m\x1b[K/home/rpp/Desktop/pico_kinova/pico_kinova/matplotlib/matplotlibcpp.h:2863:6:\x1b[m\x1b[K \x1b[01;36m\x1b[Knote: \x1b[m\x1b[Kcandidate: \xe2\x80\x98\x1b[01m\x1b[Kbool matplotlibcpp::plot(const A&, const B&, const string&, Args ...) [with A = std::vector<double>; B = std::vector<double>; Args = {}; std::string = std::__cxx11::basic_string<char>]\x1b[m\x1b[K\xe2\x80\x99\n'}
[5.196803] (pico_kinova) StderrLine: {'line': b' 2863 | bool \x1b[01;36m\x1b[Kplot\x1b[m\x1b[K(const A& a, const B& b, const std::string& format, Args... args)\n'}
[5.196843] (pico_kinova) StderrLine: {'line': b'      |      \x1b[01;36m\x1b[K^~~~\x1b[m\x1b[K\n'}
[5.196882] (pico_kinova) StderrLine: {'line': b'\x1b[01m\x1b[K/home/rpp/Desktop/pico_kinova/pico_kinova/matplotlib/matplotlibcpp.h:2863:6:\x1b[m\x1b[K \x1b[01;36m\x1b[Knote: \x1b[m\x1b[K  candidate expects 3 arguments, 4 provided\n'}
[5.196932] (pico_kinova) StderrLine: {'line': b'\x1b[01m\x1b[K/home/rpp/Desktop/pico_kinova/pico_kinova/matplotlib/matplotlibcpp.h:2872:13:\x1b[m\x1b[K \x1b[01;36m\x1b[Knote: \x1b[m\x1b[Kcandidate: \xe2\x80\x98\x1b[01m\x1b[Kbool matplotlibcpp::plot(const std::vector<double>&, const std::vector<double>&, const string&)\x1b[m\x1b[K\xe2\x80\x99\n'}
[5.196975] (pico_kinova) StderrLine: {'line': b' 2872 | inline bool \x1b[01;36m\x1b[Kplot\x1b[m\x1b[K(const std::vector<double>& x, const std::vector<double>& y, const std::string& format = "") {\n'}
[5.197012] (pico_kinova) StderrLine: {'line': b'      |             \x1b[01;36m\x1b[K^~~~\x1b[m\x1b[K\n'}
[5.197050] (pico_kinova) StderrLine: {'line': b'\x1b[01m\x1b[K/home/rpp/Desktop/pico_kinova/pico_kinova/matplotlib/matplotlibcpp.h:2872:13:\x1b[m\x1b[K \x1b[01;36m\x1b[Knote: \x1b[m\x1b[K  candidate expects 3 arguments, 4 provided\n'}
[5.197086] (pico_kinova) StderrLine: {'line': b'\x1b[01m\x1b[K/home/rpp/Desktop/pico_kinova/pico_kinova/matplotlib/matplotlibcpp.h:2876:13:\x1b[m\x1b[K \x1b[01;36m\x1b[Knote: \x1b[m\x1b[Kcandidate: \xe2\x80\x98\x1b[01m\x1b[Kbool matplotlibcpp::plot(const std::vector<double>&, const string&)\x1b[m\x1b[K\xe2\x80\x99\n'}
[5.197126] (pico_kinova) StderrLine: {'line': b' 2876 | inline bool \x1b[01;36m\x1b[Kplot\x1b[m\x1b[K(const std::vector<double>& y, const std::string& format = "") {\n'}
[5.197167] (pico_kinova) StderrLine: {'line': b'      |             \x1b[01;36m\x1b[K^~~~\x1b[m\x1b[K\n'}
[5.197204] (pico_kinova) StderrLine: {'line': b'\x1b[01m\x1b[K/home/rpp/Desktop/pico_kinova/pico_kinova/matplotlib/matplotlibcpp.h:2876:13:\x1b[m\x1b[K \x1b[01;36m\x1b[Knote: \x1b[m\x1b[K  candidate expects 2 arguments, 4 provided\n'}
[5.197241] (pico_kinova) StderrLine: {'line': b'\x1b[01m\x1b[K/home/rpp/Desktop/pico_kinova/pico_kinova/matplotlib/matplotlibcpp.h:2880:13:\x1b[m\x1b[K \x1b[01;36m\x1b[Knote: \x1b[m\x1b[Kcandidate: \xe2\x80\x98\x1b[01m\x1b[Kbool matplotlibcpp::plot(const std::vector<double>&, const std::vector<double>&, const std::map<std::__cxx11::basic_string<char>, std::__cxx11::basic_string<char> >&)\x1b[m\x1b[K\xe2\x80\x99\n'}
[5.197279] (pico_kinova) StderrLine: {'line': b' 2880 | inline bool \x1b[01;36m\x1b[Kplot\x1b[m\x1b[K(const std::vector<double>& x, const std::vector<double>& y, const std::map<std::string, std::string>& keywords) {\n'}
[5.197317] (pico_kinova) StderrLine: {'line': b'      |             \x1b[01;36m\x1b[K^~~~\x1b[m\x1b[K\n'}
[5.197353] (pico_kinova) StderrLine: {'line': b'\x1b[01m\x1b[K/home/rpp/Desktop/pico_kinova/pico_kinova/matplotlib/matplotlibcpp.h:2880:13:\x1b[m\x1b[K \x1b[01;36m\x1b[Knote: \x1b[m\x1b[K  candidate expects 3 arguments, 4 provided\n'}
[5.197390] (pico_kinova) StderrLine: {'line': b'\x1b[01m\x1b[K/home/rpp/Desktop/pico_kinova/pico_kinova/src/pico_kinova.cpp:319:22:\x1b[m\x1b[K \x1b[01;31m\x1b[Kerror: \x1b[m\x1b[Kno matching function for call to \xe2\x80\x98\x1b[01m\x1b[Kplot(std::vector<double>&, std::vector<double>&, const char [4], <brace-enclosed initializer list>)\x1b[m\x1b[K\xe2\x80\x99\n'}
[5.197427] (pico_kinova) StderrLine: {'line': b'  319 |             \x1b[01;31m\x1b[Kplt::plot(right_data, right_data_y, "g--", {{"label", "right_y"}})\x1b[m\x1b[K;\n'}
[5.197464] (pico_kinova) StderrLine: {'line': b'      |             \x1b[01;31m\x1b[K~~~~~~~~~^~~~~~~~~~~~~~~~~~~~~~~~~~~~~~~~~~~~~~~~~~~~~~~~~~~~~~~~~\x1b[m\x1b[K\n'}
[5.197501] (pico_kinova) StderrLine: {'line': b'In file included from \x1b[01m\x1b[K/home/rpp/Desktop/pico_kinova/pico_kinova/src/pico_kinova.cpp:42\x1b[m\x1b[K:\n'}
[5.197537] (pico_kinova) StderrLine: {'line': b'\x1b[01m\x1b[K/home/rpp/Desktop/pico_kinova/pico_kinova/matplotlib/matplotlibcpp.h:442:6:\x1b[m\x1b[K \x1b[01;36m\x1b[Knote: \x1b[m\x1b[Kcandidate: \xe2\x80\x98\x1b[01m\x1b[Ktemplate<class Numeric> bool matplotlibcpp::plot(const std::vector<BufferT>&, const std::vector<BufferT>&, const std::map<std::__cxx11::basic_string<char>, std::__cxx11::basic_string<char> >&)\x1b[m\x1b[K\xe2\x80\x99\n'}
[5.197575] (pico_kinova) StderrLine: {'line': b'  442 | bool \x1b[01;36m\x1b[Kplot\x1b[m\x1b[K(const std::vector<Numeric> &x, const std::vector<Numeric> &y, const std::map<std::string, std::string>& keywords)\n'}
[5.197611] (pico_kinova) StderrLine: {'line': b'      |      \x1b[01;36m\x1b[K^~~~\x1b[m\x1b[K\n'}
[5.197649] (pico_kinova) StderrLine: {'line': b'\x1b[01m\x1b[K/home/rpp/Desktop/pico_kinova/pico_kinova/matplotlib/matplotlibcpp.h:442:6:\x1b[m\x1b[K \x1b[01;36m\x1b[Knote: \x1b[m\x1b[K  template argument deduction/substitution failed:\n'}
[5.197687] (pico_kinova) StderrLine: {'line': b'\x1b[01m\x1b[K/home/rpp/Desktop/pico_kinova/pico_kinova/src/pico_kinova.cpp:319:22:\x1b[m\x1b[K \x1b[01;36m\x1b[Knote: \x1b[m\x1b[K  candidate expects 3 arguments, 4 provided\n'}
[5.197723] (pico_kinova) StderrLine: {'line': b'  319 |             \x1b[01;36m\x1b[Kplt::plot(right_data, right_data_y, "g--", {{"label", "right_y"}})\x1b[m\x1b[K;\n'}
[5.197760] (pico_kinova) StderrLine: {'line': b'      |             \x1b[01;36m\x1b[K~~~~~~~~~^~~~~~~~~~~~~~~~~~~~~~~~~~~~~~~~~~~~~~~~~~~~~~~~~~~~~~~~~\x1b[m\x1b[K\n'}
[5.197799] (pico_kinova) StderrLine: {'line': b'In file included from \x1b[01m\x1b[K/home/rpp/Desktop/pico_kinova/pico_kinova/src/pico_kinova.cpp:42\x1b[m\x1b[K:\n'}
[5.197837] (pico_kinova) StderrLine: {'line': b'\x1b[01m\x1b[K/home/rpp/Desktop/pico_kinova/pico_kinova/matplotlib/matplotlibcpp.h:1358:6:\x1b[m\x1b[K \x1b[01;36m\x1b[Knote: \x1b[m\x1b[Kcandidate: \xe2\x80\x98\x1b[01m\x1b[Ktemplate<class NumericX, class NumericY> bool matplotlibcpp::plot(const std::vector<BufferT>&, const std::vector<_ValT>&, const string&)\x1b[m\x1b[K\xe2\x80\x99\n'}
[5.197877] (pico_kinova) StderrLine: {'line': b' 1358 | bool \x1b[01;36m\x1b[Kplot\x1b[m\x1b[K(const std::vector<NumericX>& x, const std::vector<NumericY>& y, const std::string& s = "")\n'}
[5.197914] (pico_kinova) StderrLine: {'line': b'      |      \x1b[01;36m\x1b[K^~~~\x1b[m\x1b[K\n'}
[5.197951] (pico_kinova) StderrLine: {'line': b'\x1b[01m\x1b[K/home/rpp/Desktop/pico_kinova/pico_kinova/matplotlib/matplotlibcpp.h:1358:6:\x1b[m\x1b[K \x1b[01;36m\x1b[Knote: \x1b[m\x1b[K  template argument deduction/substitution failed:\n'}
[5.197987] (pico_kinova) StderrLine: {'line': b'\x1b[01m\x1b[K/home/rpp/Desktop/pico_kinova/pico_kinova/src/pico_kinova.cpp:319:22:\x1b[m\x1b[K \x1b[01;36m\x1b[Knote: \x1b[m\x1b[K  candidate expects 3 arguments, 4 provided\n'}
[5.198026] (pico_kinova) StderrLine: {'line': b'  319 |             \x1b[01;36m\x1b[Kplt::plot(right_data, right_data_y, "g--", {{"label", "right_y"}})\x1b[m\x1b[K;\n'}
[5.198062] (pico_kinova) StderrLine: {'line': b'      |             \x1b[01;36m\x1b[K~~~~~~~~~^~~~~~~~~~~~~~~~~~~~~~~~~~~~~~~~~~~~~~~~~~~~~~~~~~~~~~~~~\x1b[m\x1b[K\n'}
[5.198099] (pico_kinova) StderrLine: {'line': b'In file included from \x1b[01m\x1b[K/home/rpp/Desktop/pico_kinova/pico_kinova/src/pico_kinova.cpp:42\x1b[m\x1b[K:\n'}
[5.198137] (pico_kinova) StderrLine: {'line': b'\x1b[01m\x1b[K/home/rpp/Desktop/pico_kinova/pico_kinova/matplotlib/matplotlibcpp.h:1810:6:\x1b[m\x1b[K \x1b[01;36m\x1b[Knote: \x1b[m\x1b[Kcandidate: \xe2\x80\x98\x1b[01m\x1b[Ktemplate<class Numeric> bool matplotlibcpp::plot(const std::vector<BufferT>&, const string&)\x1b[m\x1b[K\xe2\x80\x99\n'}
[5.198175] (pico_kinova) StderrLine: {'line': b' 1810 | bool \x1b[01;36m\x1b[Kplot\x1b[m\x1b[K(const std::vector<Numeric>& y, const std::string& format = "")\n'}
[5.198212] (pico_kinova) StderrLine: {'line': b'      |      \x1b[01;36m\x1b[K^~~~\x1b[m\x1b[K\n'}
[5.198248] (pico_kinova) StderrLine: {'line': b'\x1b[01m\x1b[K/home/rpp/Desktop/pico_kinova/pico_kinova/matplotlib/matplotlibcpp.h:1810:6:\x1b[m\x1b[K \x1b[01;36m\x1b[Knote: \x1b[m\x1b[K  template argument deduction/substitution failed:\n'}
[5.198286] (pico_kinova) StderrLine: {'line': b'\x1b[01m\x1b[K/home/rpp/Desktop/pico_kinova/pico_kinova/src/pico_kinova.cpp:319:22:\x1b[m\x1b[K \x1b[01;36m\x1b[Knote: \x1b[m\x1b[K  candidate expects 2 arguments, 4 provided\n'}
[5.198323] (pico_kinova) StderrLine: {'line': b'  319 |             \x1b[01;36m\x1b[Kplt::plot(right_data, right_data_y, "g--", {{"label", "right_y"}})\x1b[m\x1b[K;\n'}
[5.198359] (pico_kinova) StderrLine: {'line': b'      |             \x1b[01;36m\x1b[K~~~~~~~~~^~~~~~~~~~~~~~~~~~~~~~~~~~~~~~~~~~~~~~~~~~~~~~~~~~~~~~~~~\x1b[m\x1b[K\n'}
[5.198396] (pico_kinova) StderrLine: {'line': b'In file included from \x1b[01m\x1b[K/home/rpp/Desktop/pico_kinova/pico_kinova/src/pico_kinova.cpp:42\x1b[m\x1b[K:\n'}
[5.198432] (pico_kinova) StderrLine: {'line': b'\x1b[01m\x1b[K/home/rpp/Desktop/pico_kinova/pico_kinova/matplotlib/matplotlibcpp.h:1818:6:\x1b[m\x1b[K \x1b[01;36m\x1b[Knote: \x1b[m\x1b[Kcandidate: \xe2\x80\x98\x1b[01m\x1b[Ktemplate<class Numeric> bool matplotlibcpp::plot(const std::vector<BufferT>&, const std::map<std::__cxx11::basic_string<char>, std::__cxx11::basic_string<char> >&)\x1b[m\x1b[K\xe2\x80\x99\n'}
[5.198469] (pico_kinova) StderrLine: {'line': b' 1818 | bool \x1b[01;36m\x1b[Kplot\x1b[m\x1b[K(const std::vector<Numeric>& y, const std::map<std::string, std::string>& keywords)\n'}
[5.198505] (pico_kinova) StderrLine: {'line': b'      |      \x1b[01;36m\x1b[K^~~~\x1b[m\x1b[K\n'}
[5.198542] (pico_kinova) StderrLine: {'line': b'\x1b[01m\x1b[K/home/rpp/Desktop/pico_kinova/pico_kinova/matplotlib/matplotlibcpp.h:1818:6:\x1b[m\x1b[K \x1b[01;36m\x1b[Knote: \x1b[m\x1b[K  template argument deduction/substitution failed:\n'}
[5.198581] (pico_kinova) StderrLine: {'line': b'\x1b[01m\x1b[K/home/rpp/Desktop/pico_kinova/pico_kinova/src/pico_kinova.cpp:319:22:\x1b[m\x1b[K \x1b[01;36m\x1b[Knote: \x1b[m\x1b[K  candidate expects 2 arguments, 4 provided\n'}
[5.198618] (pico_kinova) StderrLine: {'line': b'  319 |             \x1b[01;36m\x1b[Kplt::plot(right_data, right_data_y, "g--", {{"label", "right_y"}})\x1b[m\x1b[K;\n'}
[5.198656] (pico_kinova) StderrLine: {'line': b'      |             \x1b[01;36m\x1b[K~~~~~~~~~^~~~~~~~~~~~~~~~~~~~~~~~~~~~~~~~~~~~~~~~~~~~~~~~~~~~~~~~~\x1b[m\x1b[K\n'}
[5.198693] (pico_kinova) StderrLine: {'line': b'In file included from \x1b[01m\x1b[K/home/rpp/Desktop/pico_kinova/pico_kinova/src/pico_kinova.cpp:42\x1b[m\x1b[K:\n'}
[5.198737] (pico_kinova) StderrLine: {'line': b'\x1b[01m\x1b[K/home/rpp/Desktop/pico_kinova/pico_kinova/matplotlib/matplotlibcpp.h:2860:6:\x1b[m\x1b[K \x1b[01;36m\x1b[Knote: \x1b[m\x1b[Kcandidate: \xe2\x80\x98\x1b[01m\x1b[Ktemplate<class ... Args> bool matplotlibcpp::plot()\x1b[m\x1b[K\xe2\x80\x99\n'}
[5.198785] (pico_kinova) StderrLine: {'line': b' 2860 | bool \x1b[01;36m\x1b[Kplot\x1b[m\x1b[K() { return true; }\n'}
[5.198823] (pico_kinova) StderrLine: {'line': b'      |      \x1b[01;36m\x1b[K^~~~\x1b[m\x1b[K\n'}
[5.198859] (pico_kinova) StderrLine: {'line': b'\x1b[01m\x1b[K/home/rpp/Desktop/pico_kinova/pico_kinova/matplotlib/matplotlibcpp.h:2860:6:\x1b[m\x1b[K \x1b[01;36m\x1b[Knote: \x1b[m\x1b[K  template argument deduction/substitution failed:\n'}
[5.198896] (pico_kinova) StderrLine: {'line': b'\x1b[01m\x1b[K/home/rpp/Desktop/pico_kinova/pico_kinova/src/pico_kinova.cpp:319:22:\x1b[m\x1b[K \x1b[01;36m\x1b[Knote: \x1b[m\x1b[K  candidate expects 0 arguments, 4 provided\n'}
[5.198932] (pico_kinova) StderrLine: {'line': b'  319 |             \x1b[01;36m\x1b[Kplt::plot(right_data, right_data_y, "g--", {{"label", "right_y"}})\x1b[m\x1b[K;\n'}
[5.198969] (pico_kinova) StderrLine: {'line': b'      |             \x1b[01;36m\x1b[K~~~~~~~~~^~~~~~~~~~~~~~~~~~~~~~~~~~~~~~~~~~~~~~~~~~~~~~~~~~~~~~~~~\x1b[m\x1b[K\n'}
[5.199009] (pico_kinova) StderrLine: {'line': b'In file included from \x1b[01m\x1b[K/home/rpp/Desktop/pico_kinova/pico_kinova/src/pico_kinova.cpp:42\x1b[m\x1b[K:\n'}
[5.199046] (pico_kinova) StderrLine: {'line': b'\x1b[01m\x1b[K/home/rpp/Desktop/pico_kinova/pico_kinova/matplotlib/matplotlibcpp.h:2863:6:\x1b[m\x1b[K \x1b[01;36m\x1b[Knote: \x1b[m\x1b[Kcandidate: \xe2\x80\x98\x1b[01m\x1b[Kbool matplotlibcpp::plot(const A&, const B&, const string&, Args ...) [with A = std::vector<double>; B = std::vector<double>; Args = {}; std::string = std::__cxx11::basic_string<char>]\x1b[m\x1b[K\xe2\x80\x99\n'}
[5.199084] (pico_kinova) StderrLine: {'line': b' 2863 | bool \x1b[01;36m\x1b[Kplot\x1b[m\x1b[K(const A& a, const B& b, const std::string& format, Args... args)\n'}
[5.199120] (pico_kinova) StderrLine: {'line': b'      |      \x1b[01;36m\x1b[K^~~~\x1b[m\x1b[K\n'}
[5.199157] (pico_kinova) StderrLine: {'line': b'\x1b[01m\x1b[K/home/rpp/Desktop/pico_kinova/pico_kinova/matplotlib/matplotlibcpp.h:2863:6:\x1b[m\x1b[K \x1b[01;36m\x1b[Knote: \x1b[m\x1b[K  candidate expects 3 arguments, 4 provided\n'}
[5.199193] (pico_kinova) StderrLine: {'line': b'\x1b[01m\x1b[K/home/rpp/Desktop/pico_kinova/pico_kinova/matplotlib/matplotlibcpp.h:2872:13:\x1b[m\x1b[K \x1b[01;36m\x1b[Knote: \x1b[m\x1b[Kcandidate: \xe2\x80\x98\x1b[01m\x1b[Kbool matplotlibcpp::plot(const std::vector<double>&, const std::vector<double>&, const string&)\x1b[m\x1b[K\xe2\x80\x99\n'}
[5.199236] (pico_kinova) StderrLine: {'line': b' 2872 | inline bool \x1b[01;36m\x1b[Kplot\x1b[m\x1b[K(const std::vector<double>& x, const std::vector<double>& y, const std::string& format = "") {\n'}
[5.199273] (pico_kinova) StderrLine: {'line': b'      |             \x1b[01;36m\x1b[K^~~~\x1b[m\x1b[K\n'}
[5.199310] (pico_kinova) StderrLine: {'line': b'\x1b[01m\x1b[K/home/rpp/Desktop/pico_kinova/pico_kinova/matplotlib/matplotlibcpp.h:2872:13:\x1b[m\x1b[K \x1b[01;36m\x1b[Knote: \x1b[m\x1b[K  candidate expects 3 arguments, 4 provided\n'}
[5.199346] (pico_kinova) StderrLine: {'line': b'\x1b[01m\x1b[K/home/rpp/Desktop/pico_kinova/pico_kinova/matplotlib/matplotlibcpp.h:2876:13:\x1b[m\x1b[K \x1b[01;36m\x1b[Knote: \x1b[m\x1b[Kcandidate: \xe2\x80\x98\x1b[01m\x1b[Kbool matplotlibcpp::plot(const std::vector<double>&, const string&)\x1b[m\x1b[K\xe2\x80\x99\n'}
[5.199384] (pico_kinova) StderrLine: {'line': b' 2876 | inline bool \x1b[01;36m\x1b[Kplot\x1b[m\x1b[K(const std::vector<double>& y, const std::string& format = "") {\n'}
[5.199422] (pico_kinova) StderrLine: {'line': b'      |             \x1b[01;36m\x1b[K^~~~\x1b[m\x1b[K\n'}
[5.199458] (pico_kinova) StderrLine: {'line': b'\x1b[01m\x1b[K/home/rpp/Desktop/pico_kinova/pico_kinova/matplotlib/matplotlibcpp.h:2876:13:\x1b[m\x1b[K \x1b[01;36m\x1b[Knote: \x1b[m\x1b[K  candidate expects 2 arguments, 4 provided\n'}
[5.199494] (pico_kinova) StderrLine: {'line': b'\x1b[01m\x1b[K/home/rpp/Desktop/pico_kinova/pico_kinova/matplotlib/matplotlibcpp.h:2880:13:\x1b[m\x1b[K \x1b[01;36m\x1b[Knote: \x1b[m\x1b[Kcandidate: \xe2\x80\x98\x1b[01m\x1b[Kbool matplotlibcpp::plot(const std::vector<double>&, const std::vector<double>&, const std::map<std::__cxx11::basic_string<char>, std::__cxx11::basic_string<char> >&)\x1b[m\x1b[K\xe2\x80\x99\n'}
[5.199532] (pico_kinova) StderrLine: {'line': b' 2880 | inline bool \x1b[01;36m\x1b[Kplot\x1b[m\x1b[K(const std::vector<double>& x, const std::vector<double>& y, const std::map<std::string, std::string>& keywords) {\n'}
[5.199568] (pico_kinova) StderrLine: {'line': b'      |             \x1b[01;36m\x1b[K^~~~\x1b[m\x1b[K\n'}
[5.199605] (pico_kinova) StderrLine: {'line': b'\x1b[01m\x1b[K/home/rpp/Desktop/pico_kinova/pico_kinova/matplotlib/matplotlibcpp.h:2880:13:\x1b[m\x1b[K \x1b[01;36m\x1b[Knote: \x1b[m\x1b[K  candidate expects 3 arguments, 4 provided\n'}
[5.199641] (pico_kinova) StderrLine: {'line': b'\x1b[01m\x1b[K/home/rpp/Desktop/pico_kinova/pico_kinova/src/pico_kinova.cpp:320:22:\x1b[m\x1b[K \x1b[01;31m\x1b[Kerror: \x1b[m\x1b[Kno matching function for call to \xe2\x80\x98\x1b[01m\x1b[Kplot(std::vector<double>&, std::vector<double>&, const char [4], <brace-enclosed initializer list>)\x1b[m\x1b[K\xe2\x80\x99\n'}
[5.199681] (pico_kinova) StderrLine: {'line': b'  320 |             \x1b[01;31m\x1b[Kplt::plot(right_data, right_data_z, "b--", {{"label", "right_z"}})\x1b[m\x1b[K;\n'}
[5.199718] (pico_kinova) StderrLine: {'line': b'      |             \x1b[01;31m\x1b[K~~~~~~~~~^~~~~~~~~~~~~~~~~~~~~~~~~~~~~~~~~~~~~~~~~~~~~~~~~~~~~~~~~\x1b[m\x1b[K\n'}
[5.199755] (pico_kinova) StderrLine: {'line': b'In file included from \x1b[01m\x1b[K/home/rpp/Desktop/pico_kinova/pico_kinova/src/pico_kinova.cpp:42\x1b[m\x1b[K:\n'}
[5.199791] (pico_kinova) StderrLine: {'line': b'\x1b[01m\x1b[K/home/rpp/Desktop/pico_kinova/pico_kinova/matplotlib/matplotlibcpp.h:442:6:\x1b[m\x1b[K \x1b[01;36m\x1b[Knote: \x1b[m\x1b[Kcandidate: \xe2\x80\x98\x1b[01m\x1b[Ktemplate<class Numeric> bool matplotlibcpp::plot(const std::vector<BufferT>&, const std::vector<BufferT>&, const std::map<std::__cxx11::basic_string<char>, std::__cxx11::basic_string<char> >&)\x1b[m\x1b[K\xe2\x80\x99\n'}
[5.199827] (pico_kinova) StderrLine: {'line': b'  442 | bool \x1b[01;36m\x1b[Kplot\x1b[m\x1b[K(const std::vector<Numeric> &x, const std::vector<Numeric> &y, const std::map<std::string, std::string>& keywords)\n'}
[5.199864] (pico_kinova) StderrLine: {'line': b'      |      \x1b[01;36m\x1b[K^~~~\x1b[m\x1b[K\n'}
[5.199901] (pico_kinova) StderrLine: {'line': b'\x1b[01m\x1b[K/home/rpp/Desktop/pico_kinova/pico_kinova/matplotlib/matplotlibcpp.h:442:6:\x1b[m\x1b[K \x1b[01;36m\x1b[Knote: \x1b[m\x1b[K  template argument deduction/substitution failed:\n'}
[5.199938] (pico_kinova) StderrLine: {'line': b'\x1b[01m\x1b[K/home/rpp/Desktop/pico_kinova/pico_kinova/src/pico_kinova.cpp:320:22:\x1b[m\x1b[K \x1b[01;36m\x1b[Knote: \x1b[m\x1b[K  candidate expects 3 arguments, 4 provided\n'}
[5.199975] (pico_kinova) StderrLine: {'line': b'  320 |             \x1b[01;36m\x1b[Kplt::plot(right_data, right_data_z, "b--", {{"label", "right_z"}})\x1b[m\x1b[K;\n'}
[5.200012] (pico_kinova) StderrLine: {'line': b'      |             \x1b[01;36m\x1b[K~~~~~~~~~^~~~~~~~~~~~~~~~~~~~~~~~~~~~~~~~~~~~~~~~~~~~~~~~~~~~~~~~~\x1b[m\x1b[K\n'}
[5.200050] (pico_kinova) StderrLine: {'line': b'In file included from \x1b[01m\x1b[K/home/rpp/Desktop/pico_kinova/pico_kinova/src/pico_kinova.cpp:42\x1b[m\x1b[K:\n'}
[5.200086] (pico_kinova) StderrLine: {'line': b'\x1b[01m\x1b[K/home/rpp/Desktop/pico_kinova/pico_kinova/matplotlib/matplotlibcpp.h:1358:6:\x1b[m\x1b[K \x1b[01;36m\x1b[Knote: \x1b[m\x1b[Kcandidate: \xe2\x80\x98\x1b[01m\x1b[Ktemplate<class NumericX, class NumericY> bool matplotlibcpp::plot(const std::vector<BufferT>&, const std::vector<_ValT>&, const string&)\x1b[m\x1b[K\xe2\x80\x99\n'}
[5.200123] (pico_kinova) StderrLine: {'line': b' 1358 | bool \x1b[01;36m\x1b[Kplot\x1b[m\x1b[K(const std::vector<NumericX>& x, const std::vector<NumericY>& y, const std::string& s = "")\n'}
[5.200160] (pico_kinova) StderrLine: {'line': b'      |      \x1b[01;36m\x1b[K^~~~\x1b[m\x1b[K\n'}
[5.200196] (pico_kinova) StderrLine: {'line': b'\x1b[01m\x1b[K/home/rpp/Desktop/pico_kinova/pico_kinova/matplotlib/matplotlibcpp.h:1358:6:\x1b[m\x1b[K \x1b[01;36m\x1b[Knote: \x1b[m\x1b[K  template argument deduction/substitution failed:\n'}
[5.200235] (pico_kinova) StderrLine: {'line': b'\x1b[01m\x1b[K/home/rpp/Desktop/pico_kinova/pico_kinova/src/pico_kinova.cpp:320:22:\x1b[m\x1b[K \x1b[01;36m\x1b[Knote: \x1b[m\x1b[K  candidate expects 3 arguments, 4 provided\n'}
[5.200273] (pico_kinova) StderrLine: {'line': b'  320 |             \x1b[01;36m\x1b[Kplt::plot(right_data, right_data_z, "b--", {{"label", "right_z"}})\x1b[m\x1b[K;\n'}
[5.200312] (pico_kinova) StderrLine: {'line': b'      |             \x1b[01;36m\x1b[K~~~~~~~~~^~~~~~~~~~~~~~~~~~~~~~~~~~~~~~~~~~~~~~~~~~~~~~~~~~~~~~~~~\x1b[m\x1b[K\n'}
[5.200349] (pico_kinova) StderrLine: {'line': b'In file included from \x1b[01m\x1b[K/home/rpp/Desktop/pico_kinova/pico_kinova/src/pico_kinova.cpp:42\x1b[m\x1b[K:\n'}
[5.200385] (pico_kinova) StderrLine: {'line': b'\x1b[01m\x1b[K/home/rpp/Desktop/pico_kinova/pico_kinova/matplotlib/matplotlibcpp.h:1810:6:\x1b[m\x1b[K \x1b[01;36m\x1b[Knote: \x1b[m\x1b[Kcandidate: \xe2\x80\x98\x1b[01m\x1b[Ktemplate<class Numeric> bool matplotlibcpp::plot(const std::vector<BufferT>&, const string&)\x1b[m\x1b[K\xe2\x80\x99\n'}
[5.200422] (pico_kinova) StderrLine: {'line': b' 1810 | bool \x1b[01;36m\x1b[Kplot\x1b[m\x1b[K(const std::vector<Numeric>& y, const std::string& format = "")\n'}
[5.200458] (pico_kinova) StderrLine: {'line': b'      |      \x1b[01;36m\x1b[K^~~~\x1b[m\x1b[K\n'}
[5.200494] (pico_kinova) StderrLine: {'line': b'\x1b[01m\x1b[K/home/rpp/Desktop/pico_kinova/pico_kinova/matplotlib/matplotlibcpp.h:1810:6:\x1b[m\x1b[K \x1b[01;36m\x1b[Knote: \x1b[m\x1b[K  template argument deduction/substitution failed:\n'}
[5.200532] (pico_kinova) StderrLine: {'line': b'\x1b[01m\x1b[K/home/rpp/Desktop/pico_kinova/pico_kinova/src/pico_kinova.cpp:320:22:\x1b[m\x1b[K \x1b[01;36m\x1b[Knote: \x1b[m\x1b[K  candidate expects 2 arguments, 4 provided\n'}
[5.200568] (pico_kinova) StderrLine: {'line': b'  320 |             \x1b[01;36m\x1b[Kplt::plot(right_data, right_data_z, "b--", {{"label", "right_z"}})\x1b[m\x1b[K;\n'}
[5.200604] (pico_kinova) StderrLine: {'line': b'      |             \x1b[01;36m\x1b[K~~~~~~~~~^~~~~~~~~~~~~~~~~~~~~~~~~~~~~~~~~~~~~~~~~~~~~~~~~~~~~~~~~\x1b[m\x1b[K\n'}
[5.200639] (pico_kinova) StderrLine: {'line': b'In file included from \x1b[01m\x1b[K/home/rpp/Desktop/pico_kinova/pico_kinova/src/pico_kinova.cpp:42\x1b[m\x1b[K:\n'}
[5.200680] (pico_kinova) StderrLine: {'line': b'\x1b[01m\x1b[K/home/rpp/Desktop/pico_kinova/pico_kinova/matplotlib/matplotlibcpp.h:1818:6:\x1b[m\x1b[K \x1b[01;36m\x1b[Knote: \x1b[m\x1b[Kcandidate: \xe2\x80\x98\x1b[01m\x1b[Ktemplate<class Numeric> bool matplotlibcpp::plot(const std::vector<BufferT>&, const std::map<std::__cxx11::basic_string<char>, std::__cxx11::basic_string<char> >&)\x1b[m\x1b[K\xe2\x80\x99\n'}
[5.200719] (pico_kinova) StderrLine: {'line': b' 1818 | bool \x1b[01;36m\x1b[Kplot\x1b[m\x1b[K(const std::vector<Numeric>& y, const std::map<std::string, std::string>& keywords)\n'}
[5.200758] (pico_kinova) StderrLine: {'line': b'      |      \x1b[01;36m\x1b[K^~~~\x1b[m\x1b[K\n'}
[5.200794] (pico_kinova) StderrLine: {'line': b'\x1b[01m\x1b[K/home/rpp/Desktop/pico_kinova/pico_kinova/matplotlib/matplotlibcpp.h:1818:6:\x1b[m\x1b[K \x1b[01;36m\x1b[Knote: \x1b[m\x1b[K  template argument deduction/substitution failed:\n'}
[5.200846] (pico_kinova) StderrLine: {'line': b'\x1b[01m\x1b[K/home/rpp/Desktop/pico_kinova/pico_kinova/src/pico_kinova.cpp:320:22:\x1b[m\x1b[K \x1b[01;36m\x1b[Knote: \x1b[m\x1b[K  candidate expects 2 arguments, 4 provided\n'}
[5.200884] (pico_kinova) StderrLine: {'line': b'  320 |             \x1b[01;36m\x1b[Kplt::plot(right_data, right_data_z, "b--", {{"label", "right_z"}})\x1b[m\x1b[K;\n'}
[5.200919] (pico_kinova) StderrLine: {'line': b'      |             \x1b[01;36m\x1b[K~~~~~~~~~^~~~~~~~~~~~~~~~~~~~~~~~~~~~~~~~~~~~~~~~~~~~~~~~~~~~~~~~~\x1b[m\x1b[K\n'}
[5.200955] (pico_kinova) StderrLine: {'line': b'In file included from \x1b[01m\x1b[K/home/rpp/Desktop/pico_kinova/pico_kinova/src/pico_kinova.cpp:42\x1b[m\x1b[K:\n'}
[5.200991] (pico_kinova) StderrLine: {'line': b'\x1b[01m\x1b[K/home/rpp/Desktop/pico_kinova/pico_kinova/matplotlib/matplotlibcpp.h:2860:6:\x1b[m\x1b[K \x1b[01;36m\x1b[Knote: \x1b[m\x1b[Kcandidate: \xe2\x80\x98\x1b[01m\x1b[Ktemplate<class ... Args> bool matplotlibcpp::plot()\x1b[m\x1b[K\xe2\x80\x99\n'}
[5.201027] (pico_kinova) StderrLine: {'line': b' 2860 | bool \x1b[01;36m\x1b[Kplot\x1b[m\x1b[K() { return true; }\n'}
[5.201063] (pico_kinova) StderrLine: {'line': b'      |      \x1b[01;36m\x1b[K^~~~\x1b[m\x1b[K\n'}
[5.201099] (pico_kinova) StderrLine: {'line': b'\x1b[01m\x1b[K/home/rpp/Desktop/pico_kinova/pico_kinova/matplotlib/matplotlibcpp.h:2860:6:\x1b[m\x1b[K \x1b[01;36m\x1b[Knote: \x1b[m\x1b[K  template argument deduction/substitution failed:\n'}
[5.201136] (pico_kinova) StderrLine: {'line': b'\x1b[01m\x1b[K/home/rpp/Desktop/pico_kinova/pico_kinova/src/pico_kinova.cpp:320:22:\x1b[m\x1b[K \x1b[01;36m\x1b[Knote: \x1b[m\x1b[K  candidate expects 0 arguments, 4 provided\n'}
[5.201172] (pico_kinova) StderrLine: {'line': b'  320 |             \x1b[01;36m\x1b[Kplt::plot(right_data, right_data_z, "b--", {{"label", "right_z"}})\x1b[m\x1b[K;\n'}
[5.201208] (pico_kinova) StderrLine: {'line': b'      |             \x1b[01;36m\x1b[K~~~~~~~~~^~~~~~~~~~~~~~~~~~~~~~~~~~~~~~~~~~~~~~~~~~~~~~~~~~~~~~~~~\x1b[m\x1b[K\n'}
[5.201244] (pico_kinova) StderrLine: {'line': b'In file included from \x1b[01m\x1b[K/home/rpp/Desktop/pico_kinova/pico_kinova/src/pico_kinova.cpp:42\x1b[m\x1b[K:\n'}
[5.201281] (pico_kinova) StderrLine: {'line': b'\x1b[01m\x1b[K/home/rpp/Desktop/pico_kinova/pico_kinova/matplotlib/matplotlibcpp.h:2863:6:\x1b[m\x1b[K \x1b[01;36m\x1b[Knote: \x1b[m\x1b[Kcandidate: \xe2\x80\x98\x1b[01m\x1b[Kbool matplotlibcpp::plot(const A&, const B&, const string&, Args ...) [with A = std::vector<double>; B = std::vector<double>; Args = {}; std::string = std::__cxx11::basic_string<char>]\x1b[m\x1b[K\xe2\x80\x99\n'}
[5.201321] (pico_kinova) StderrLine: {'line': b' 2863 | bool \x1b[01;36m\x1b[Kplot\x1b[m\x1b[K(const A& a, const B& b, const std::string& format, Args... args)\n'}
[5.201358] (pico_kinova) StderrLine: {'line': b'      |      \x1b[01;36m\x1b[K^~~~\x1b[m\x1b[K\n'}
[5.201395] (pico_kinova) StderrLine: {'line': b'\x1b[01m\x1b[K/home/rpp/Desktop/pico_kinova/pico_kinova/matplotlib/matplotlibcpp.h:2863:6:\x1b[m\x1b[K \x1b[01;36m\x1b[Knote: \x1b[m\x1b[K  candidate expects 3 arguments, 4 provided\n'}
[5.201431] (pico_kinova) StderrLine: {'line': b'\x1b[01m\x1b[K/home/rpp/Desktop/pico_kinova/pico_kinova/matplotlib/matplotlibcpp.h:2872:13:\x1b[m\x1b[K \x1b[01;36m\x1b[Knote: \x1b[m\x1b[Kcandidate: \xe2\x80\x98\x1b[01m\x1b[Kbool matplotlibcpp::plot(const std::vector<double>&, const std::vector<double>&, const string&)\x1b[m\x1b[K\xe2\x80\x99\n'}
[5.201470] (pico_kinova) StderrLine: {'line': b' 2872 | inline bool \x1b[01;36m\x1b[Kplot\x1b[m\x1b[K(const std::vector<double>& x, const std::vector<double>& y, const std::string& format = "") {\n'}
[5.201507] (pico_kinova) StderrLine: {'line': b'      |             \x1b[01;36m\x1b[K^~~~\x1b[m\x1b[K\n'}
[5.201546] (pico_kinova) StderrLine: {'line': b'\x1b[01m\x1b[K/home/rpp/Desktop/pico_kinova/pico_kinova/matplotlib/matplotlibcpp.h:2872:13:\x1b[m\x1b[K \x1b[01;36m\x1b[Knote: \x1b[m\x1b[K  candidate expects 3 arguments, 4 provided\n'}
[5.201584] (pico_kinova) StderrLine: {'line': b'\x1b[01m\x1b[K/home/rpp/Desktop/pico_kinova/pico_kinova/matplotlib/matplotlibcpp.h:2876:13:\x1b[m\x1b[K \x1b[01;36m\x1b[Knote: \x1b[m\x1b[Kcandidate: \xe2\x80\x98\x1b[01m\x1b[Kbool matplotlibcpp::plot(const std::vector<double>&, const string&)\x1b[m\x1b[K\xe2\x80\x99\n'}
[5.201621] (pico_kinova) StderrLine: {'line': b' 2876 | inline bool \x1b[01;36m\x1b[Kplot\x1b[m\x1b[K(const std::vector<double>& y, const std::string& format = "") {\n'}
[5.201664] (pico_kinova) StderrLine: {'line': b'      |             \x1b[01;36m\x1b[K^~~~\x1b[m\x1b[K\n'}
[5.201700] (pico_kinova) StderrLine: {'line': b'\x1b[01m\x1b[K/home/rpp/Desktop/pico_kinova/pico_kinova/matplotlib/matplotlibcpp.h:2876:13:\x1b[m\x1b[K \x1b[01;36m\x1b[Knote: \x1b[m\x1b[K  candidate expects 2 arguments, 4 provided\n'}
[5.201737] (pico_kinova) StderrLine: {'line': b'\x1b[01m\x1b[K/home/rpp/Desktop/pico_kinova/pico_kinova/matplotlib/matplotlibcpp.h:2880:13:\x1b[m\x1b[K \x1b[01;36m\x1b[Knote: \x1b[m\x1b[Kcandidate: \xe2\x80\x98\x1b[01m\x1b[Kbool matplotlibcpp::plot(const std::vector<double>&, const std::vector<double>&, const std::map<std::__cxx11::basic_string<char>, std::__cxx11::basic_string<char> >&)\x1b[m\x1b[K\xe2\x80\x99\n'}
[5.201776] (pico_kinova) StderrLine: {'line': b' 2880 | inline bool \x1b[01;36m\x1b[Kplot\x1b[m\x1b[K(const std::vector<double>& x, const std::vector<double>& y, const std::map<std::string, std::string>& keywords) {\n'}
[5.201816] (pico_kinova) StderrLine: {'line': b'      |             \x1b[01;36m\x1b[K^~~~\x1b[m\x1b[K\n'}
[5.201855] (pico_kinova) StderrLine: {'line': b'\x1b[01m\x1b[K/home/rpp/Desktop/pico_kinova/pico_kinova/matplotlib/matplotlibcpp.h:2880:13:\x1b[m\x1b[K \x1b[01;36m\x1b[Knote: \x1b[m\x1b[K  candidate expects 3 arguments, 4 provided\n'}
[5.203250] (pico_kinova) StderrLine: {'line': b'\x1b[01m\x1b[K/home/rpp/Desktop/pico_kinova/pico_kinova/src/pico_kinova.cpp:\x1b[m\x1b[K In function \xe2\x80\x98\x1b[01m\x1b[Kvoid OnPXREAClientCallback(void*, PXREAClientCallbackType, int, void*)\x1b[m\x1b[K\xe2\x80\x99:\n'}
[5.203297] (pico_kinova) StderrLine: {'line': b'\x1b[01m\x1b[K/home/rpp/Desktop/pico_kinova/pico_kinova/src/pico_kinova.cpp:543:12:\x1b[m\x1b[K \x1b[01;35m\x1b[Kwarning: \x1b[m\x1b[Kenumeration value \xe2\x80\x98\x1b[01m\x1b[KPXREAFullMask\x1b[m\x1b[K\xe2\x80\x99 not handled in switch [\x1b[01;35m\x1b[K\x1b]8;;https://gcc.gnu.org/onlinedocs/gcc/Warning-Options.html#index-Wswitch\x07-Wswitch\x1b]8;;\x07\x1b[m\x1b[K]\n'}
[5.203339] (pico_kinova) StderrLine: {'line': b'  543 |     switch \x1b[01;35m\x1b[K(\x1b[m\x1b[Ktype)\n'}
[5.203377] (pico_kinova) StderrLine: {'line': b'      |            \x1b[01;35m\x1b[K^\x1b[m\x1b[K\n'}
[5.203497] (pico_kinova) StderrLine: {'line': b'\x1b[01m\x1b[K/home/rpp/Desktop/pico_kinova/pico_kinova/src/pico_kinova.cpp:541:34:\x1b[m\x1b[K \x1b[01;35m\x1b[Kwarning: \x1b[m\x1b[Kunused parameter \xe2\x80\x98\x1b[01m\x1b[Kcontext\x1b[m\x1b[K\xe2\x80\x99 [\x1b[01;35m\x1b[K\x1b]8;;https://gcc.gnu.org/onlinedocs/gcc/Warning-Options.html#index-Wunused-parameter\x07-Wunused-parameter\x1b]8;;\x07\x1b[m\x1b[K]\n'}
[5.203542] (pico_kinova) StderrLine: {'line': b'  541 | void OnPXREAClientCallback(\x1b[01;35m\x1b[Kvoid* context\x1b[m\x1b[K, PXREAClientCallbackType type, int status, void* userData)\n'}
[5.203580] (pico_kinova) StderrLine: {'line': b'      |                            \x1b[01;35m\x1b[K~~~~~~^~~~~~~\x1b[m\x1b[K\n'}
[5.213029] (-) TimerEvent: {}
[5.313256] (-) TimerEvent: {}
[5.413509] (-) TimerEvent: {}
[5.513688] (-) TimerEvent: {}
[5.613941] (-) TimerEvent: {}
[5.714181] (-) TimerEvent: {}
[5.814402] (-) TimerEvent: {}
[5.914653] (-) TimerEvent: {}
[6.014885] (-) TimerEvent: {}
[6.115138] (-) TimerEvent: {}
[6.215397] (-) TimerEvent: {}
[6.315669] (-) TimerEvent: {}
[6.415906] (-) TimerEvent: {}
[6.516129] (-) TimerEvent: {}
[6.616379] (-) TimerEvent: {}
[6.716610] (-) TimerEvent: {}
[6.816841] (-) TimerEvent: {}
[6.917093] (-) TimerEvent: {}
[7.017340] (-) TimerEvent: {}
[7.117588] (-) TimerEvent: {}
[7.217822] (-) TimerEvent: {}
[7.318057] (-) TimerEvent: {}
[7.418299] (-) TimerEvent: {}
[7.518560] (-) TimerEvent: {}
[7.618851] (-) TimerEvent: {}
[7.719091] (-) TimerEvent: {}
[7.814602] (pico_kinova) StderrLine: {'line': b'gmake[2]: *** [CMakeFiles/pico_kinova.dir/build.make:76\xef\xbc\x9aCMakeFiles/pico_kinova.dir/src/pico_kinova.cpp.o] \xe9\x94\x99\xe8\xaf\xaf 1\n'}
[7.814933] (pico_kinova) StderrLine: {'line': b'gmake[1]: *** [CMakeFiles/Makefile2:180\xef\xbc\x9aCMakeFiles/pico_kinova.dir/all] \xe9\x94\x99\xe8\xaf\xaf 2\n'}
[7.815164] (pico_kinova) StderrLine: {'line': b'gmake: *** [Makefile:146\xef\xbc\x9aall] \xe9\x94\x99\xe8\xaf\xaf 2\n'}
[7.817532] (pico_kinova) CommandEnded: {'returncode': 2}
[7.819239] (-) TimerEvent: {}
[7.827184] (pico_kinova) JobEnded: {'identifier': 'pico_kinova', 'rc': 2}
[7.837689] (-) EventReactorShutdown: {}
